Flags_data,ID,Lat,Lon,Diam_km,Age
CE1,1,-8.50337,-66.811,19.98752996,2
CE1,2,-7.4087,8.20964,19.98687569,5
CE1,3,64.3405,67.7286,19.98574376,5
CE1,4,-32.5173,34.8202,19.98545965,2
CE1,5,21.5865,80.9997,19.98487702,2
CE1,6,-43.7628,-161.503,19.97986841,3
CE1,7,-22.2368,-147.334,19.97490114,2
CE1,8,22.5415,125.033,19.97183016,5
CE1,9,6.313,97.6414,19.96589618,2
CE1,10,-6.43375,-151.573,19.9640664,5
CE1,11,18.4669,167.211,19.96340405,5
CE1,12,-10.2261,84.1898,19.96175104,2
CE1,13,61.0866,-104.634,19.96120934,2
CE1,14,-51.2853,39.0235,19.95697708,3
CE1,15,52.8934,114.256,19.95368283,4
CE1,16,-50.8355,137.763,19.94602058,2
CE1,17,-53.8455,-85.823,19.94431439,5
CE1,18,7.96887,154.697,19.93462881,5
CE1,19,40.2336,101.614,19.93379646,3
CE1,20,-50.1436,-147.141,19.93267937,2
CE1,21,16.7605,78.2263,19.93225102,3
CE1,22,36.5241,82.7665,19.92926004,2
CE1,23,31.0326,84.351,19.92073171,5
CE1,24,-50.0138,-171.144,19.91677331,2
CE1,25,39.7192,149.871,19.90557292,5
CE1,26,-22.3314,15.8089,19.90216572,2
CE1,27,-51.697,82.5375,19.89366555,3
CE1,28,7.93639,-172.264,19.8928453,5
CE1,29,-0.039676,174.547,19.89066806,5
CE1,30,19.6013,-117.209,19.88341337,2
CE1,31,-2.11796,80.976,19.88191495,2
CE1,32,-6.90749,82.1842,19.88014265,4
CE1,33,21.1351,161.45,19.87487359,5
CE1,34,10.5131,109.953,19.87057958,2
CE1,35,-26.2325,93.0424,19.87026733,2
CE1,36,-48.145,174.757,19.86867727,2
CE1,37,-43.1584,-17.258,19.86782791,4
CE1,38,-53.9839,-69.654,19.86479098,2
CE1,39,-53.5301,27.8851,19.86203984,3
CE1,40,-18.4602,-135.401,19.85872955,2
CE1,41,-56.1897,27.8848,19.84998707,3
CE1,42,5.92381,-81.605,19.84923142,2
CE1,43,6.05847,-170.798,19.84757412,2
CE1,44,-12.1017,-133.196,19.83410377,2
CE1,45,-44.0278,-156.945,19.83367345,2
CE1,46,-46.84,167.201,19.83350558,5
CE1,47,-11.0763,108.88,19.82942047,1
CE1,48,13.8671,107.102,19.81082092,2
CE1,49,-29.1672,157.38,19.80906527,5
CE1,50,48.7691,98.7523,19.80391191,5
CE1,51,-23.0442,27.9862,19.79423022,5
CE1,52,-17.9659,-73.33,19.78768567,2
CE1,53,-19.0371,12.9054,19.78710948,2
CE1,54,-40.9406,-13.213,19.78417505,2
CE1,55,26.0558,165.704,19.7811088,5
CE1,56,-32.242,-124.161,19.77358445,2
CE1,57,18.0922,-119.61,19.76745229,2
CE1,58,16.3555,149.226,19.765902,5
CE1,59,-20.3991,115.822,19.7589047,1
CE1,60,1.78857,129.275,19.7567622,5
CE1,61,-51.4744,-141.112,19.75555568,2
CE1,62,-27.7354,-4.639,19.75491769,2
CE1,63,-47.7793,22.1398,19.74727348,2
CE1,64,-8.3981,124.952,19.74540351,2
CE1,65,-44.6899,1.83163,19.73438964,2
CE1,66,-50.8954,54.9543,19.72671397,5
CE1,67,-45.6193,-152.372,19.7260009,3
CE1,68,-33.3511,13.9092,19.7257142,2
CE1,69,-9.94468,139.473,19.72404184,2
CE1,70,-6.07732,-168.209,19.72176952,5
CE1,71,42.3391,101.263,19.72077384,4
CE1,72,-33.726,3.90098,19.71389619,4
CE1,73,-22.677,146.106,19.71180059,2
CE1,74,27.0347,-103.663,19.71088096,2
CE1,75,15.9497,-99.303,19.70956863,2
CE1,76,-33.3607,153.024,19.70676622,2
CE1,77,33.0094,151.973,19.70087701,3
CE1,78,-43.5738,44.8632,19.696658,3
CE1,79,1.94165,-157.671,19.69016475,5
CE1,80,-5.08368,-150.337,19.69003696,5
CE1,81,11.8384,-120.293,19.68364598,5
CE1,82,-13.2845,-136.04,19.67387818,2
CE1,83,14.0336,-166.365,19.67309049,5
CE1,84,19.4071,-90.94,19.67235266,2
CE1,85,-39.9053,101.53,19.67168733,3
CE1,86,-11.7759,166.556,19.66976701,2
CE1,87,-33.1807,97.1823,19.66962706,4
CE1,88,-48.5956,-156.447,19.66469879,3
CE1,89,30.0157,-165.908,19.66163234,2
CE1,90,25.6837,-103.225,19.66046595,2
CE1,91,-26.1586,31.803,19.65203217,2
CE1,92,-19.6132,112.738,19.65163521,1
CE1,93,38.1351,152.866,19.64896571,2
CE1,94,-14.4069,-84.211,19.64873065,5
CE1,95,40.3934,84.8097,19.64231196,2
CE1,96,-54.7896,-150.241,19.63819154,4
CE1,97,-62.7223,-76.678,19.61797642,2
CE1,98,-7.06601,126.658,19.61659644,2
CE1,99,26.7046,81.2943,19.60097071,3
CE1,100,18.314,120.189,19.60073108,2
CE1,101,-36.9494,-158.816,19.59507401,3
CE1,102,17.8425,-152.849,19.59359369,2
CE1,103,-51.3548,-30.431,19.57835795,3
CE1,104,-17.6784,110.936,19.57681916,2
CE1,105,-22.7074,110.458,19.57507,2
CE1,106,-47.7571,-160.943,19.57392066,2
CE1,107,16.9845,129.262,19.57060467,5
CE1,108,25.9422,-110.988,19.56737362,2
CE1,109,41.4932,163.942,19.56652716,2
CE1,110,18.235,160.943,19.56329637,5
CE1,111,32.3245,86.2327,19.55480014,2
CE1,112,-41.6235,112.242,19.55232456,2
CE1,113,15.3748,157.154,19.55207267,5
CE1,114,8.52951,-107.621,19.54514857,5
CE1,115,17.8765,114.637,19.54197926,5
CE1,116,-37.7851,-47.512,19.54101106,2
CE1,117,-38.9455,166.87,19.53809569,2
CE1,118,8.77837,65.2725,19.53481621,3
CE1,119,-57.5183,-88.439,19.5325102,5
CE1,120,-11.2684,-146.7,19.51822737,5
CE1,121,63.4185,39.6504,19.51588084,2
CE1,122,-36.1248,-124.746,19.51398481,2
CE1,123,-27.9496,22.3596,19.50828501,2
CE1,124,-24.1767,159.85,19.50775075,4
CE1,125,-30.8462,96.8433,19.49025032,2
CE1,126,-14.0592,145.502,19.48745706,2
CE1,127,43.3996,-164.15,19.48529832,2
CE1,128,-26.8658,-123.795,19.47942364,2
CE1,129,-35.3773,26.0794,19.47699521,2
CE1,130,-42.4562,19.4851,19.47486482,4
CE1,131,-17.5785,61.7872,19.47363283,3
CE1,132,3.78358,99.6438,19.46640336,2
CE1,133,56.572,-160.066,19.46328579,2
CE1,134,-35.75,-143.546,19.45971664,2
CE1,135,-48.3061,-113.964,19.4574577,2
CE1,136,-42.7026,-26.076,19.45692725,2
CE1,137,-36.3887,7.28623,19.44956844,2
CE1,138,55.2929,-130.58,19.44849515,2
CE1,139,-10.3017,-161.831,19.44755388,5
CE1,140,56.684,152.184,19.44320516,5
CE1,141,-38.7501,-36.406,19.4417304,2
CE1,142,-28.0495,100.308,19.43490885,2
CE1,143,-42.5843,69.4215,19.42968988,2
CE1,144,23.0476,177.674,19.42906883,5
CE1,145,13.195,116.046,19.42884803,5
CE1,146,-55.95,107.854,19.42380424,2
CE1,147,54.9908,136.564,19.42054031,3
CE1,148,16.7452,163.525,19.41427254,5
CE1,149,-5.76348,4.91518,19.4116106,2
CE1,150,-30.2583,150.185,19.40017387,5
CE1,151,-53.6399,24.1443,19.39307791,2
CE1,152,-37.4243,114.463,19.38913864,2
CE1,153,22.8624,-87.659,19.38087724,5
CE1,154,42.9234,-155.206,19.37955937,5
CE1,155,27.6719,-167.045,19.3777363,2
CE1,156,26.714,-112.473,19.37654083,2
CE1,157,-12.308,149.155,19.37603805,2
CE1,158,-26.1766,-124.171,19.37487528,2
CE1,159,-49.4166,18.4445,19.36574841,3
CE1,160,-22.2924,39.5058,19.36485807,3
CE1,161,-2.53439,69.3852,19.35957907,2
CE1,162,5.45022,76.5485,19.35557889,2
CE1,163,30.2509,-140.861,19.35482453,2
CE1,164,-24.1004,16.1179,19.35351755,3
CE1,165,7.3139,65.7799,19.34882594,3
CE1,166,48.6998,31.381,19.34825842,3
CE1,167,-12.7844,10.8501,19.34379966,2
CE1,168,-25.9867,-141.326,19.34047118,5
CE1,169,-27.9002,9.0032,19.34013784,2
CE1,170,-11.1746,10.0163,19.33288015,2
CE1,171,6.44118,145.561,19.32038554,5
CE1,172,15.1178,-100.551,19.31901331,5
CE1,173,-28.0755,-167.676,19.31627251,2
CE1,174,43.2044,114.573,19.31074174,2
CE1,175,19.2865,-119.243,19.30710834,5
CE1,176,36.8173,-81.846,19.30585444,2
CE1,177,48.4991,-161.516,19.30537481,2
CE1,178,13.9183,131.66,19.29310014,5
CE1,179,37.7092,-123.36,19.29133944,2
CE1,180,-2.51633,161.03,19.29106151,5
CE1,181,2.3493,-121.138,19.28412271,2
CE1,182,-35.0613,169.485,19.28242943,2
CE1,183,-52.7818,-154.553,19.27556491,2
CE1,184,14.8703,-137,19.27226148,2
CE1,185,22.0496,-95.947,19.2708374,3
CE1,186,9.21792,-148.815,19.2496924,2
CE1,187,-11.5219,92.4308,19.24641704,2
CE1,188,27.4236,47.029,19.24351398,5
CE1,189,29.7625,169.787,19.24250515,2
CE1,190,-17.9295,-94.269,19.24067496,3
CE1,191,-50.4583,173.496,19.24049511,2
CE1,192,-29.7412,9.14199,19.24042362,3
CE1,193,-16.7533,4.18346,19.23878618,2
CE1,194,-23.2282,-131.587,19.23727145,2
CE1,195,-24.8346,-173.525,19.23574969,3
CE1,196,51.3385,95.9189,19.23350662,2
CE1,197,-19.0711,-150.215,19.23174999,5
CE1,198,-22.9006,-141.776,19.22908807,2
CE1,199,-55.4078,22.7815,19.21851027,2
CE1,200,-2.9443,-70.686,19.21850726,2
CE1,201,-17.5799,-130.394,19.21770172,5
CE1,202,-59.1411,60.1122,19.21563778,2
CE1,203,-28.53,-62.902,19.21536057,2
CE1,204,-18.1738,-5.822,19.20783982,2
CE1,205,-28.7893,131.684,19.19455889,2
CE1,206,62.9123,28.762,19.19133573,2
CE1,207,-51.2782,57.3625,19.188608,1
CE1,208,13.1772,49.3438,19.18496767,5
CE1,209,0.725143,123.446,19.17901488,5
CE1,210,43.1859,116.82,19.161736,2
CE1,211,-2.53385,-177.057,19.15833751,5
CE1,212,34.906,176.71,19.15692445,5
CE1,213,-28.3895,-135.456,19.15472596,2
CE1,214,5.73716,59.5023,19.14958905,3
CE1,215,32.0128,145.012,19.14714678,5
CE1,216,-48.5589,131.327,19.14460546,2
CE1,217,-23.0377,-127.583,19.14386674,2
CE1,218,-33.4346,43.8536,19.13950712,2
CE1,219,-43.8553,-45.369,19.13538425,3
CE1,220,-4.37241,140.244,19.13183317,2
CE1,221,-21.8509,19.6199,19.13102777,2
CE1,222,-28.2244,156.529,19.12411451,5
CE1,223,15.3581,107.146,19.1187183,2
CE1,224,12.2701,-135.216,19.11849006,5
CE1,225,53.4318,-178.588,19.11547552,2
CE1,226,-41.7572,59.7705,19.11213093,2
CE1,227,-26.9747,-4.254,19.10858808,3
CE1,228,8.15765,-175.865,19.10838064,5
CE1,229,-36.9249,-136.479,19.09891556,5
CE1,230,-7.44314,-132.17,19.09200451,5
CE1,231,11.9002,-157.134,19.07928494,2
CE1,232,-54.4868,-152.55,19.07120357,2
CE1,233,15.7907,-81.014,19.06942872,2
CE1,234,-52.0288,-14.007,19.06823192,3
CE1,235,49.7496,-93.452,19.06446424,3
CE1,236,4.55315,-170.577,19.06161287,5
CE1,237,-52.0015,-178.482,19.06158399,2
CE1,238,-43.5285,-62.337,19.05487112,4
CE1,239,33.0601,-124.199,19.05201166,4
CE1,240,41.6808,70.7895,19.04908691,2
CE1,241,-54.456,113.858,19.04666917,5
CE1,242,-1.90368,-135.036,19.04518797,5
CE1,243,44.5051,130.728,19.04172407,2
CE1,244,-56.053,73.8026,19.03880942,2
CE1,245,-33.2948,64.1911,19.03046754,2
CE1,246,25.6562,156.164,19.02538264,5
CE1,247,-8.93679,102.317,19.02051444,2
CE1,248,-38.5958,-111.37,19.01859322,2
CE1,249,27.4511,146.658,19.0102418,3
CE1,250,-51.4005,7.75811,19.00891641,2
CE1,251,-54.2326,-134.188,19.00262865,2
CE1,252,18.3011,-141.42,18.99968811,5
CE1,253,-57.3915,115.763,18.99674338,2
CE1,254,-30.718,20.0148,18.98523806,2
CE1,255,-48.1782,13.4012,18.98390716,2
CE1,256,44.3688,87.6057,18.97948664,5
CE1,257,41.6621,56.506,18.97571348,3
CE1,258,-35.7461,-40.081,18.97372279,2
CE1,259,-15.6985,161.213,18.97180151,5
CE1,260,-53.2997,-144.962,18.96319272,2
CE1,261,52.8615,127.243,18.95374353,3
CE1,262,-32.4484,37.2504,18.95368875,2
CE1,263,59.1332,143.753,18.95185843,2
CE1,264,11.8516,-88.498,18.95130558,3
CE1,265,50.1676,151.246,18.94889598,2
CE1,266,-53.6212,-103.546,18.94864303,2
CE1,267,37.0798,153.546,18.94504037,2
CE1,268,60.0122,84.7836,18.94002486,2
CE1,269,40.9972,169.28,18.93509078,3
CE1,270,-57.7567,-112.719,18.93043596,2
CE1,271,-39.7531,-121.082,18.92913308,5
CE1,272,16.035,-131.641,18.92750179,5
CE1,273,22.3785,-84.579,18.9165568,3
CE1,274,16.1604,74.3101,18.91559081,5
CE1,275,15.5851,-171.376,18.91235096,5
CE1,276,-14.9583,-161.231,18.90964842,5
CE1,277,-46.4146,29.8243,18.90851567,2
CE1,278,-38.141,-171.595,18.90381631,2
CE1,279,-12.3714,9.89734,18.88744286,2
CE1,280,13.6513,-151.094,18.88358767,5
CE1,281,-34.5816,136.721,18.86894752,2
CE1,282,39.331,-129.652,18.86569799,2
CE1,283,8.11773,121.787,18.86402007,2
CE1,284,4.82514,-155.28,18.86085689,5
CE1,285,10.4769,119.172,18.85911528,5
CE1,286,19.0572,-154.596,18.85883291,2
CE1,287,1.74483,143.526,18.85592976,5
CE1,288,-59.0528,-68.963,18.84896562,2
CE1,289,41.6012,-147.025,18.84726289,5
CE1,290,50.9844,56.1788,18.83977696,2
CE1,291,28.7373,33.7319,18.82838161,2
CE1,292,42.1698,-132.606,18.82719342,2
CE1,293,-40.2691,-25.68,18.82287704,2
CE1,294,-12.2355,37.9706,18.81718886,3
CE1,295,-45.2265,91.0773,18.81444356,3
CE1,296,-6.44537,-63.29,18.81336765,3
CE1,297,-49.2353,-140.878,18.80721017,2
CE1,298,-21.569,140.536,18.80522209,2
CE1,299,-9.03576,-90.453,18.80473897,5
CE1,300,34.7559,-85.957,18.80466401,2
CE1,301,-14.798,74.8373,18.80203831,5
CE1,302,32.7987,130.754,18.80126025,2
CE1,303,53.3519,177.799,18.79603879,2
CE1,304,-32.022,2.84435,18.79461057,2
CE1,305,22.9773,39.5278,18.78590936,2
CE1,306,-23.9972,124.325,18.78367728,2
CE1,307,36.8834,-132.624,18.77565904,2
CE1,308,24.6927,-115.507,18.77304761,5
CE1,309,2.72634,73.5695,18.77245882,4
CE1,310,5.66564,96.9123,18.76934847,5
CE1,311,-32.0943,140.513,18.76621185,2
CE1,312,20.9189,-170.588,18.75964452,5
CE1,313,-52.7978,25.2401,18.75855986,2
CE1,314,46.5523,-127.104,18.74989713,3
CE1,315,41.1541,-170.421,18.74434362,2
CE1,316,-36.6897,-155.6,18.74236275,2
CE1,317,51.5631,-112.951,18.73261222,2
CE1,318,6.11822,-153.356,18.7325682,5
CE1,319,8.26212,168.626,18.73091208,5
CE1,320,-39.1291,67.9172,18.72861644,2
CE1,321,-22.2047,-137.059,18.72573662,2
CE1,322,-33.384,35.5683,18.725489,2
CE1,323,-23.9965,-121.888,18.7123697,5
CE1,324,-39.942,68.9696,18.70898049,2
CE1,325,36.185,-149.497,18.70791854,3
CE1,326,-25.1164,160.474,18.70734329,2
CE1,327,-45.4322,28.5775,18.70388767,2
CE1,328,16.5133,76.1859,18.69693086,2
CE1,329,17.1973,-156.092,18.69083016,2
CE1,330,-29.7564,-144.654,18.68929048,2
CE1,331,-49.5831,-113.391,18.68045463,2
CE1,332,48.5764,-85.034,18.67985982,2
CE1,333,11.44,108.309,18.67032664,2
CE1,334,-18.7188,-155.603,18.66949856,5
CE1,335,-64.1394,46.8966,18.66251606,5
CE1,336,1.08439,-166.055,18.66178246,5
CE1,337,-36.8721,-122.127,18.66045127,5
CE1,338,-43.1593,-35.406,18.65923993,2
CE1,339,-17.5492,66.3406,18.65900187,3
CE1,340,-37.0644,55.8795,18.65656815,2
CE1,341,-52.1027,-129.222,18.65641028,2
CE1,342,-5.40862,-144.303,18.65607918,2
CE1,343,-48.1101,15.84,18.64823973,2
CE1,344,30.4087,109.095,18.64767881,5
CE1,345,40.6052,-155.392,18.6474061,2
CE1,346,-3.21777,170.796,18.64266876,5
CE1,347,-48.8833,-39.127,18.63577389,2
CE1,348,-13.079,-169.177,18.63111666,5
CE1,349,-22.0458,-167.351,18.62771161,2
CE1,350,27.4093,68.4667,18.6234479,3
CE1,351,-6.36586,167.581,18.62150691,5
CE1,352,-57.3239,47.0409,18.61945175,5
CE1,353,29.0511,-113.257,18.61772112,2
CE1,354,-0.284325,159.228,18.60771476,5
CE1,355,23.7845,-127.114,18.60634185,5
CE1,356,29.7468,114.287,18.60618743,5
CE1,357,33.3222,143.123,18.60578738,5
CE1,358,-49.8358,101.906,18.60564896,5
CE1,359,-43.3454,-147.684,18.60508686,2
CE1,360,-41.2684,120.484,18.60332542,2
CE1,361,42.5054,162.158,18.60306261,5
CE1,362,13.3713,175.149,18.60013222,5
CE1,363,34.5414,146.045,18.59836738,5
CE1,364,-34.4333,-60.216,18.59765862,2
CE1,365,52.2115,-169.131,18.59390812,5
CE1,366,1.12194,-159.479,18.59078851,5
CE1,367,48.1959,-140.115,18.58760566,2
CE1,368,-42.6615,1.11165,18.58273538,2
CE1,369,-28.3387,-22.752,18.5805206,4
CE1,370,-38.1318,-35.011,18.580484,3
CE1,371,33.1357,84.5875,18.57194713,2
CE1,372,-48.7094,-169.853,18.55635471,3
CE1,373,42.3915,80.0295,18.55630303,3
CE1,374,-37.3372,-141.662,18.55381461,3
CE1,375,11.5169,67.3051,18.54866775,4
CE1,376,-1.37074,-124.334,18.53821745,5
CE1,377,-14.6356,47.7897,18.53769194,2
CE1,378,-37.5185,77.8516,18.53754967,2
CE1,379,-32.2556,175.404,18.53717905,4
CE1,380,44.7184,-175.997,18.5358971,2
CE1,381,-46.8695,-159.958,18.53543115,3
CE1,382,36.9645,-112.904,18.53310896,2
CE1,383,-51.703,13.8143,18.51709954,2
CE1,384,-43.8567,5.7705,18.51401822,2
CE1,385,22.2464,140.996,18.50681599,5
CE1,386,-43.5266,-116.05,18.49486116,2
CE1,387,-16.1668,15.9839,18.49405398,3
CE1,388,-52.0929,-55.608,18.48837275,2
CE1,389,-6.55216,145.369,18.47785732,5
CE1,390,-17.5781,-161.838,18.47570146,5
CE1,391,-47.3973,26.0255,18.47349628,2
CE1,392,-11.6547,12.2105,18.47173589,2
CE1,393,61.8709,122.673,18.47134702,5
CE1,394,18.1674,-94.338,18.46732356,5
CE1,395,-48.1543,-17.434,18.46609824,3
CE1,396,10.5628,-138.449,18.4658553,5
CE1,397,63.3496,145.446,18.46285901,2
CE1,398,14.0886,-105.121,18.46281691,5
CE1,399,-52.4725,11.9445,18.4611464,2
CE1,400,-20.4543,-147.003,18.46038198,2
CE1,401,-5.60237,166.388,18.4561741,5
CE1,402,33.2959,126.488,18.44751894,2
CE1,403,-47.0179,-9.077,18.44173162,2
CE1,404,17.7666,79.0047,18.44041595,2
CE1,405,32.1726,-151.455,18.44010619,5
CE1,406,27.2718,-115.524,18.43885697,5
CE1,407,-55.1248,158.187,18.42836943,2
CE1,408,4.4305,-162.11,18.42172602,5
CE1,409,-35.4659,116.387,18.41053247,3
CE1,410,-31.1334,-19.23,18.4080372,3
CE1,411,-51.4905,70.1783,18.40642257,1
CE1,412,21.8911,-93.641,18.39631778,5
CE1,413,-40.3982,28.8883,18.39580394,2
CE1,414,-2.75452,-132.876,18.39430516,5
CE1,415,-2.19715,70.5548,18.39001681,2
CE1,416,-19.0825,98.9777,18.38042163,3
CE1,417,44.5184,139.314,18.37979917,2
CE1,418,3.48754,116.492,18.37939826,5
CE1,419,-12.1963,109.808,18.37906133,5
CE1,420,30.9433,-119.281,18.3712865,5
CE1,421,-11.4531,-144.493,18.37014507,5
CE1,422,37.0822,-91.582,18.36752194,3
CE1,423,-7.97865,-143.887,18.36643557,5
CE1,424,34.9065,-170.651,18.35594966,5
CE1,425,-35.288,52.37,18.34789019,2
CE1,426,-54.8371,19.2714,18.34237335,2
CE1,427,-2.20994,102.907,18.33710403,2
CE1,428,-9.76913,-71.149,18.33519432,5
CE1,429,26.3927,123.253,18.32996329,5
CE1,430,15.7967,-92.997,18.32922826,5
CE1,431,18.931,-89.067,18.32746603,5
CE1,432,-19.5646,85.9654,18.32212622,2
CE1,433,43.2316,110.836,18.32114546,2
CE1,434,-51.1118,90.5385,18.3204039,3
CE1,435,-40.5034,-73.653,18.31777024,2
CE1,436,-60.3405,-167.175,18.3172981,2
CE1,437,19.0376,-130.245,18.312384,5
CE1,438,-26.9557,32.2643,18.31050441,4
CE1,439,60.8844,165.81,18.30640595,1
CE1,440,-54.4096,-91.953,18.30521192,2
CE1,441,4.22471,59.2919,18.29935649,3
CE1,442,-51.5051,-135.73,18.29690207,2
CE1,443,47.4998,157.491,18.29373868,2
CE1,444,51.2316,-128.215,18.29205023,3
CE1,445,45.1063,155.188,18.29190597,2
CE1,446,-47.7176,25.2189,18.28369606,3
CE1,447,35.7911,164.258,18.27776608,2
CE1,448,-40.0823,-136.368,18.27674673,2
CE1,449,29.6348,81.9422,18.27273638,5
CE1,450,14.2761,-149.334,18.26486312,2
CE1,451,2.64359,-159.558,18.26425856,5
CE1,452,44.2073,119.615,18.26384467,5
CE1,453,-7.40878,111.994,18.26153211,5
CE1,454,5.24364,-25.437,18.25403196,3
CE1,455,55.808,47.1593,18.24403932,2
CE1,456,43.7518,109.731,18.24338683,2
CE1,457,-14.0141,153.436,18.23987882,5
CE1,458,41.2255,-139.679,18.23365181,5
CE1,459,-43.5782,26.7015,18.23321338,2
CE1,460,58.5746,96.5723,18.23156612,5
CE1,461,23.1839,-145.804,18.22261163,5
CE1,462,-22.3683,-8.587,18.22177239,5
CE1,463,11.9413,132.412,18.20354473,5
CE1,464,-5.46511,-177.443,18.20318848,5
CE1,465,-55.823,-136.833,18.20140239,2
CE1,466,8.57159,-122.324,18.20135218,5
CE1,467,28.3198,-116.779,18.19864653,5
CE1,468,14.9625,-113.514,18.19807404,5
CE1,469,10.815,-113.641,18.19375565,5
CE1,470,31.9806,-170.514,18.17873638,5
CE1,471,-47.0001,19.2113,18.17339027,2
CE1,472,-4.28149,34.0753,18.17101745,4
CE1,473,-31.3137,-159.838,18.16584794,2
CE1,474,-20.9813,-118.615,18.16327078,5
CE1,475,-10.6632,-127.504,18.16275097,2
CE1,476,28.4586,106.689,18.16065954,5
CE1,477,37.5614,131.296,18.15678832,2
CE1,478,-57.8908,141.687,18.15631639,5
CE1,479,62.629,-23.432,18.15608706,3
CE1,480,9.63345,44.2145,18.15353431,2
CE1,481,-31.2896,43.6626,18.15330732,2
CE1,482,-44.877,-134.865,18.15010716,3
CE1,483,43.1063,-91.055,18.14998732,2
CE1,484,-9.75924,18.6052,18.14891804,2
CE1,485,52.0281,85.8152,18.14876574,2
CE1,486,-36.1911,114.251,18.14101166,5
CE1,487,62.1549,132.093,18.13855327,3
CE1,488,49.7976,-128.49,18.13607003,3
CE1,489,-23.5108,133.804,18.13127409,2
CE1,490,-19.7194,-152.4,18.13107719,5
CE1,491,-21.2103,38.3597,18.12728599,3
CE1,492,10.0837,-120.191,18.12076424,5
CE1,493,8.78683,-178.188,18.12025463,5
CE1,494,-55.9484,47.0663,18.10730741,1
CE1,495,27.1218,167.297,18.10440957,5
CE1,496,9.34671,-127.326,18.10340697,5
CE1,497,50.2582,-168.134,18.09146995,2
CE1,498,-0.975251,16.4425,18.08474992,3
CE1,499,-30.8415,134.797,18.08274025,2
CE1,500,-45.8256,45.0507,18.08027776,3
CE1,501,-42.3002,58.7695,18.07918582,2
CE1,502,-57.6714,157.213,18.07439658,2
CE1,503,46.9878,127.488,18.06814714,5
CE1,504,-57.3433,-176.257,18.06565955,4
CE1,505,-37.8832,-19.579,18.06484818,2
CE1,506,-49.7417,151.574,18.06466166,5
CE1,507,-49.2398,20.9347,18.06232603,2
CE1,508,3.32417,76.4869,18.06053861,2
CE1,509,52.615,-104.132,18.05793127,2
CE1,510,55.3997,140.201,18.05431269,3
CE1,511,-44.3296,-107.104,18.05234267,2
CE1,512,-38.9087,-44.751,18.05080816,2
CE1,513,48.9419,-94.378,18.04993063,2
CE1,514,-56.2239,127.532,18.04547565,5
CE1,515,32.9128,-174.493,18.04435848,5
CE1,516,47.2285,-168.941,18.03910369,5
CE1,517,-41.1551,169.08,18.03858904,2
CE1,518,46.0428,51.1546,18.03645442,2
CE1,519,-35.4775,-39.056,18.03604813,2
CE1,520,-6.71768,-169.61,18.03346059,5
CE1,521,60.5335,141.495,18.03261299,2
CE1,522,-20.4661,67.5859,18.03085279,2
CE1,523,40.5662,72.6586,18.02232755,5
CE1,524,40.6417,163.218,18.01965642,5
CE1,525,-0.825143,-118.558,18.01957619,2
CE1,526,7.05902,130.561,18.01730691,5
CE1,527,-41.3879,121.514,18.01158561,2
CE1,528,-31.8055,-119.096,18.0107344,2
CE1,529,-18.5533,-115.244,18.01008081,2
CE1,530,-15.3361,-125.974,18.00716785,2
CE1,531,2.02145,-133.064,18.00483824,5
CE1,532,30.5631,-123.299,18.0019491,2
CE1,533,29.0573,88.496,17.99845993,5
CE1,534,23.5309,-120.974,17.9973918,5
CE1,535,-37.4752,-118.71,17.99726059,2
CE1,536,-3.34767,174.112,17.9969808,5
CE1,537,-64.5005,51.5404,17.99666699,5
CE1,538,5.55378,-156.731,17.99353788,5
CE1,539,45.433,175.18,17.9922793,2
CE1,540,-45.2696,-137.644,17.99175078,2
CE1,541,27.1248,133.748,17.98748024,5
CE1,542,22.7441,170.128,17.98712961,5
CE1,543,26.7793,128.834,17.98548085,5
CE1,544,5.83189,-175.727,17.98385193,5
CE1,545,-4.3375,0.228492,17.9780622,2
CE1,546,4.5698,20.0035,17.96893058,4
CE1,547,4.58738,99.343,17.96797977,2
CE1,548,62.8385,-84.675,17.96706933,5
CE1,549,4.55962,-127.746,17.96702125,5
CE1,550,-33.2001,50.6172,17.96534031,2
CE1,551,-41.416,-130.515,17.96078299,2
CE1,552,-51.0368,-65.291,17.96069783,5
CE1,553,56.1549,-138.793,17.95788585,5
CE1,554,58.4942,81.1571,17.95058627,2
CE1,555,23.4323,-86.143,17.95014363,5
CE1,556,25.1746,31.4623,17.94512072,2
CE1,557,-13.7705,125.079,17.93901896,5
CE1,558,3.58109,-122.258,17.92756311,5
CE1,559,-12.3918,176.327,17.92551855,5
CE1,560,-20.9554,100.769,17.92261693,5
CE1,561,-18.4408,109.854,17.90383465,5
CE1,562,-24.7295,41.5779,17.90148936,5
CE1,563,-16.7012,-174.033,17.88706146,5
CE1,564,-52.6104,-118.479,17.8785829,2
CE1,565,58.6649,124.702,17.87498349,5
CE1,566,-3.28285,-90.618,17.86676363,5
CE1,567,17.5205,-154.749,17.85907998,5
CE1,568,-60.314,-100.306,17.84822178,2
CE1,569,-48.8206,-66.903,17.84604967,2
CE1,570,-22.0884,-161.709,17.84088121,5
CE1,571,-54.3915,-160.224,17.84025859,2
CE1,572,24.2311,-175.015,17.84024241,5
CE1,573,-26.6804,-132.979,17.83736987,2
CE1,574,-14.4969,16.3869,17.83165781,3
CE1,575,-56.4107,83.3893,17.82920657,5
CE1,576,1.25352,147.732,17.82796307,5
CE1,577,-32.1537,85.0841,17.82745465,3
CE1,578,11.9257,168.108,17.82694243,5
CE1,579,-19.0837,-125.137,17.82664011,5
CE1,580,59.4069,163.115,17.82659938,3
CE1,581,-41.242,-148.082,17.82519971,2
CE1,582,-15.8361,42.3761,17.8247513,3
CE1,583,-12.088,15.198,17.81889373,5
CE1,584,-11.7119,-123.863,17.81112202,2
CE1,585,29.8082,121.106,17.80983864,5
CE1,586,-47.8945,150.472,17.80818671,2
CE1,587,7.5388,-118.938,17.80603912,5
CE1,588,-36.9762,14.0721,17.8051074,2
CE1,589,24.1371,156.134,17.79796312,5
CE1,590,-24.6304,-144.977,17.79660804,5
CE1,591,-20.5135,-71.125,17.78936142,5
CE1,592,-25.859,-6.931,17.78441921,2
CE1,593,-9.56656,171.98,17.77900212,5
CE1,594,27.6772,70.0002,17.77757936,5
CE1,595,-33.8199,-177.118,17.77011163,5
CE1,596,0.443391,-126.777,17.76989076,2
CE1,597,52.5307,-99.556,17.76330189,2
CE1,598,13.6295,-87.88,17.76138508,5
CE1,599,28.4822,107.626,17.75832338,5
CE1,600,-30.5296,-170.509,17.75378209,5
CE1,601,30.3412,-159.244,17.75188446,2
CE1,602,27.4946,157.219,17.75099543,5
CE1,603,2.54319,108.245,17.75068092,5
CE1,604,26.8412,-100.778,17.74903119,5
CE1,605,-63.4736,79.9671,17.74651122,2
CE1,606,-44.5874,-31.164,17.73637023,2
CE1,607,-52.2932,11.2082,17.72758753,2
CE1,608,-18.3547,149.301,17.72211135,5
CE1,609,-43.5609,14.149,17.72173894,4
CE1,610,33.4471,-148.182,17.71513539,5
CE1,611,-53.6864,49.2847,17.71433962,2
CE1,612,4.33503,61.8473,17.71194754,2
CE1,613,20.7006,144.943,17.71034762,5
CE1,614,8.31639,119.657,17.70796817,5
CE1,615,64.0953,-156.98,17.70491971,2
CE1,616,-33.3992,6.26241,17.7021687,5
CE1,617,-8.62849,-132.799,17.70052474,5
CE1,618,55.1638,159.702,17.6988232,2
CE1,619,7.25118,163.122,17.69039636,5
CE1,620,53.7638,-163.284,17.68831026,2
CE1,621,-32.1759,-11.076,17.6848054,5
CE1,622,-17.5325,-65.332,17.68285425,3
CE1,623,-50.6416,-157.792,17.6828343,3
CE1,624,-18.7231,26.8012,17.68239389,5
CE1,625,30.5096,125.728,17.67467562,2
CE1,626,-17.7129,-167.49,17.67028337,5
CE1,627,-6.24643,-150.27,17.66757522,5
CE1,628,-54.9939,57.9652,17.66314291,1
CE1,629,-34.2866,95.6321,17.66238856,5
CE1,630,13.3897,-111.905,17.65907687,5
CE1,631,-2.38708,-170.156,17.64951756,5
CE1,632,42.3053,164.973,17.64559191,2
CE1,633,-27.6232,171.364,17.6381665,5
CE1,634,-19.848,37.3788,17.62556576,2
CE1,635,49.7768,173.923,17.61691461,1
CE1,636,-7.69357,-132.854,17.61292081,5
CE1,637,62.5559,-83.032,17.61065312,2
CE1,638,22.3241,132.444,17.60652577,5
CE1,639,-18.9146,23.3684,17.60230586,5
CE1,640,-34.3502,92.2644,17.60005432,5
CE1,641,-35.6251,138.237,17.59990653,2
CE1,642,18.3202,-139.748,17.59374205,5
CE1,643,-10.742,168.054,17.58841895,5
CE1,644,-41.4658,158.254,17.58644822,2
CE1,645,-45.2771,-131.293,17.58575683,2
CE1,646,-4.87857,127.243,17.57715709,5
CE1,647,-52.9974,13.7405,17.57623721,2
CE1,648,-58.0576,6.79183,17.57591121,2
CE1,649,8.42152,165.904,17.57578886,5
CE1,650,-28.976,158.048,17.57526715,5
CE1,651,-24.5588,-105.416,17.57457842,4
CE1,652,12.9736,-165.358,17.56573816,5
CE1,653,9.98872,-168.711,17.56260143,5
CE1,654,31.5158,51.8106,17.56143131,2
CE1,655,-50.3398,133.275,17.5597001,4
CE1,656,-60.3355,-121.205,17.55919394,2
CE1,657,-46.5242,23.01,17.55516717,2
CE1,658,27.6535,-141.075,17.54903064,5
CE1,659,-55.5753,26.9503,17.54622707,4
CE1,660,-31.2746,57.0426,17.53954019,5
CE1,661,-22.5556,-50.003,17.53723976,2
CE1,662,12.1315,65.7466,17.53485183,5
CE1,663,-61.5268,-114.319,17.53159384,2
CE1,664,-3.49703,178.803,17.5315792,5
CE1,665,11.1059,-149.334,17.53115349,5
CE1,666,-31.4691,19.29,17.52928375,5
CE1,667,-48.6708,-18.472,17.51418574,2
CE1,668,12.1012,79.777,17.50079632,5
CE1,669,32.5535,124.132,17.49987364,5
CE1,670,54.4242,80.6905,17.4988109,3
CE1,671,2.3343,165.367,17.4978324,5
CE1,672,11.0875,174.609,17.49203224,5
CE1,673,11.1981,-117.932,17.48954992,5
CE1,674,3.31955,127.446,17.48144663,5
CE1,675,-45.1863,169.323,17.47916403,5
CE1,676,28.8151,81.8036,17.47815481,5
CE1,677,-27.1495,73.5944,17.4768844,5
CE1,678,26.3182,70.8702,17.47583813,2
CE1,679,41.5837,-134.602,17.47205919,3
CE1,680,39.9052,-115.481,17.46106602,5
CE1,681,27.527,129.621,17.45963932,2
CE1,682,19.7174,107.252,17.4465963,5
CE1,683,-14.6127,-23.567,17.44449501,5
CE1,684,44.269,-105.261,17.44339977,2
CE1,685,-23.4029,145.379,17.43852234,5
CE1,686,-17.5767,-158.199,17.43633506,2
CE1,687,-43.6329,-104.364,17.43610497,2
CE1,688,40.3846,-75.469,17.43408083,5
CE1,689,33.6026,27.5844,17.41736365,4
CE1,690,26.3712,178.131,17.41481896,5
CE1,691,-50.2858,-34.06,17.41338928,3
CE1,692,59.1297,157.175,17.40378326,3
CE1,693,-33.7884,56.0046,17.39325919,5
CE1,694,-34.3028,26.8532,17.37752758,2
CE1,695,-41.6585,-147.157,17.36869026,2
CE1,696,-28.174,-68.584,17.36629833,2
CE1,697,2.84325,-124.477,17.36195291,5
CE1,698,-52.8092,5.84277,17.35773481,2
CE1,699,-7.59737,172.496,17.35748104,5
CE1,700,-22.1758,171.784,17.35177421,2
CE1,701,44.1135,89.3636,17.35031347,2
CE1,702,-35.5846,-50.179,17.34579392,4
CE1,703,19.5515,79.8035,17.34450178,5
CE1,704,27.5621,134.93,17.34247653,5
CE1,705,20.1687,163.373,17.34204456,5
CE1,706,-47.817,99.8216,17.33780986,5
CE1,707,-39.5616,-95.426,17.33653126,4
CE1,708,-46.5357,-107.659,17.33233377,3
CE1,709,52.0197,78.1283,17.31939003,5
CE1,710,64.4658,-179.329,17.3190117,2
CE1,711,6.96347,-127.914,17.31754533,5
CE1,712,-58.2106,-30.827,17.31559282,2
CE1,713,-34.94,103.473,17.31305764,1
CE1,714,14.2978,150.857,17.30652768,5
CE1,715,-41.8974,-111.683,17.30397046,2
CE1,716,13.1471,-87.445,17.29595488,5
CE1,717,18.343,-171.596,17.2913683,5
CE1,718,-22.2076,48.8387,17.28916032,5
CE1,719,-24.8545,-4.476,17.28651024,2
CE1,720,9.25459,117.574,17.28191368,5
CE1,721,17.7927,-166.196,17.28164269,5
CE1,722,25.7291,-156.809,17.27679084,5
CE1,723,-40.9118,64.0915,17.26681959,2
CE1,724,27.7245,-168.38,17.26521603,2
CE1,725,34.3537,-97.589,17.26508369,2
CE1,726,-11.0051,-162.134,17.2579989,5
CE1,727,-16.8782,-168.805,17.254669,5
CE1,728,-56.0513,42.6926,17.25105983,2
CE1,729,-52.1929,107.448,17.2475552,2
CE1,730,1.75618,-149.081,17.24687217,5
CE1,731,1.67763,159.667,17.24644828,5
CE1,732,-5.39402,-71.325,17.24414318,3
CE1,733,-20.5981,113.114,17.24310805,5
CE1,734,-26.5749,-143.958,17.23705085,5
CE1,735,-44.5128,153.031,17.23565384,2
CE1,736,-28.3541,-165.609,17.23481058,2
CE1,737,-9.02738,39.9202,17.23362654,5
CE1,738,36.2461,137.945,17.22886396,5
CE1,739,41.216,110.941,17.22717073,5
CE1,740,-59.1603,25.5654,17.21880704,3
CE1,741,-29.345,35.3521,17.21414004,2
CE1,742,-30.1272,-31.704,17.21262649,5
CE1,743,8.02292,-71.38,17.21114948,2
CE1,744,-45.7494,-130.398,17.20858039,2
CE1,745,9.51959,178.548,17.20757199,5
CE1,746,47.7134,96.4387,17.20673035,5
CE1,747,42.6068,-151.641,17.19232344,2
CE1,748,-48.6734,7.73311,17.19214377,2
CE1,749,-8.60271,166.724,17.1905322,5
CE1,750,-40.0424,-142.479,17.18555825,2
CE1,751,10.7873,-112.469,17.18385007,5
CE1,752,-48.4043,91.5045,17.18346998,2
CE1,753,48.1537,158.15,17.17764214,2
CE1,754,23.2876,-174.176,17.17637563,5
CE1,755,2.63386,111.606,17.17239269,5
CE1,756,22.1274,129.127,17.17194262,5
CE1,757,32.9327,-110.753,17.17136248,5
CE1,758,25.6271,-141.845,17.1691084,5
CE1,759,45.157,81.1576,17.16724704,5
CE1,760,54.1238,128.843,17.16691221,2
CE1,761,-37.9641,-4.103,17.16572582,4
CE1,762,-38.371,-148.901,17.16463317,3
CE1,763,42.8462,130.889,17.160201,2
CE1,764,-31.4238,-61.578,17.15090418,3
CE1,765,6.09029,80.9037,17.15020893,2
CE1,766,-4.2699,-148.451,17.1454378,5
CE1,767,57.9634,168.862,17.14314214,3
CE1,768,45.6241,149.005,17.14238984,2
CE1,769,42.4419,122.471,17.13916117,2
CE1,770,-35.7587,-15.415,17.13910585,3
CE1,771,-46.6505,-56.805,17.13317184,2
CE1,772,-8.49421,13.1784,17.12755809,2
CE1,773,54.1954,145.871,17.11761172,2
CE1,774,-46.3689,152.251,17.11577679,5
CE1,775,51.6373,-176.329,17.11261815,2
CE1,776,8.8388,-114.389,17.10930425,5
CE1,777,-18.4802,-144.168,17.10848626,5
CE1,778,31.2267,-88.226,17.10668179,2
CE1,779,-20.1827,-164.88,17.10609091,5
CE1,780,2.7917,-125.567,17.10394521,5
CE1,781,-58.801,52.8661,17.09702802,2
CE1,782,-20.7551,-33.152,17.09652037,3
CE1,783,28.7766,65.7632,17.0912192,2
CE1,784,52.4089,-172.913,17.09096241,5
CE1,785,-47.9211,-20.961,17.09050781,2
CE1,786,-15.9312,144.316,17.08804002,5
CE1,787,-60.516,160.192,17.08669385,2
CE1,788,53.4055,-89.785,17.07773696,5
CE1,789,-8.30483,111.037,17.07649441,5
CE1,790,-6.64295,163.034,17.07467709,5
CE1,791,49.4846,126.65,17.0742427,2
CE1,792,-44.8274,124.596,17.07346827,2
CE1,793,-56.0806,-123.777,17.07249952,2
CE1,794,26.7769,169.412,17.07052271,2
CE1,795,55.1001,177.085,17.07032845,3
CE1,796,8.32866,118.742,17.06994086,5
CE1,797,-0.672461,105.711,17.06144457,5
CE1,798,-45.5092,-60.525,17.05963609,5
CE1,799,60.5461,-158.462,17.05692366,5
CE1,800,18.27,115.742,17.05227154,5
CE1,801,-40.7239,-61.722,17.04961193,2
CE1,802,42.5186,77.8691,17.04608536,3
CE1,803,-22.5887,-152.2,17.04562324,2
CE1,804,5.60619,59.9504,17.03667067,5
CE1,805,-6.03413,174.799,17.03342297,5
CE1,806,-12.5734,100.666,17.03016649,5
CE1,807,43.0196,-150.883,17.02231628,5
CE1,808,-38.3548,131.771,17.02177549,2
CE1,809,-35.5746,34.5283,17.02046652,5
CE1,810,26.7205,78.6857,17.01685749,5
CE1,811,-21.9277,-131.143,17.0149774,5
CE1,812,6.6872,-132.462,17.00613257,5
CE1,813,14.7145,171.121,16.99541812,5
CE1,814,51.415,130.066,16.99288576,3
CE1,815,-32.3125,101.826,16.98413677,5
CE1,816,-31.7588,7.40164,16.98209339,2
CE1,817,33.3553,118.044,16.98140349,5
CE1,818,2.83495,-68.236,16.97593327,5
CE1,819,-43.2607,-30.172,16.97469454,4
CE1,820,-3.28115,-146.131,16.96747221,5
CE1,821,12.5921,169.079,16.96421414,5
CE1,822,-5.77817,-162.56,16.96307192,5
CE1,823,-15.9683,-59.271,16.96091266,3
CE1,824,6.23716,-167.93,16.9603184,5
CE1,825,-30.6417,-15.767,16.95680335,3
CE1,826,-46.1351,129.515,16.95490842,2
CE1,827,32.0202,147.973,16.954391,5
CE1,828,-30.6886,-173.167,16.95324731,2
CE1,829,47.8858,-154.258,16.94720073,5
CE1,830,-30.0105,149.575,16.94612824,5
CE1,831,-32.5444,171.901,16.94081044,2
CE1,832,-14.8886,-148.674,16.9333105,5
CE1,833,-24.1967,154.087,16.9216932,5
CE1,834,2.14442,66.9899,16.92152599,2
CE1,835,-5.21725,-58.426,16.92096353,5
CE1,836,-7.3227,120.328,16.92080541,5
CE1,837,-14.3867,-133.523,16.90663318,5
CE1,838,15.7277,127.892,16.90312492,5
CE1,839,-39.2002,-139.904,16.90295986,2
CE1,840,-54.8244,-135.888,16.90250585,3
CE1,841,-25.2159,99.895,16.90148044,1
CE1,842,-17.4358,44.1422,16.89370252,2
CE1,843,27.1736,-110.4,16.89229324,2
CE1,844,-55.7439,11.8559,16.8917165,2
CE1,845,16.0639,-173.362,16.88768474,5
CE1,846,7.34144,150.01,16.8873227,5
CE1,847,-39.7634,-159.642,16.88163366,2
CE1,848,-57.4216,13.8819,16.88051076,3
CE1,849,58.059,-85.738,16.87985533,2
CE1,850,-46.6185,47.7906,16.87623923,2
CE1,851,-13.7781,23.11,16.87345392,5
CE1,852,-43.8226,-63.92,16.86838429,3
CE1,853,10.0844,-123.111,16.85870814,5
CE1,854,59.4705,-80.544,16.84910644,2
CE1,855,-15.216,-133.357,16.84198196,5
CE1,856,-0.741798,-69.543,16.83685043,5
CE1,857,-55.8122,-174.904,16.83629915,3
CE1,858,-23.3286,137.388,16.83455236,5
CE1,859,3.66988,-120.739,16.83348308,5
CE1,860,63.3417,89.5045,16.82751406,5
CE1,861,43.3588,125.41,16.82734756,2
CE1,862,-48.0573,60.0638,16.82082142,5
CE1,863,-39.9247,63.8597,16.81807482,2
CE1,864,-36.526,129.83,16.81721005,1
CE1,865,-59.3782,-117.74,16.81673046,5
CE1,866,-37.0557,-77.483,16.8140975,4
CE1,867,-27.2441,1.07948,16.81267867,5
CE1,868,-32.9261,-67.43,16.81188196,2
CE1,869,-54.1504,-158.789,16.81121658,3
CE1,870,14.6218,-168.433,16.80433722,5
CE1,871,-28.2022,153.832,16.80367398,5
CE1,872,4.70736,155.51,16.79964848,5
CE1,873,-32.4286,-42.559,16.7981657,4
CE1,874,-17.8227,86.6517,16.79799952,5
CE1,875,-19.4504,97.9595,16.79695556,5
CE1,876,42.5034,-95.205,16.79330268,2
CE1,877,51.7799,-101.648,16.79152553,2
CE1,878,2.56121,-161.313,16.78646637,5
CE1,879,-60.0663,-142.809,16.78557379,2
CE1,880,5.66204,-111.835,16.78477953,5
CE1,881,-2.73636,167.614,16.78328644,5
CE1,882,33.8799,58.6934,16.7738358,4
CE1,883,59.8577,-136.371,16.77288927,5
CE1,884,-50.9604,149.848,16.76770147,1
CE1,885,-14.5855,-15.304,16.76209703,3
CE1,886,-51.5229,-147.05,16.76075263,2
CE1,887,-45.2349,71.237,16.76058171,5
CE1,888,22.0652,94.7297,16.76007037,5
CE1,889,-26.681,103.332,16.7502594,2
CE1,890,-50.0342,-159.675,16.74957245,4
CE1,891,33.9408,84.9776,16.7489225,2
CE1,892,43.187,141.343,16.74367779,2
CE1,893,27.3639,-87.129,16.73835472,3
CE1,894,59.9584,159.892,16.73704972,2
CE1,895,-48.7219,112.039,16.73663152,2
CE1,896,0.192139,3.50505,16.73621328,5
CE1,897,-5.26385,-177.913,16.73517997,5
CE1,898,-5.35943,102.447,16.73302961,2
CE1,899,16.5147,-143.98,16.72193592,5
CE1,900,-50.9069,-67.122,16.72124272,3
CE1,901,23.2643,-75.301,16.71794845,3
CE1,902,57.5629,-125.511,16.71315856,1
CE1,903,30.3463,62.4636,16.71311161,3
CE1,904,-49.2902,110.302,16.71104609,2
CE1,905,15.2075,-152.307,16.70877183,5
CE1,906,-37.5526,-138.784,16.7050737,2
CE1,907,-31.4306,48.2847,16.7025074,5
CE1,908,-27.7024,138.245,16.69862335,5
CE1,909,17.5757,127.093,16.69200381,5
CE1,910,-47.2598,-41.609,16.69098689,2
CE1,911,55.0907,-89.153,16.68752839,5
CE1,912,-6.97237,104.514,16.68245568,5
CE1,913,48.6063,167.798,16.67304271,2
CE1,914,-41.6133,-19.606,16.66544889,2
CE1,915,17.1895,-164.404,16.66536374,5
CE1,916,-13.4614,-146.417,16.66083621,5
CE1,917,-28.7231,-50.22,16.66056336,5
CE1,918,2.49993,95.0697,16.65980054,5
CE1,919,-18.6543,41.1015,16.65403605,5
CE1,920,-23.3959,-149.75,16.65284453,3
CE1,921,33.1541,31.0259,16.64892061,5
CE1,922,-21.0554,119.868,16.64556165,5
CE1,923,63.6097,-174.846,16.64326287,2
CE1,924,56.8128,46.3472,16.64037709,2
CE1,925,3.90143,136.746,16.63654721,5
CE1,926,18.7942,175.931,16.63653413,5
CE1,927,-52.0852,156.064,16.63431988,2
CE1,928,-25.5168,22.0844,16.62203523,3
CE1,929,-28.9511,-45.004,16.61994344,5
CE1,930,29.4364,60.153,16.61929917,2
CE1,931,-19.1253,178.127,16.61552606,5
CE1,932,-20.8252,10.0615,16.6084018,4
CE1,933,-7.12441,-173.099,16.60839369,5
CE1,934,-8.84947,-160.791,16.6069487,5
CE1,935,-43.3867,-122.806,16.60302737,5
CE1,936,-7.29706,105.248,16.59906479,5
CE1,937,-15.8181,105.57,16.59766377,2
CE1,938,-19.331,-146.662,16.59691933,5
CE1,939,-7.62299,-135.021,16.59489774,5
CE1,940,-26.964,38.9845,16.58811055,2
CE1,941,-24.5336,-135.64,16.58634034,5
CE1,942,-25.4079,34.6809,16.58233334,2
CE1,943,50.4549,129.869,16.58210237,5
CE1,944,-29.2092,28.6777,16.57862285,2
CE1,945,37.575,170.916,16.57774526,5
CE1,946,-40.6063,149.874,16.57515302,5
CE1,947,13.7368,-157.8,16.57102921,5
CE1,948,6.46332,-27.987,16.57001739,5
CE1,949,-56.2236,-146.073,16.56452814,5
CE1,950,-23.3357,-136.498,16.56416589,2
CE1,951,8.29226,-155.928,16.56225626,5
CE1,952,-13.7656,-170.241,16.56179539,5
CE1,953,16.8312,-145.059,16.55993996,5
CE1,954,58.9906,52.877,16.55679564,5
CE1,955,-18.4383,-165.768,16.55280111,5
CE1,956,-5.03089,7.40325,16.54821603,5
CE1,957,35.8992,-170.557,16.54313628,5
CE1,958,26.8199,-91.185,16.53970344,5
CE1,959,1.7156,149.536,16.53879683,5
CE1,960,-5.40025,32.628,16.5382268,5
CE1,961,-20.4237,61.571,16.53515982,3
CE1,962,26.0049,-106.548,16.53436172,5
CE1,963,39.2069,56.1048,16.53357741,2
CE1,964,-31.1972,-161.614,16.53287156,5
CE1,965,-55.3784,67.811,16.52096939,5
CE1,966,-58.3797,-41.163,16.51474196,2
CE1,967,-10.814,11.2409,16.50840773,3
CE1,968,-52.1836,-83.101,16.50771508,2
CE1,969,8.1082,67.7411,16.50608469,2
CE1,970,4.34096,141.525,16.49897113,5
CE1,971,-39.3106,124.504,16.49881776,1
CE1,972,16.9524,-135.934,16.49809006,5
CE1,973,-46.2243,79.2369,16.48382217,2
CE1,974,1.1622,-88.309,16.47904012,5
CE1,975,-23.0111,-61.951,16.47562051,5
CE1,976,24.8719,-105.28,16.4696621,5
CE1,977,-36.9552,13.2911,16.46906331,5
CE1,978,-47.8409,73.491,16.46759564,3
CE1,979,-11.5438,132.765,16.46647492,5
CE1,980,-34.1173,-6.493,16.46363881,5
CE1,981,-33.0671,139.058,16.46155214,2
CE1,982,40.7406,119.743,16.45642524,2
CE1,983,46.3127,158.886,16.44686835,2
CE1,984,-33.2975,-33.677,16.44210705,3
CE1,985,-37.5434,-32.316,16.43766549,5
CE1,986,51.877,135.776,16.43116546,2
CE1,987,-54.631,148.881,16.42579043,5
CE1,988,-4.8191,-134.986,16.42519036,5
CE1,989,-29.8783,-145.726,16.42332984,5
CE1,990,15.7516,167.773,16.41641447,5
CE1,991,-57.095,52.9124,16.41337942,2
CE1,992,-40.7119,37.0261,16.40842899,2
CE1,993,-58.7133,-37.996,16.4080837,3
CE1,994,-21.0658,-51.681,16.40702849,4
CE1,995,-63.4164,73.2355,16.40580105,5
CE1,996,-12.5453,142.661,16.40456563,5
CE1,997,63.8418,140.209,16.40445705,5
CE1,998,-52.8791,-128.658,16.40380056,2
CE1,999,-27.0271,46.9646,16.40229442,5
CE1,1000,-63.3286,70.4789,16.39951207,5
CE1,1001,45.2435,131.943,16.38686043,2
CE1,1002,-12.9379,-146.757,16.38424673,5
CE1,1003,45.4147,166.797,16.37882673,5
CE1,1004,9.61279,157.081,16.37762174,5
CE1,1005,3.75402,-172.686,16.37684444,5
CE1,1006,-53.7474,33.6521,16.37183371,3
CE1,1007,6.56705,-124.056,16.37160067,5
CE1,1008,59.2976,-118.313,16.37101063,3
CE1,1009,32.8825,85.7152,16.36742773,2
CE1,1010,-18.5272,72.6422,16.3654303,5
CE1,1011,-11.7166,-127.13,16.36279183,5
CE1,1012,-29.4191,-44.081,16.36134453,2
CE1,1013,-10.0562,-123.064,16.3546156,5
CE1,1014,-0.641997,-173.7,16.3535011,5
CE1,1015,34.1145,-158.185,16.35128649,5
CE1,1016,22.9429,74.8576,16.3495195,5
CE1,1017,22.5573,171.176,16.34730094,5
CE1,1018,17.2994,133.842,16.34572741,5
CE1,1019,29.1887,-160.19,16.34421645,5
CE1,1020,45.0975,64.2296,16.34246843,3
CE1,1021,55.4157,51.3761,16.3394884,2
CE1,1022,32.4598,-31.981,16.33814814,4
CE1,1023,9.29002,107.17,16.32786337,5
CE1,1024,-11.8559,-157.553,16.32260849,5
CE1,1025,56.0575,135.382,16.32011041,5
CE1,1026,14.4875,104.688,16.31793869,2
CE1,1027,-3.9849,41.7959,16.31566415,3
CE1,1028,-36.7115,18.386,16.31529007,5
CE1,1029,-52.455,97.6353,16.31078657,2
CE1,1030,-17.1097,-141.543,16.30296901,5
CE1,1031,-52.3266,126.207,16.30219804,1
CE1,1032,17.1693,116.614,16.2976689,5
CE1,1033,52.9451,113.144,16.29486568,4
CE1,1034,-36.0786,52.3721,16.29344502,2
CE1,1035,-22.1252,-138.377,16.29222713,2
CE1,1036,0.376364,166.565,16.28649743,5
CE1,1037,-46.7344,-15.755,16.28631853,2
CE1,1038,-5.13061,-140.315,16.27880925,5
CE1,1039,-54.3221,0.154237,16.27425342,2
CE1,1040,1.8711,-131.446,16.27412464,5
CE1,1041,-43.3091,45.806,16.27341353,2
CE1,1042,-32.3591,-115.997,16.27239982,5
CE1,1043,-2.82704,64.6238,16.26976795,5
CE1,1044,7.68897,66.4677,16.26738552,4
CE1,1045,37.0931,-159.36,16.26374717,5
CE1,1046,-59.1007,31.0511,16.26280233,4
CE1,1047,-16.8995,146,16.25988433,2
CE1,1048,-9.45643,1.88996,16.25935728,3
CE1,1049,32.6035,-83.252,16.25830199,2
CE1,1050,30.0977,-118.652,16.25446992,5
CE1,1051,10.7167,154.754,16.24739224,5
CE1,1052,-13.9131,97.5799,16.24685884,3
CE1,1053,-24.923,-137.274,16.2409378,5
CE1,1054,28.8001,133.339,16.24071432,5
CE1,1055,-11.0987,149.117,16.23864768,5
CE1,1056,-49.0897,-23.706,16.2370616,3
CE1,1057,24.6826,-109.171,16.23436969,5
CE1,1058,62.686,7.69113,16.22684395,1
CE1,1059,-10.1884,-128.876,16.22614825,5
CE1,1060,-47.7536,161.56,16.21626172,5
CE1,1061,-43.956,-116.543,16.21098714,5
CE1,1062,-12.682,153.195,16.20894733,5
CE1,1063,-32.7229,8.15891,16.20668924,2
CE1,1064,-32.0637,45.997,16.20580637,2
CE1,1065,-47.7095,85.7996,16.20330869,5
CE1,1066,21.1345,-88.898,16.19974775,5
CE1,1067,-43.8805,21.546,16.19898834,2
CE1,1068,-44.4986,-29.249,16.19742697,2
CE1,1069,-34.5105,24.7523,16.19200223,5
CE1,1070,9.43006,-141.61,16.19039539,5
CE1,1071,51.7727,-154.628,16.1902298,2
CE1,1072,-37.9921,-24.426,16.18953891,5
CE1,1073,29.1369,74.7363,16.18924766,5
CE1,1074,-18.3935,42.6482,16.18883852,5
CE1,1075,-29.2383,-48.634,16.18535327,5
CE1,1076,14.7474,-117.663,16.184949,5
CE1,1077,31.8458,-101.326,16.17664955,4
CE1,1078,-17.395,-147.702,16.16842733,5
CE1,1079,-26.2713,99.263,16.16820523,5
CE1,1080,30.2634,-132.812,16.16651018,5
CE1,1081,-26.7303,132.804,16.15688051,2
CE1,1082,-47.8404,-128.352,16.15593789,2
CE1,1083,55.9486,126.521,16.14737494,5
CE1,1084,53.3033,-92.919,16.14686272,5
CE1,1085,20.6376,-119.241,16.14623837,5
CE1,1086,-23.3354,123.422,16.14435115,5
CE1,1087,-13.7691,101.067,16.13470687,5
CE1,1088,17.0294,152.05,16.1263123,5
CE1,1089,31.5708,48.8224,16.12008148,2
CE1,1090,-16.4203,45.1761,16.11940084,5
CE1,1091,-24.0466,16.8951,16.11557358,3
CE1,1092,-47.9944,-67.186,16.1128495,2
CE1,1093,-43.8562,-127.79,16.11094282,3
CE1,1094,33.4584,-93.679,16.10185709,5
CE1,1095,14.1644,134.348,16.09759925,5
CE1,1096,-43.4495,162.014,16.09702934,3
CE1,1097,61.8436,40.4158,16.09616151,2
CE1,1098,-35.5775,-144.964,16.09124656,5
CE1,1099,24.219,149.581,16.08864127,3
CE1,1100,0.644676,99.913,16.08759364,5
CE1,1101,-61.5111,-130.029,16.08691463,3
CE1,1102,-40.609,54.3031,16.08412768,3
CE1,1103,-34.4102,100.316,16.08135511,2
CE1,1104,-12.7596,168.474,16.08053117,5
CE1,1105,-39.4219,-6.2,16.07945593,5
CE1,1106,11.5955,-86.72,16.07756144,5
CE1,1107,23.7141,-84.928,16.07672495,5
CE1,1108,24.2819,70.5978,16.07175502,2
CE1,1109,23.821,76.7287,16.06860935,5
CE1,1110,-10.7952,172.612,16.06807247,5
CE1,1111,-6.0391,155.103,16.06688718,5
CE1,1112,-44.2096,-18.007,16.0625923,4
CE1,1113,17.0236,-91.229,16.05872402,5
CE1,1114,-55.8339,114.574,16.05652782,2
CE1,1115,-26.9979,-2.035,16.05644238,5
CE1,1116,14.006,-81.993,16.05134578,5
CE1,1117,8.23909,-142.834,16.05079812,5
CE1,1118,-27.1174,-92.681,16.04918347,5
CE1,1119,-43.6194,164.378,16.04820999,2
CE1,1120,4.66678,172.227,16.04256863,5
CE1,1121,42.21,-167.81,16.03854561,5
CE1,1122,7.971,-128.555,16.03343638,5
CE1,1123,35.7319,152.748,16.03287965,2
CE1,1124,-26.0563,80.6471,16.02941183,5
CE1,1125,-0.386674,130.309,16.0289607,5
CE1,1126,-46.8778,-53.697,16.02617128,3
CE1,1127,61.9018,-22.966,16.02561892,3
CE1,1128,7.39341,-171.244,16.02482545,5
CE1,1129,51.7365,-99.965,16.02369688,2
CE1,1130,-18.267,-83.396,16.02100726,5
CE1,1131,53.5122,-167.377,16.02002509,2
CE1,1132,55.4132,-168.14,16.01970177,5
CE1,1133,-23.8171,-137.719,16.01797743,5
CE1,1134,29.8681,-158.953,16.01069741,5
CE1,1135,-59.5932,143.821,16.00999255,2
CE1,1136,59.7838,75.8212,16.0055477,2
CE1,1137,62.1152,139.491,15.99746679,4
CE1,1138,-3.948,117.607,15.99485774,5
CE1,1139,-39.9592,-68.102,15.99148676,2
CE1,1140,-42.1432,-72.243,15.98185949,2
CE1,1141,-32.4814,17.4032,15.97710786,5
CE1,1142,-62.6726,57.7631,15.97453586,2
CE1,1143,16.5799,40.9107,15.97355909,2
CE1,1144,15.0185,-132.891,15.97242205,5
CE1,1145,-45.845,160.303,15.9708116,2
CE1,1146,30.5285,-99.485,15.96857527,2
CE1,1147,-52.7499,174.66,15.96584906,4
CE1,1148,13.3599,74.6752,15.96498812,5
CE1,1149,-42.4861,-147.482,15.95166632,2
CE1,1150,-12.7885,87.3026,15.95070088,5
CE1,1151,48.3252,-105.006,15.95069659,3
CE1,1152,58.7195,-84.512,15.94710913,2
CE1,1153,-29.7071,7.3972,15.94654485,2
CE1,1154,-57.9367,-69.05,15.9396717,5
CE1,1155,32.7485,176.815,15.91074162,5
CE1,1156,19.9504,-106.827,15.91054113,5
CE1,1157,-21.7947,-98.277,15.9091401,5
CE1,1158,-47.3815,28.2686,15.90560558,2
CE1,1159,15.1912,155.045,15.90366519,5
CE1,1160,-41.0055,-58.732,15.9036568,4
CE1,1161,0.143917,93.7491,15.90251716,2
CE1,1162,43.5075,78.3166,15.90137093,5
CE1,1163,-56.4609,-143.055,15.9009118,2
CE1,1164,-9.10071,92.6172,15.89484218,5
CE1,1165,-33.2047,-19.37,15.89135183,5
CE1,1166,-62.0554,58.6553,15.89089586,5
CE1,1167,-32.9753,20.4964,15.88922168,5
CE1,1168,16.1277,-102.663,15.88896112,5
CE1,1169,-40.0043,-145.519,15.88174503,4
CE1,1170,-54.2133,84.3647,15.87707709,2
CE1,1171,-15.8416,-139.765,15.86368378,5
CE1,1172,12.127,107.699,15.8616961,5
CE1,1173,4.13274,116.472,15.85981768,5
CE1,1174,6.7834,-131.62,15.85367974,5
CE1,1175,60.4106,152.346,15.84778991,5
CE1,1176,39.0118,-164.908,15.8466545,5
CE1,1177,17.4748,164.043,15.83846842,5
CE1,1178,-41.2083,27.5757,15.83632266,2
CE1,1179,-47.092,20.821,15.83481954,2
CE1,1180,-34.2759,27.5391,15.83439367,2
CE1,1181,57.1317,139.427,15.8335285,3
CE1,1182,-51.166,-177.187,15.83346196,3
CE1,1183,11.5738,-167.934,15.83133109,5
CE1,1184,-26.6393,102.776,15.82960258,3
CE1,1185,-19.0751,86.8751,15.82756005,5
CE1,1186,-64.3231,-0.851,15.82489842,5
CE1,1187,-63.58,-62.603,15.82136785,5
CE1,1188,30.3612,-176.624,15.82091566,5
CE1,1189,-24.1972,119.041,15.81768782,5
CE1,1190,-55.1629,98.9082,15.81222263,5
CE1,1191,-15.6458,-149.494,15.81221505,5
CE1,1192,-9.52398,-15.986,15.81207325,3
CE1,1193,-62.7918,-27.159,15.80995079,3
CE1,1194,-33.082,42.4798,15.80958552,5
CE1,1195,19.0107,150.027,15.8093751,5
CE1,1196,37.7818,-116.898,15.80749169,5
CE1,1197,-29.8372,-11.384,15.80457453,3
CE1,1198,-12.0173,116.079,15.80421837,2
CE1,1199,-22.6991,51.0875,15.8015374,5
CE1,1200,-59.4342,28.8694,15.79987998,3
CE1,1201,23.2072,-95.902,15.79467028,5
CE1,1202,15.8193,-85.263,15.79239567,2
CE1,1203,-41.6878,-126.78,15.78262296,5
CE1,1204,-25.6826,92.1986,15.78216724,2
CE1,1205,-32.6915,49.3871,15.76753806,2
CE1,1206,11.5561,-154.521,15.76384125,5
CE1,1207,-25.4263,43.9222,15.76043621,2
CE1,1208,-6.03257,107.421,15.75282154,5
CE1,1209,-16.4339,10.7618,15.75213941,5
CE1,1210,-28.4462,91.2975,15.74315555,5
CE1,1211,-45.2214,19.6524,15.73858853,2
CE1,1212,23.1719,70.9622,15.73575105,5
CE1,1213,41.7522,7.80569,15.73387865,5
CE1,1214,39.0495,93.2913,15.72884648,5
CE1,1215,17.4301,-117.422,15.72293795,5
CE1,1216,33.5293,162.121,15.71920791,5
CE1,1217,-38.1135,-64.715,15.71869241,5
CE1,1218,-15.3022,-167.548,15.71670167,5
CE1,1219,-7.16507,165.229,15.71668215,5
CE1,1220,42.7879,27.1392,15.71643845,5
CE1,1221,25.6736,-101.352,15.71496486,2
CE1,1222,-30.8789,36.3843,15.71391385,2
CE1,1223,-26.2138,0.688144,15.71289698,5
CE1,1224,0.420784,129.732,15.71003146,5
CE1,1225,-44.6263,-127.269,15.70056791,5
CE1,1226,-28.7508,20.7201,15.69557624,5
CE1,1227,41.2889,114.551,15.69294977,5
CE1,1228,31.7757,-149.624,15.69121311,5
CE1,1229,12.8542,111.509,15.69017739,5
CE1,1230,51.2329,93.2538,15.68916974,3
CE1,1231,-34.9777,155.489,15.68572557,5
CE1,1232,34.862,144.211,15.68147854,5
CE1,1233,19.2118,-99.224,15.68113911,5
CE1,1234,-11.9801,-67.273,15.68046108,2
CE1,1235,-32.8782,-125.192,15.67507711,5
CE1,1236,-10.8959,141.642,15.67320608,5
CE1,1237,-48.3149,58.0052,15.66735132,2
CE1,1238,46.6927,-101.357,15.66451829,5
CE1,1239,-39.4151,-124.288,15.6628624,5
CE1,1240,-32.7291,9.55392,15.66084743,5
CE1,1241,61.5057,-91.153,15.65802714,5
CE1,1242,-18.3344,-86.218,15.65093394,5
CE1,1243,-50.1369,-126.443,15.64921347,5
CE1,1244,-31.8082,-37.607,15.64511122,2
CE1,1245,-54.552,13.9432,15.64326738,3
CE1,1246,1.42776,71.1394,15.64094943,5
CE1,1247,-50.9447,58.8322,15.6406579,1
CE1,1248,-41.8763,-77.562,15.63872507,5
CE1,1249,23.5064,73.5328,15.63571923,5
CE1,1250,-13.8157,112.212,15.63532601,2
CE1,1251,54.496,130.334,15.63175549,2
CE1,1252,-34.7334,15.8357,15.62953873,2
CE1,1253,-5.67315,-134.422,15.62882138,5
CE1,1254,29.1284,-120.734,15.62768721,5
CE1,1255,-1.97399,127.907,15.62630042,5
CE1,1256,58.7312,113.047,15.62582444,2
CE1,1257,2.7651,126.952,15.62443997,5
CE1,1258,24.6303,118.948,15.62023636,5
CE1,1259,59.1859,-57.495,15.6200148,4
CE1,1260,-18.0743,114.873,15.61349445,2
CE1,1261,-32.0263,100.741,15.61348206,2
CE1,1262,-42.2098,-116.559,15.60673188,2
CE1,1263,-40.5697,-139.058,15.60331989,5
CE1,1264,59.9895,-123.696,15.60133902,2
CE1,1265,27.7625,115.742,15.60026823,5
CE1,1266,-37.9085,26.5,15.5979699,5
CE1,1267,42.3673,-170.952,15.59387261,2
CE1,1268,-27.551,96.4067,15.58920525,5
CE1,1269,21.3278,115.604,15.58671049,5
CE1,1270,63.4115,-83.312,15.58388772,2
CE1,1271,-14.5952,-177.7,15.58131398,5
CE1,1272,23.4912,-85.263,15.5804971,2
CE1,1273,-0.432807,170.789,15.57929183,5
CE1,1274,29.394,86.7737,15.57778364,5
CE1,1275,-34.0396,43.4717,15.57393316,5
CE1,1276,-18.4835,-126.474,15.57335128,5
CE1,1277,-14.7219,77.3387,15.5703121,2
CE1,1278,29.4775,-155.447,15.56937245,5
CE1,1279,15.5035,-115.364,15.56783819,5
CE1,1280,2.32121,154.296,15.56643069,5
CE1,1281,10.5706,-135.783,15.56594659,5
CE1,1282,22.6382,-166.662,15.56573945,5
CE1,1283,-58.5748,-107.97,15.56321887,2
CE1,1284,-43.6566,56.2892,15.56177551,2
CE1,1285,-47.0814,-127.839,15.56014341,5
CE1,1286,51.0537,-146.833,15.54702021,2
CE1,1287,11.0244,-111.667,15.54348732,5
CE1,1288,-34.8077,145.054,15.54324486,5
CE1,1289,25.1087,112.963,15.54224617,5
CE1,1290,-16.7995,-133.346,15.53908261,5
CE1,1291,-36.4938,-146.471,15.53450756,2
CE1,1292,57.3696,-149.328,15.5335233,5
CE1,1293,27.8516,-122.105,15.53245889,5
CE1,1294,49.641,-163.735,15.53100408,5
CE1,1295,-27.9002,97.5506,15.5302279,5
CE1,1296,48.1808,178.849,15.52618181,5
CE1,1297,7.27441,-147.553,15.51800449,5
CE1,1298,-48.2634,9.85154,15.50692489,2
CE1,1299,-1.79414,126.732,15.50639606,5
CE1,1300,-13.8714,173.456,15.50521436,5
CE1,1301,27.6182,89.0325,15.50464016,5
CE1,1302,-34.9721,145.931,15.50242194,4
CE1,1303,64.5337,-104.628,15.50083151,2
CE1,1304,5.53971,-113.787,15.49894128,5
CE1,1305,20.4622,79.0889,15.49256641,5
CE1,1306,13.032,-81.314,15.49158506,5
CE1,1307,-30.0723,103.328,15.49035395,5
CE1,1308,8.05129,83.1439,15.48960938,2
CE1,1309,-21.7825,27.7523,15.48820153,5
CE1,1310,-35.3912,48.4159,15.48812595,5
CE1,1311,-42.4702,23.6014,15.48564192,5
CE1,1312,-3.29477,121.405,15.48541281,5
CE1,1313,-15.1489,12.2008,15.47622062,2
CE1,1314,25.4101,87.5296,15.46036217,5
CE1,1315,-38.8079,-123.508,15.458829,5
CE1,1316,-60.8633,90.9382,15.4563164,2
CE1,1317,-51.8167,-49.077,15.43729381,3
CE1,1318,13.8462,-130.214,15.43543854,5
CE1,1319,54.5005,138.364,15.43409095,2
CE1,1320,59.1718,-151.843,15.43328315,5
CE1,1321,6.03508,158.669,15.43041258,5
CE1,1322,12.0181,-133.806,15.42340637,5
CE1,1323,-23.4929,-150.314,15.41538535,5
CE1,1324,-49.9578,-95.457,15.41498906,5
CE1,1325,-13.4376,88.1989,15.40812137,5
CE1,1326,25.8935,-113.893,15.40176085,2
CE1,1327,-53.4328,-114.14,15.40031752,2
CE1,1328,-32.0505,-21.36,15.39494742,5
CE1,1329,-43.7737,9.6219,15.38669892,4
CE1,1330,-13.9263,124.083,15.37728517,5
CE1,1331,9.50809,-115.772,15.36512145,5
CE1,1332,8.00975,-121.915,15.36256657,5
CE1,1333,30.4573,-114.115,15.36194199,5
CE1,1334,44.6502,171.915,15.35897433,2
CE1,1335,-53.961,-175.653,15.35813767,5
CE1,1336,6.31722,-156.678,15.35568858,5
CE1,1337,25.8411,-146.097,15.347775,5
CE1,1338,27.9376,-119.317,15.34774034,5
CE1,1339,41.2084,159.795,15.34115673,2
CE1,1340,-48.1104,49.3364,15.33754366,1
CE1,1341,-57.075,-146.862,15.33517541,2
CE1,1342,-55.9029,56.4082,15.33248917,2
CE1,1343,-55.9449,-79.233,15.33102425,5
CE1,1344,-21.6147,-32.607,15.32824574,2
CE1,1345,-34.5795,-138.052,15.32684092,2
CE1,1346,-39.0006,-133.606,15.3191545,5
CE1,1347,46.3329,-88.072,15.31718058,5
CE1,1348,-26.5909,114.731,15.31702273,5
CE1,1349,23.7471,-111.387,15.31549462,5
CE1,1350,-0.59477,174.06,15.31481858,5
CE1,1351,-45.1248,10.2821,15.31402947,2
CE1,1352,-23.3528,115.227,15.31166449,5
CE1,1353,41.1215,61.2002,15.30930195,5
CE1,1354,-30.8528,15.8066,15.30909828,5
CE1,1355,-2.66625,145.583,15.30767025,5
CE1,1356,-34.7057,-25.681,15.30301612,5
CE1,1357,63.2432,165.139,15.30004588,2
CE1,1358,16.5156,111.426,15.29893719,5
CE1,1359,-41.747,-114.164,15.29105218,2
CE1,1360,-60.033,-97.874,15.28711431,2
CE1,1361,11.1256,-100.177,15.27742789,5
CE1,1362,28.4828,178.883,15.27238394,5
CE1,1363,-21.12,-157.285,15.25958377,5
CE1,1364,-45.9632,-30.05,15.25614182,3
CE1,1365,49.7519,-105.253,15.25464327,5
CE1,1366,-28.7616,-165.029,15.24752519,5
CE1,1367,14.8385,-94.993,15.24284948,5
CE1,1368,-35.1117,-55.335,15.24242611,5
CE1,1369,-27.1849,100.123,15.23935399,5
CE1,1370,-2.96252,171.155,15.23889231,5
CE1,1371,-38.6037,69.9122,15.23509725,5
CE1,1372,-35.6555,131.348,15.23281328,5
CE1,1373,51.9085,83.8658,15.22828314,5
CE1,1374,40.8466,-86.719,15.22730563,2
CE1,1375,-60.1366,-30.95,15.21047657,2
CE1,1376,33.2446,-105.462,15.20842256,2
CE1,1377,7.0126,-123.133,15.20731719,5
CE1,1378,24.6259,-135.177,15.20699941,5
CE1,1379,49.5909,115.309,15.20651073,2
CE1,1380,17.7489,-163.656,15.2057712,5
CE1,1381,-42.1532,-99.983,15.20558789,2
CE1,1382,-33.752,7.98977,15.20358324,2
CE1,1383,-5.016,63.6748,15.20235143,4
CE1,1384,40.052,-141.197,15.20215886,5
CE1,1385,25.6543,54.8378,15.19575295,5
CE1,1386,19.3011,145.126,15.18891687,5
CE1,1387,-47.9928,-53.845,15.18821814,3
CE1,1388,-61.0295,-65.613,15.18758075,5
CE1,1389,25.7287,57.6237,15.18653916,3
CE1,1390,-37.5461,84.4414,15.17210279,2
CE1,1391,-16.0466,-164.868,15.16519109,5
CE1,1392,-44.3614,157.253,15.15430395,5
CE1,1393,-48.4987,115.82,15.15278899,1
CE1,1394,-45.8613,-55.999,15.15229324,4
CE1,1395,-27.3622,-14.097,15.15133839,3
CE1,1396,-10.0922,-156.764,15.15060919,5
CE1,1397,-46.9804,33.4852,15.14754765,3
CE1,1398,19.6834,-81.775,15.14544214,2
CE1,1399,-48.6481,-174.838,15.14414165,2
CE1,1400,-47.1195,-178.641,15.13749233,4
CE1,1401,-57.2199,28.7809,15.13528417,2
CE1,1402,-0.315979,16.7658,15.13077672,3
CE1,1403,5.56262,130.46,15.12275317,5
CE1,1404,-1.71681,96.1268,15.12119678,5
CE1,1405,12.8456,-162.437,15.12103279,5
CE1,1406,-28.8691,-174.503,15.12097401,5
CE1,1407,56.832,65.1569,15.12007541,5
CE1,1408,45.608,-94.663,15.11953715,4
CE1,1409,-19.9817,30.4814,15.11933215,2
CE1,1410,-14.7793,53.3716,15.11731458,3
CE1,1411,-25.4808,116.808,15.1158467,2
CE1,1412,14.8245,-179.658,15.11342713,5
CE1,1413,-37.3529,-125.452,15.10842616,5
CE1,1414,9.64045,168.256,15.1072048,5
CE1,1415,50.7902,153.164,15.10508855,5
CE1,1416,25.0389,-91.887,15.10108258,5
CE1,1417,28.1138,133.093,15.10021913,5
CE1,1418,42.8394,-148.876,15.09766367,5
CE1,1419,26.4793,42.9289,15.0930292,2
CE1,1420,63.3526,68.5519,15.0927459,5
CE1,1421,-52.0766,83.921,15.08911197,4
CE1,1422,-21.1133,-62.053,15.07950576,5
CE1,1423,-36.6834,-168.295,15.07903326,2
CE1,1424,50.7357,-94.131,15.07881404,3
CE1,1425,-34.735,34.0391,15.07583093,3
CE1,1426,60.7058,37.7666,15.07245583,2
CE1,1427,12.6497,-163.685,15.07132522,5
CE1,1428,-58.0745,104.405,15.069809,2
CE1,1429,25.2975,-123.099,15.0672847,5
CE1,1430,-21.8474,14.7011,15.06417433,5
CE1,1431,33.6231,40.3912,15.06100128,5
CE1,1432,-16.6529,-148.615,15.06029208,5
CE1,1433,-50.5899,163.51,15.05896075,2
CE1,1434,-52.9937,156.402,15.05170257,2
CE1,1435,20.7236,-161.126,15.04858443,5
CE1,1436,15.1226,-176.399,15.03891037,5
CE1,1437,39.7477,-123.271,15.03600032,2
CE1,1438,-25.7148,6.53398,15.03095668,5
CE1,1439,-28.3679,166.688,15.02078192,4
CE1,1440,-48.4363,-15.428,15.01776961,2
CE1,1441,-40.6256,-52.412,15.01044486,4
CE1,1442,-1.27642,-150.283,14.99878716,5
CE1,1443,49.4289,119.73,14.99835233,5
CE1,1444,-27.6957,-126.791,14.99609981,5
CE1,1445,-58.926,-42.278,14.9800385,2
CE1,1446,6.20152,12.5324,14.97658086,5
CE1,1447,-62.2923,-155.721,14.97578378,5
CE1,1448,35.2595,-132.221,14.97176281,4
CE1,1449,-35.6607,-157.372,14.96931002,5
CE1,1450,45.8398,97.036,14.96676786,5
CE1,1451,-49.2386,-126.601,14.96455208,2
CE1,1452,40.9405,58.6027,14.96048946,3
CE1,1453,-10.081,-146.061,14.96042267,5
CE1,1454,30.1595,130.233,14.95961366,5
CE1,1455,-48.3769,170.001,14.94818214,5
CE1,1456,31.0024,-92.297,14.9470054,5
CE1,1457,14.6599,-87.403,14.94681938,5
CE1,1458,31.3462,-114.521,14.94188528,5
CE1,1459,-60.9365,-59.941,14.94184462,2
CE1,1460,-62.5837,-28.383,14.93445425,4
CE1,1461,15.6679,-165.862,14.93096835,5
CE1,1462,64.5118,-27.293,14.92680109,5
CE1,1463,-53.3278,-134.543,14.92235042,2
CE1,1464,23.6872,99.0613,14.90892528,5
CE1,1465,-8.4789,-162.414,14.90533327,5
CE1,1466,35.3538,-169.777,14.90369471,5
CE1,1467,-47.4346,14.1936,14.90064506,4
CE1,1468,-12.4834,66.5464,14.89952971,5
CE1,1469,-43.6569,-89.615,14.89757196,2
CE1,1470,28.354,131.356,14.89248263,5
CE1,1471,-10.2292,141.622,14.89095359,5
CE1,1472,18.6099,127.062,14.88431529,5
CE1,1473,-53.7728,-138.77,14.87960539,2
CE1,1474,-32.2222,-136.924,14.87863056,5
CE1,1475,-40.3451,11.7457,14.87416673,4
CE1,1476,0.322767,165.326,14.87197176,5
CE1,1477,20.6967,100.037,14.87052727,5
CE1,1478,-51.7247,24.5359,14.86696384,1
CE1,1479,-31.5589,-129.074,14.86686873,5
CE1,1480,-25.0915,68.8474,14.86673169,5
CE1,1481,-15.0154,-130.987,14.86539806,3
CE1,1482,-47.8272,55.4725,14.86375221,5
CE1,1483,-54.4094,-177.423,14.8592363,2
CE1,1484,-50.9009,14.728,14.85887911,1
CE1,1485,-42.8716,-114.719,14.85746767,5
CE1,1486,-38.4309,-137.231,14.84134081,5
CE1,1487,16.1231,86.9377,14.84099632,5
CE1,1488,-47.5274,132.971,14.83362664,5
CE1,1489,-38.6584,-57.84,14.83012063,5
CE1,1490,-51.5742,-165.07,14.82936627,4
CE1,1491,37.0879,123.143,14.82837556,5
CE1,1492,46.9893,145.262,14.8269118,2
CE1,1493,30.3835,111.101,14.82483241,5
CE1,1494,-42.2799,-163.019,14.81909086,3
CE1,1495,41.9846,119.967,14.81906987,5
CE1,1496,-29.7786,98.0888,14.81120695,5
CE1,1497,0.403358,101.416,14.80873756,5
CE1,1498,45.7159,-168.06,14.79844389,5
CE1,1499,26.0463,127.344,14.79619771,5
CE1,1500,-27.1578,-133.305,14.79312,5
CE1,1501,-30.6479,49.2666,14.79213082,5
CE1,1502,-32.7637,99.6662,14.79114483,1
CE1,1503,-59.54,-179.103,14.78679798,3
CE1,1504,-28.8328,-114.5,14.78095926,5
CE1,1505,58.6145,-77.637,14.77820161,5
CE1,1506,-47.4243,-61.336,14.77566295,5
CE1,1507,12.1405,153.63,14.77371827,5
CE1,1508,-3.25757,133.303,14.77172975,5
CE1,1509,28.8749,55.0802,14.76658375,5
CE1,1510,39.029,-87.196,14.76351742,2
CE1,1511,-28.6587,-166.867,14.75488992,2
CE1,1512,-44.1058,163.682,14.75481509,5
CE1,1513,12.7714,-93.114,14.7522988,5
CE1,1514,36.7048,172.179,14.75209726,5
CE1,1515,-5.18675,162.487,14.74923328,5
CE1,1516,-37.8227,135.497,14.74246289,2
CE1,1517,1.08534,-154.138,14.74171168,5
CE1,1518,-25.2353,13.2675,14.73888335,5
CE1,1519,47.9132,-150.118,14.73744654,2
CE1,1520,-5.67774,-153.461,14.73709034,5
CE1,1521,-54.6478,-131.835,14.73636272,2
CE1,1522,-58.4254,-78.134,14.73086445,5
CE1,1523,2.67016,-104.913,14.72658835,5
CE1,1524,25.7814,-178.886,14.72012813,5
CE1,1525,61.4646,175.878,14.71813149,5
CE1,1526,22.7893,-159.979,14.71262678,5
CE1,1527,18.5035,-92.761,14.70948736,5
CE1,1528,-17.3581,-34.095,14.70633213,4
CE1,1529,-31.2363,-141.266,14.70601571,5
CE1,1530,-30.4794,131.794,14.70531778,5
CE1,1531,10.0935,126.445,14.70409918,5
CE1,1532,-43.3882,163.134,14.70210808,5
CE1,1533,3.98469,1.12143,14.69757115,5
CE1,1534,-55.4202,166.837,14.69514631,1
CE1,1535,-17.2886,167.45,14.69252622,5
CE1,1536,-27.8597,-130.412,14.68828443,5
CE1,1537,18.0942,151.321,14.68495091,5
CE1,1538,-33.0396,46.553,14.68453135,5
CE1,1539,58.9695,159.512,14.68341372,2
CE1,1540,-13.9879,66.7225,14.68290587,5
CE1,1541,-40.9756,-15.383,14.68031842,2
CE1,1542,28.2704,-111.858,14.67909076,5
CE1,1543,-16.0326,126.89,14.66997299,5
CE1,1544,-21.0646,143.261,14.66809283,5
CE1,1545,-31.3693,26.2731,14.66640669,5
CE1,1546,31.011,-145.615,14.66423534,5
CE1,1547,-28.0585,155.838,14.66407021,5
CE1,1548,-32.5631,-64.716,14.65982176,5
CE1,1549,-6.10916,126.302,14.65887838,5
CE1,1550,36.6686,-150.833,14.65429904,5
CE1,1551,-36.3886,-130.402,14.64886369,5
CE1,1552,58.7228,-42.929,14.64850102,5
CE1,1553,-19.3259,-139.109,14.64739477,5
CE1,1554,23.4417,176.491,14.64578236,5
CE1,1555,6.73135,103.274,14.63828567,5
CE1,1556,40.0058,37.9783,14.63768924,2
CE1,1557,-29.4765,-80.344,14.63690617,5
CE1,1558,-26.4581,30.3804,14.63568854,5
CE1,1559,-54.1662,-138.392,14.63446265,5
CE1,1560,23.1049,123.44,14.62633404,5
CE1,1561,-22.063,114.02,14.622823,5
CE1,1562,-31.7594,-124.701,14.62092044,5
CE1,1563,-18.1767,-6.562,14.62081448,2
CE1,1564,-21.2457,1.36562,14.61706411,2
CE1,1565,-16.7296,-153.322,14.61688943,5
CE1,1566,-34.5104,-67.544,14.61141115,2
CE1,1567,54.0407,-159.802,14.60837935,2
CE1,1568,-9.57449,-73.925,14.60410033,5
CE1,1569,2.30527,95.5008,14.60376724,5
CE1,1570,-32.9459,-126.864,14.59994822,5
CE1,1571,-26.9008,-141.217,14.59579549,5
CE1,1572,58.209,82.3168,14.59137031,3
CE1,1573,-35.1559,-11.463,14.58675428,5
CE1,1574,24.4632,-158.87,14.58647942,5
CE1,1575,-23.0032,15.8259,14.58540708,5
CE1,1576,-58.5098,-69.926,14.58474304,2
CE1,1577,-3.61712,96.0731,14.58393202,5
CE1,1578,-35.7737,153.249,14.58362406,5
CE1,1579,-45.1701,-121.787,14.58342092,5
CE1,1580,6.23185,-20.137,14.58319532,5
CE1,1581,-42.9244,176.153,14.57584778,5
CE1,1582,62.8503,-158.977,14.57031397,2
CE1,1583,-58.1703,-18.163,14.56556746,5
CE1,1584,15.628,-154.974,14.56403873,5
CE1,1585,-34.7128,47.2449,14.56365803,5
CE1,1586,-60.4862,-28.283,14.55612243,4
CE1,1587,-35.8919,-122.567,14.55485004,5
CE1,1588,-29.6517,132.123,14.55225939,5
CE1,1589,-37.2997,95.419,14.55131655,5
CE1,1590,-28.0533,51.5096,14.54970635,5
CE1,1591,-23.3096,141.083,14.54891358,5
CE1,1592,-43.0449,-58.968,14.5451863,5
CE1,1593,19.6647,171.501,14.54388128,5
CE1,1594,2.05829,175.946,14.53969477,5
CE1,1595,-46.5029,4.84353,14.53926927,5
CE1,1596,9.58257,162.507,14.53466099,5
CE1,1597,-30.1351,-134.267,14.53459385,5
CE1,1598,-50.6878,-149.345,14.53056143,1
CE1,1599,-14.5016,136.215,14.5266078,5
CE1,1600,-31.6588,101.421,14.52461809,5
CE1,1601,-6.45466,136.988,14.52382728,5
CE1,1602,62.5842,-93.758,14.51299077,2
CE1,1603,61.4299,107.868,14.51073383,5
CE1,1604,42.0806,-83.08,14.50829529,1
CE1,1605,-29.1591,54.3421,14.50671762,5
CE1,1606,-40.6986,-124.242,14.5054745,5
CE1,1607,60.068,28.6238,14.50458101,4
CE1,1608,-57.3162,-168.92,14.50431452,3
CE1,1609,-62.1562,11.3095,14.5037902,4
CE1,1610,30.282,-83.463,14.50225298,2
CE1,1611,25.2451,162.703,14.49799759,5
CE1,1612,35.6051,166.201,14.49737471,5
CE1,1613,-37.3325,93.8158,14.49673234,5
CE1,1614,34.3555,-149.321,14.49659462,5
CE1,1615,-57.4391,-45.859,14.49634768,2
CE1,1616,61.0049,156.089,14.4938834,2
CE1,1617,23.7727,77.6686,14.48666645,5
CE1,1618,-48.0179,144.106,14.48216662,2
CE1,1619,63.0131,-165.487,14.48120687,2
CE1,1620,-10.738,139.938,14.48102033,5
CE1,1621,-53.8752,-71.514,14.47819705,2
CE1,1622,-33.9317,-10.146,14.47376754,5
CE1,1623,43.4716,157.857,14.47336468,2
CE1,1624,-14.425,-139.484,14.47298798,5
CE1,1625,-54.9872,46.4828,14.47217029,5
CE1,1626,-43.5428,-157.587,14.46978617,4
CE1,1627,28.1357,-92.211,14.4687091,5
CE1,1628,34.2433,79.1193,14.46809305,5
CE1,1629,8.17007,-112.354,14.46623374,5
CE1,1630,-38.497,161.419,14.46526428,5
CE1,1631,29.7302,115.387,14.46436994,5
CE1,1632,-64.5056,-66.885,14.46373713,5
CE1,1633,12.2579,-132.46,14.46292307,5
CE1,1634,-61.8583,170.557,14.46274036,2
CE1,1635,-6.49825,-2.408,14.45814799,4
CE1,1636,-38.071,50.0653,14.4581461,5
CE1,1637,-58.3201,-58.37,14.45742944,2
CE1,1638,-34.8358,-122.463,14.4548733,5
CE1,1639,32.382,130.613,14.45340626,5
CE1,1640,54.5834,-91.215,14.44769437,5
CE1,1641,-23.2061,-128.182,14.44561279,5
CE1,1642,-34.5094,25.6229,14.441685,5
CE1,1643,-43.8621,-15.248,14.44031789,2
CE1,1644,29.6326,152.351,14.43182096,5
CE1,1645,60.4732,174.274,14.42630443,5
CE1,1646,-56.4095,1.71864,14.42573758,2
CE1,1647,-7.53951,128.314,14.42498562,5
CE1,1648,44.4321,122.614,14.42250349,5
CE1,1649,-42.3313,80.6785,14.42151808,2
CE1,1650,-39.4814,-66.77,14.42100006,5
CE1,1651,60.6891,-129.625,14.41846298,5
CE1,1652,-41.1727,-12.612,14.4063669,5
CE1,1653,49.6533,141.833,14.40285168,5
CE1,1654,-50.1589,70.935,14.40185495,4
CE1,1655,-24.086,149.828,14.40175608,5
CE1,1656,-40.7657,26.0064,14.38922474,5
CE1,1657,-31.1284,-25.069,14.38871128,2
CE1,1658,-29.1583,18.8667,14.3878919,5
CE1,1659,-47.0479,-12.136,14.38754461,5
CE1,1660,-36.5593,-154.174,14.38648079,5
CE1,1661,-59.3768,-76.944,14.3823321,2
CE1,1662,-49.2252,-55.456,14.38030575,5
CE1,1663,11.6667,112.388,14.37454587,5
CE1,1664,37.3575,-162.871,14.37436977,5
CE1,1665,-41.9427,150.317,14.37152788,5
CE1,1666,-38.7854,-119.048,14.36805904,2
CE1,1667,-54.9913,-139.912,14.36257784,2
CE1,1668,-20.6206,-62.367,14.36149608,5
CE1,1669,20.9943,-151.451,14.36035825,5
CE1,1670,-30.5604,43.9066,14.3576118,5
CE1,1671,-15.2871,150.897,14.34939984,5
CE1,1672,-58.0343,-144.995,14.34555601,2
CE1,1673,32.0402,-165.767,14.34553352,5
CE1,1674,-11.1681,-133.976,14.34247001,5
CE1,1675,10.9216,-84.357,14.34159772,5
CE1,1676,-62.7431,-156.835,14.3355686,2
CE1,1677,-60.6041,-157.623,14.3233564,2
CE1,1678,-16.5643,59.4715,14.31859175,2
CE1,1679,-42.5732,-116.866,14.31408055,5
CE1,1680,51.4486,164.322,14.31394538,2
CE1,1681,-49.7979,13.904,14.30142901,2
CE1,1682,33.0286,154.966,14.29778105,5
CE1,1683,-56.3253,-78.82,14.29505276,2
CE1,1684,-0.408118,-167.549,14.29314797,5
CE1,1685,21.0807,111.683,14.29202237,5
CE1,1686,38.5645,87.6781,14.28645629,5
CE1,1687,-8.06944,-147.388,14.28251825,5
CE1,1688,-13.4131,-59.676,14.28014842,5
CE1,1689,9.61544,-129.215,14.28000221,5
CE1,1690,27.8009,126.293,14.2799189,5
CE1,1691,-36.5882,9.64358,14.27912593,5
CE1,1692,-8.24775,-172.581,14.27589403,5
CE1,1693,56.5652,-169.921,14.27397044,5
CE1,1694,-46.8158,-121.086,14.2684215,5
CE1,1695,-31.5903,157.108,14.26499187,5
CE1,1696,17.9824,85.7378,14.26416793,5
CE1,1697,-42.4391,-76.554,14.26226619,5
CE1,1698,46.1168,110.366,14.25836305,5
CE1,1699,23.6958,-163.834,14.25809415,5
CE1,1700,42.7783,13.1526,14.25630043,5
CE1,1701,13.7787,-171.237,14.2541258,5
CE1,1702,-29.7867,93.8628,14.24871875,5
CE1,1703,23.8687,-167.869,14.24539655,5
CE1,1704,-30.7632,29.6313,14.24201817,5
CE1,1705,35.7886,66.51,14.24145805,5
CE1,1706,32.3454,-155.836,14.2414444,5
CE1,1707,-61.5399,113.972,14.24006074,5
CE1,1708,58.3325,-114.882,14.23687723,5
CE1,1709,-59.6533,-62.531,14.23385664,2
CE1,1710,-10.8829,-137.207,14.23229505,5
CE1,1711,14.1309,-123.76,14.22972041,5
CE1,1712,-42.7816,179.169,14.22281136,4
CE1,1713,22.9892,69.0936,14.21776699,5
CE1,1714,-27.5305,35.127,14.21400087,5
CE1,1715,-30.8916,-175.751,14.21061566,5
CE1,1716,-45.8664,-147.756,14.21053137,2
CE1,1717,-23.2326,38.9663,14.20674604,5
CE1,1718,-54.9531,-109.813,14.20456551,5
CE1,1719,43.6025,-104.772,14.20415037,5
CE1,1720,54.8508,-134.425,14.20292862,5
CE1,1721,-47.3553,-23.343,14.200625,3
CE1,1722,-8.3642,140.511,14.19563088,5
CE1,1723,31.9733,111.418,14.1904427,5
CE1,1724,48.5348,-111.098,14.1808266,2
CE1,1725,-30.2977,22.0328,14.17929658,5
CE1,1726,63.7719,100.27,14.1721728,5
CE1,1727,-57.6319,-159.25,14.16633137,5
CE1,1728,-34.5764,55.7875,14.16408599,5
CE1,1729,-19.4851,142.295,14.14986538,5
CE1,1730,-12.3708,12.2552,14.14963044,5
CE1,1731,-12.3691,21.5033,14.14503581,5
CE1,1732,-6.67281,-125.187,14.13456952,5
CE1,1733,26.8343,-174.435,14.12990367,5
CE1,1734,-26.5153,-126.966,14.12577901,5
CE1,1735,8.84894,31.6025,14.12271029,4
CE1,1736,-60.2081,71.5977,14.1209089,5
CE1,1737,55.3611,-76.909,14.11954323,2
CE1,1738,-49.3843,108.627,14.11836311,5
CE1,1739,18.262,-131.29,14.11792903,5
CE1,1740,-44.0199,-145.099,14.11562023,2
CE1,1741,-32.612,130.061,14.10724958,5
CE1,1742,61.5794,165.132,14.10542141,2
CE1,1743,24.0256,-173.229,14.10234908,5
CE1,1744,42.4402,138.641,14.1010888,5
CE1,1745,-5.67541,-148.051,14.09857891,5
CE1,1746,51.5983,123.963,14.09740698,5
CE1,1747,39.2684,-5.625,14.09557861,4
CE1,1748,-34.3695,72.4425,14.09382661,2
CE1,1749,-23.1692,152.208,14.0800172,5
CE1,1750,-32.077,49.908,14.07465889,5
CE1,1751,-3.67983,36.794,14.07157629,2
CE1,1752,-48.8329,153.085,14.07096602,2
CE1,1753,-27.353,20.0638,14.07017644,5
CE1,1754,-47.2576,65.1597,14.06603625,5
CE1,1755,-29.5511,133.645,14.0620912,5
CE1,1756,-39.5368,-57.46,14.06120761,5
CE1,1757,55.8372,-178.101,14.05861783,2
CE1,1758,-45.7418,-30.712,14.05795837,3
CE1,1759,51.1175,149.997,14.04895967,5
CE1,1760,31.1051,-125.521,14.0465356,5
CE1,1761,30.8129,137.559,14.04157429,5
CE1,1762,32.8995,-158.396,14.0358623,5
CE1,1763,-27.0464,133.324,14.03514086,5
CE1,1764,-37.138,-50.37,14.03168988,5
CE1,1765,1.40926,136.102,14.03158845,5
CE1,1766,49.2137,-174.651,14.03041138,5
CE1,1767,-35.0589,39.7344,14.02835013,5
CE1,1768,-54.4762,-8.632,14.02497236,5
CE1,1769,-2.29855,168.703,14.02496666,5
CE1,1770,22.5668,56.994,14.02192516,4
CE1,1771,-56.7552,80.7734,14.02177822,2
CE1,1772,-33.1828,-114.191,14.01636823,5
CE1,1773,34.4047,-114.055,14.0125472,5
CE1,1774,26.3849,111.994,14.00650314,5
CE1,1775,23.2752,-171.088,14.00369297,5
CE1,1776,-51.6153,140.686,14.00211972,5
CE1,1777,45.3635,93.8783,14.00170994,5
CE1,1778,21.7031,161.947,13.99569365,5
CE1,1779,25.035,48.8097,13.99247079,5
CE1,1780,-33.3535,-1.267,13.99148799,5
CE1,1781,32.5848,50.7273,13.99052952,5
CE1,1782,55.8703,60.8356,13.98340137,5
CE1,1783,11.9704,144.945,13.98218823,5
CE1,1784,63.6221,-165.843,13.97649067,5
CE1,1785,22.4604,48.5318,13.97552925,5
CE1,1786,-60.4009,-4.396,13.97272763,3
CE1,1787,27.1788,-112.984,13.97148479,5
CE1,1788,-14.3675,86.0742,13.97055124,5
CE1,1789,-45.7231,117.931,13.97002018,5
CE1,1790,23.1982,-114.726,13.96075827,5
CE1,1791,20.1056,-136.189,13.96061552,5
CE1,1792,21.404,130.167,13.96060465,5
CE1,1793,8.11307,70.3977,13.95868804,5
CE1,1794,16.3653,-72.496,13.95729056,3
CE1,1795,-14.6886,-137.018,13.95618891,5
CE1,1796,52.4107,131.102,13.95291958,5
CE1,1797,2.91356,69.5344,13.95232951,5
CE1,1798,62.5518,135.886,13.95169571,5
CE1,1799,-36.0543,65.53,13.95055381,5
CE1,1800,27.704,-138.635,13.94972504,5
CE1,1801,-35.8803,-142.007,13.94718912,2
CE1,1802,-35.5855,-80.638,13.93500614,5
CE1,1803,-53.652,-158.79,13.93480277,5
CE1,1804,55.6329,-123.041,13.93321702,2
CE1,1805,-37.3304,-114.852,13.93087979,5
CE1,1806,37.5805,-96.57,13.92072906,5
CE1,1807,-18.5811,62.0773,13.91590725,2
CE1,1808,31.9724,-141.56,13.91458521,5
CE1,1809,-48.715,164.375,13.90609809,5
CE1,1810,23.1567,94.3957,13.90491237,5
CE1,1811,-20.1934,17.9913,13.89625432,5
CE1,1812,46.3251,53.6792,13.89433487,2
CE1,1813,-48.9266,9.76308,13.88425249,5
CE1,1814,-51.5426,-92.334,13.87585063,2
CE1,1815,-33.0725,16.6687,13.87393885,5
CE1,1816,-43.6929,-153.648,13.87141919,4
CE1,1817,34.018,129.935,13.86723924,5
CE1,1818,-14.0461,20.4515,13.86676724,5
CE1,1819,-49.9339,-139.477,13.86649728,2
CE1,1820,27.0725,124.301,13.86587593,5
CE1,1821,61.0811,140.373,13.86091101,5
CE1,1822,-33.4833,134.771,13.85622881,5
CE1,1823,24.6349,-113.626,13.85578914,5
CE1,1824,-34.2313,8.58985,13.85003945,5
CE1,1825,-50.4114,-173.341,13.84433652,5
CE1,1826,7.73836,-123.995,13.84274175,5
CE1,1827,26.8518,-114.515,13.83944176,2
CE1,1828,-28.7451,-132.688,13.83861168,5
CE1,1829,-43.2639,-41.057,13.83519736,2
CE1,1830,-32.2462,-14.931,13.83422253,5
CE1,1831,-38.9331,-172.814,13.82662949,5
CE1,1832,-46.1109,-120.667,13.8250379,5
CE1,1833,14.6781,109.686,13.82380065,5
CE1,1834,24.5047,35.8179,13.82124229,5
CE1,1835,-63.9182,-139.603,13.81667131,2
CE1,1836,-52.465,15.4579,13.81402359,2
CE1,1837,-55.7598,175.962,13.80923344,5
CE1,1838,-32.0695,89.7681,13.80827746,5
CE1,1839,-6.98618,-144.159,13.80758992,5
CE1,1840,-28.5534,128.122,13.80434581,5
CE1,1841,-46.0463,-125.172,13.80239167,5
CE1,1842,-36.9592,-8.486,13.80056459,5
CE1,1843,54.0946,-130.417,13.79524529,5
CE1,1844,16.1232,146.069,13.79104362,5
CE1,1845,53.7477,172.754,13.79026109,5
CE1,1846,-39.15,-122.098,13.78792936,5
CE1,1847,-38.344,-26.43,13.7856625,5
CE1,1848,54.516,148.029,13.77968055,5
CE1,1849,-45.9858,-168.465,13.7751314,2
CE1,1850,9.54504,-134.993,13.77347006,5
CE1,1851,25.4482,-113.394,13.77250989,5
CE1,1852,29.9258,60.2254,13.77133212,5
CE1,1853,-48.5396,157.739,13.76797708,2
CE1,1854,-18.9386,152.58,13.7670446,5
CE1,1855,-26.1467,25.4396,13.7631103,5
CE1,1856,-26.1412,33.7537,13.76137814,5
CE1,1857,-35.9354,-116.629,13.75744917,5
CE1,1858,-33.1028,-12.7,13.75585019,5
CE1,1859,-20.4794,39.3632,13.75379522,3
CE1,1860,43.9294,73.0539,13.75033697,5
CE1,1861,31.6839,128.868,13.74462292,5
CE1,1862,21.1638,-148.317,13.74335552,5
CE1,1863,61.0834,-93.996,13.74299208,2
CE1,1864,-36.7155,11.9878,13.73979844,5
CE1,1865,31.735,118.589,13.73243042,5
CE1,1866,36.0398,-139.541,13.73200194,5
CE1,1867,-35.0017,-139.689,13.72834795,5
CE1,1868,-46.7638,-157.409,13.71766606,4
CE1,1869,-35.6682,38.9781,13.71642079,5
CE1,1870,-60.4704,113.363,13.7156086,5
CE1,1871,-37.6585,0.939335,13.71442156,5
CE1,1872,-50.9973,-124.925,13.71217198,5
CE1,1873,-43.5186,68.6458,13.70908384,5
CE1,1874,-31.2544,-10.883,13.70342501,5
CE1,1875,-38.561,24.4594,13.69565486,5
CE1,1876,-21.7997,-25.682,13.69250115,4
CE1,1877,33.133,68.097,13.68453581,5
CE1,1878,-60.6131,14.3121,13.68234348,2
CE1,1879,-15.0297,-102.8,13.6820853,5
CE1,1880,32.162,38.3447,13.67387231,5
CE1,1881,21.9287,147.697,13.67251912,5
CE1,1882,-54.0269,147.765,13.67128555,5
CE1,1883,15.1966,-93.064,13.66254544,5
CE1,1884,63.3086,171.441,13.66075492,5
CE1,1885,-29.659,-137.171,13.65767947,5
CE1,1886,-36.194,105.036,13.65387967,4
CE1,1887,44.2679,156.951,13.65090658,5
CE1,1888,34.0252,-121.59,13.65037181,5
CE1,1889,-59.7614,-170.948,13.64890833,5
CE1,1890,-58.3507,143.812,13.64259958,5
CE1,1891,-34.2037,27.8929,13.63853865,5
CE1,1892,-21.8179,-126.708,13.63397841,5
CE1,1893,-40.6808,25.2743,13.62809022,5
CE1,1894,-46.9776,29.4388,13.61476078,2
CE1,1895,-24.8806,137.781,13.61358828,5
CE1,1896,-62.6779,149.447,13.6095043,1
CE1,1897,-43.2119,25.268,13.60885213,2
CE1,1898,42.29,108.484,13.6019237,5
CE1,1899,-35.111,18.0645,13.59864137,2
CE1,1900,55.8035,-94.899,13.59698072,2
CE1,1901,-46.5494,17.678,13.59645884,2
CE1,1902,43.6017,177.582,13.59636474,5
CE1,1903,-27.9436,-3.534,13.59468676,5
CE1,1904,-56.2496,-76.353,13.59436224,2
CE1,1905,25.9972,153.318,13.59357927,5
CE1,1906,-32.4402,0.749864,13.59017223,5
CE1,1907,61.7056,116.217,13.58945596,3
CE1,1908,-7.70124,133.153,13.58867041,5
CE1,1909,-44.7378,-16.171,13.58747275,2
CE1,1910,58.4429,-118.229,13.58710036,3
CE1,1911,5.58662,-81.943,13.58560913,5
CE1,1912,60.8983,-137.814,13.5851656,5
CE1,1913,22.8208,-179.577,13.58488531,5
CE1,1914,62.7265,145.736,13.58048558,2
CE1,1915,26.9841,116.907,13.57463796,5
CE1,1916,-12.6726,111.302,13.57193921,5
CE1,1917,33.1468,76.8725,13.56963444,5
CE1,1918,-8.28119,-153.286,13.56886859,5
CE1,1919,55.334,131.67,13.5659691,5
CE1,1920,2.90308,-73.142,13.56449372,5
CE1,1921,54.361,171.093,13.55763047,2
CE1,1922,-36.854,-139.616,13.55703725,2
CE1,1923,6.66483,-174.116,13.55625952,5
CE1,1924,-41.3299,167.2,13.54801966,4
CE1,1925,-31.2249,-0.844,13.54716011,5
CE1,1926,53.4018,-102.262,13.54475239,2
CE1,1927,43.4229,66.1491,13.54258174,5
CE1,1928,-20.8432,39.6935,13.54105846,5
CE1,1929,61.3547,80.6732,13.53462965,5
CE1,1930,-32.4079,-126.944,13.53346479,5
CE1,1931,-16.4365,179.312,13.53125267,5
CE1,1932,-55.9464,61.1865,13.52722832,1
CE1,1933,-39.668,-136.805,13.52267329,5
CE1,1934,-19.0615,-136.903,13.51832242,5
CE1,1935,43.365,122.622,13.51613425,5
CE1,1936,-57.5132,-148.567,13.51528724,5
CE1,1937,-37.9865,-7.049,13.50869983,5
CE1,1938,-12.7027,-156.857,13.50747241,5
CE1,1939,-25.3717,123.907,13.49995932,5
CE1,1940,25.2558,-100.831,13.49972752,5
CE1,1941,22.5156,-171.966,13.49734408,5
CE1,1942,-23.7733,21.1534,13.49717248,5
CE1,1943,-33.3255,38.5499,13.49571544,5
CE1,1944,41.9438,-110.399,13.4941723,5
CE1,1945,19.1602,-153.778,13.49402855,5
CE1,1946,-30.4551,-10.852,13.49264281,5
CE1,1947,23.1444,101.622,13.49185952,5
CE1,1948,62.3967,-91.459,13.48918895,5
CE1,1949,38.2374,105.12,13.48594561,5
CE1,1950,-50.6675,-12.64,13.48330288,2
CE1,1951,-52.4431,166.331,13.48030604,5
CE1,1952,-31.7397,-174.894,13.47637633,5
CE1,1953,-63.9995,104.74,13.46556781,5
CE1,1954,-54.9924,-143.023,13.46538084,2
CE1,1955,-52.4404,-6.309,13.45663949,3
CE1,1956,36.7614,135.451,13.45567773,5
CE1,1957,-16.617,-145.646,13.4540089,5
CE1,1958,-41.5526,107.052,13.44631626,5
CE1,1959,40.9998,65.8429,13.44302548,5
CE1,1960,-25.7651,-57.523,13.43995842,5
CE1,1961,35.6429,-141.845,13.43268375,5
CE1,1962,52.5901,-146.782,13.42284169,2
CE1,1963,-43.3695,-36.825,13.41878933,5
CE1,1964,47.866,-114.92,13.41788195,5
CE1,1965,-38.7705,-8.931,13.41233736,5
CE1,1966,-48.1405,-58.349,13.41219222,5
CE1,1967,14.2884,-129.835,13.40925211,5
CE1,1968,-50.7283,-88.675,13.40831233,2
CE1,1969,-63.0319,55.415,13.39609746,2
CE1,1970,31.4499,-132.615,13.38869955,5
CE1,1971,64.4056,-28.191,13.38466915,5
CE1,1972,-42.9846,125.097,13.38052317,5
CE1,1973,-44.6087,-172.678,13.36882214,2
CE1,1974,3.49159,-127.099,13.36675322,5
CE1,1975,47.8695,135.977,13.36084166,5
CE1,1976,-28.4394,15.684,13.35940997,5
CE1,1977,44.4826,148.931,13.3543911,5
CE1,1978,32.0911,-122.276,13.3518757,5
CE1,1979,-55.2248,-174.733,13.3498698,2
CE1,1980,63.927,-144.778,13.34601756,2
CE1,1981,-10.5455,-135.462,13.34245467,5
CE1,1982,20.8529,167.121,13.34140544,5
CE1,1983,-62.5739,-31.186,13.34024846,4
CE1,1984,-46.7812,54.3548,13.33980054,2
CE1,1985,-36.6004,-125.466,13.33833711,5
CE1,1986,30.304,177.426,13.33809102,5
CE1,1987,30.97,87.9881,13.33770244,5
CE1,1988,-7.88413,-42.998,13.3351096,3
CE1,1989,60.6651,148.845,13.33123672,5
CE1,1990,43.9845,-156.792,13.3289413,5
CE1,1991,-1.34999,111.08,13.32339154,5
CE1,1992,-37.2509,-57.985,13.32136232,5
CE1,1993,-43.7286,178.143,13.31844889,4
CE1,1994,51.7867,-126.812,13.31783865,2
CE1,1995,41.9342,167.845,13.30614415,5
CE1,1996,34.8887,-106.871,13.30295822,5
CE1,1997,-18.7183,116.908,13.29800648,5
CE1,1998,29.7363,171.898,13.29556025,5
CE1,1999,-35.6303,21.7738,13.29298165,2
CE1,2000,35.236,75.256,13.29202662,5
CE1,2001,32.9283,164.599,13.28753637,5
CE1,2002,-39.4299,160.917,13.28715238,2
CE1,2003,-34.3965,-34.011,13.28643002,3
CE1,2004,27.1734,-173.93,13.28236089,5
CE1,2005,-27.7412,9.46024,13.28181155,5
CE1,2006,-59.7782,-166.273,13.27625659,5
CE1,2007,24.0596,-129.187,13.27526862,5
CE1,2008,-24.2082,98.3722,13.27393723,5
CE1,2009,-14.7342,126.46,13.26618424,5
CE1,2010,-63.6706,59.8888,13.25604315,2
CE1,2011,-45.5552,-122.71,13.24863864,5
CE1,2012,-35.3149,87.5671,13.246303,2
CE1,2013,-54.4747,147.584,13.24122607,5
CE1,2014,-56.554,-167.679,13.23824934,3
CE1,2015,-46.7846,-114.021,13.23640933,2
CE1,2016,43.7181,-110.114,13.23070726,5
CE1,2017,39.0928,-115.267,13.2288959,5
CE1,2018,-59.338,56.3659,13.22720057,1
CE1,2019,-58.4311,-141.881,13.22319013,5
CE1,2020,-9.18798,-172.674,13.2228571,5
CE1,2021,-30.8211,142.874,13.22084205,5
CE1,2022,25.686,85.2222,13.22024328,5
CE1,2023,-4.84521,-94.843,13.21604997,5
CE1,2024,43.656,-127.294,13.20825661,5
CE1,2025,18.1879,176.77,13.20824643,5
CE1,2026,-36.525,150.02,13.20584557,5
CE1,2027,48.284,-160.789,13.20384487,5
CE1,2028,-30.5139,35.8948,13.20299566,5
CE1,2029,28.2507,-85.036,13.20275926,5
CE1,2030,-33.9039,5.70831,13.19501768,5
CE1,2031,5.89648,64.3575,13.19311087,3
CE1,2032,26.9331,-170.663,13.1923351,5
CE1,2033,-62.9908,61.7365,13.18939353,2
CE1,2034,-31.4439,7.69707,13.18847607,5
CE1,2035,29.6901,-151.198,13.18791967,5
CE1,2036,-53.0652,48.1865,13.17771005,5
CE1,2037,-26.174,47.9086,13.17694242,5
CE1,2038,6.68162,-119.405,13.17044099,5
CE1,2039,-26.764,106.684,13.16517133,5
CE1,2040,-59.7089,147.45,13.15749864,1
CE1,2041,45.7149,111.339,13.15563128,5
CE1,2042,-52.4858,138.632,13.15248367,5
CE1,2043,23.713,144.601,13.14822621,5
CE1,2044,-38.014,-147.688,13.14742734,2
CE1,2045,-40.5027,-138.292,13.12838074,5
CE1,2046,-25.6748,-134.098,13.12389167,5
CE1,2047,-49.5712,99.7992,13.11623912,5
CE1,2048,-44.7772,-121.035,13.11615603,5
CE1,2049,30.7107,-165.462,13.11108944,5
CE1,2050,38.6311,-132.381,13.1108444,5
CE1,2051,-35.5088,-24.682,13.1107195,5
CE1,2052,-27.3489,-132.744,13.10613633,5
CE1,2053,-3.16184,89.0733,13.10568514,4
CE1,2054,-37.1242,29.2432,13.09806234,3
CE1,2055,27.2494,50.6611,13.09736233,5
CE1,2056,-37.6547,29.1831,13.08699512,5
CE1,2057,-12.4313,105.07,13.08041267,5
CE1,2058,-17.5757,62.243,13.0741928,4
CE1,2059,-17.0427,7.65893,13.06223839,5
CE1,2060,34.1034,168.552,13.06201147,5
CE1,2061,-29.5121,-123.791,13.06197435,5
CE1,2062,-27.6194,102.918,13.0604305,2
CE1,2063,-45.4125,105.568,13.05972879,5
CE1,2064,61.7002,41.379,13.05545025,2
CE1,2065,17.6933,-159.33,13.05497949,5
CE1,2066,35.1476,-119.456,13.0497425,5
CE1,2067,-48.0589,-165.183,13.04969148,3
CE1,2068,-60.523,-63.675,13.0480323,5
CE1,2069,-44.4237,62.4711,13.04749073,5
CE1,2070,-51.9213,-152.601,13.0354,2
CE1,2071,49.354,150.664,13.03124516,5
CE1,2072,-50.2278,95.4026,13.02343903,5
CE1,2073,-53.7755,-129.7,13.01712388,5
CE1,2074,-61.1752,-89.57,13.00977069,4
CE1,2075,-62.9026,-66.323,13.00726684,2
CE1,2076,0.565904,146.131,13.00495716,5
CE1,2077,14.8442,-127.263,13.0023879,5
CE1,2078,-39.368,-170.963,13.00228255,3
CE1,2079,-49.7326,-171.551,12.99798387,5
CE1,2080,35.1038,-139.501,12.99782004,5
CE1,2081,-31.9786,94.5351,12.99649552,5
CE1,2082,-16.9977,-57.488,12.99627908,2
CE1,2083,44.0011,65.0954,12.99103133,5
CE1,2084,-33.5799,-21.88,12.98464337,5
CE1,2085,-40.2275,-160.009,12.98148862,5
CE1,2086,-35.0011,-92.948,12.97897969,5
CE1,2087,-53.3091,-161.857,12.97824251,4
CE1,2088,-47.9533,34.8932,12.97584818,5
CE1,2089,-43.3579,145.698,12.97251502,5
CE1,2090,-32.9689,-62.709,12.97048232,5
CE1,2091,-46.9143,-120.257,12.96749145,5
CE1,2092,-62.7371,75.2867,12.96748554,5
CE1,2093,-46.4814,143.93,12.95583683,5
CE1,2094,-29.8689,127.741,12.95573424,5
CE1,2095,59.4178,-120.589,12.95386782,2
CE1,2096,34.6746,-132.185,12.95061076,5
CE1,2097,-15.8839,159.633,12.94595926,5
CE1,2098,-60.9192,-119.045,12.94459929,5
CE1,2099,-48.981,-137.709,12.92963218,2
CE1,2100,-44.5912,-160.209,12.92929488,4
CE1,2101,2.57844,-123.777,12.92842094,5
CE1,2102,29.5675,-102.883,12.92818523,5
CE1,2103,-1.79812,127.409,12.92787373,5
CE1,2104,-20.2511,31.0339,12.92752254,5
CE1,2105,17.9087,-90.135,12.92469348,5
CE1,2106,42.1442,-146.589,12.92429431,5
CE1,2107,-42.465,18.8264,12.9215845,5
CE1,2108,-54.838,-121.1,12.91195883,5
CE1,2109,34.3584,171.74,12.91102436,5
CE1,2110,28.4117,-95.737,12.90656535,5
CE1,2111,-28.4791,-12.498,12.90341897,3
CE1,2112,-58.4267,-114.972,12.89713435,5
CE1,2113,-41.1536,51.1848,12.8959779,5
CE1,2114,35.7491,-138.024,12.8908661,5
CE1,2115,-25.1279,-158.843,12.89054234,5
CE1,2116,-52.0944,36.1731,12.8874792,3
CE1,2117,-50.5111,81.8764,12.8817349,4
CE1,2118,-15.9204,68.3166,12.87982019,4
CE1,2119,-15.8985,81.4179,12.87934019,5
CE1,2120,-40.9234,89.9537,12.87907935,2
CE1,2121,-0.458438,119.271,12.87642407,5
CE1,2122,39.4496,135.534,12.87253141,5
CE1,2123,33.5707,-165.141,12.86424333,5
CE1,2124,6.20566,-145.237,12.8630697,5
CE1,2125,-35.7413,-35.061,12.86266448,2
CE1,2126,-51.0866,-178.237,12.86114495,3
CE1,2127,-40.8729,-20.023,12.85832357,5
CE1,2128,-62.3675,-58.689,12.85476961,2
CE1,2129,-58.18,87.23,12.85161515,5
CE1,2130,-7.93007,-62.285,12.85046087,4
CE1,2131,-13.2419,168.115,12.84955339,5
CE1,2132,-50.4823,-151.849,12.84671671,2
CE1,2133,-10.7135,8.32634,12.84606318,5
CE1,2134,-37.6892,52.9911,12.84519724,5
CE1,2135,21.8378,-146.203,12.84376321,5
CE1,2136,-35.8187,0.352054,12.8436148,5
CE1,2137,28.4392,127.946,12.84103927,5
CE1,2138,-51.226,-19.569,12.837299,2
CE1,2139,27.1533,55.8925,12.82724715,5
CE1,2140,39.4133,-158.315,12.8229261,5
CE1,2141,-50.2357,-101.222,12.82084744,5
CE1,2142,-48.2602,-142.19,12.82050469,5
CE1,2143,-40.5581,-28.178,12.81832203,5
CE1,2144,-41.6066,-123.844,12.81775511,5
CE1,2145,-35.3513,-31.674,12.81476652,5
CE1,2146,-20.9186,80.9442,12.81423379,5
CE1,2147,-50.7051,-11.803,12.81254821,3
CE1,2148,-30.9604,39.5934,12.81077518,5
CE1,2149,62.3785,141.698,12.80569786,5
CE1,2150,-36.6412,57.8282,12.80470037,5
CE1,2151,-47.6148,118.387,12.80394857,5
CE1,2152,44.9077,-104.377,12.79821697,5
CE1,2153,-23.095,21.1019,12.7960678,5
CE1,2154,-29.8546,153.333,12.7956292,5
CE1,2155,-63.8501,-150.686,12.79328115,2
CE1,2156,42.3211,-117.841,12.7925975,5
CE1,2157,-28.0393,122.963,12.79114298,5
CE1,2158,-41.9394,12.5467,12.78876603,5
CE1,2159,43.9579,133.18,12.77737408,5
CE1,2160,46.5721,-51.713,12.77546649,3
CE1,2161,44.1986,-104.078,12.77244556,5
CE1,2162,-37.5349,-19.318,12.76636689,5
CE1,2163,-29.1593,25.4024,12.76510774,5
CE1,2164,62.5759,-147.745,12.76501845,2
CE1,2165,59.5926,-79.103,12.76326902,2
CE1,2166,24.6915,166.267,12.74584611,5
CE1,2167,-42.5687,-15.407,12.74382347,5
CE1,2168,-31.5901,-144.503,12.73656302,5
CE1,2169,-47.1862,-37.653,12.73264239,5
CE1,2170,-29.8688,137.756,12.73129889,5
CE1,2171,46.2052,81.6202,12.72818752,5
CE1,2172,-35.3227,23.1792,12.72186403,5
CE1,2173,32.7639,155.809,12.71606768,5
CE1,2174,-54.2796,-112.22,12.71400385,5
CE1,2175,-48.367,-153.301,12.70898156,3
CE1,2176,-43.4875,-150.557,12.70368985,5
CE1,2177,39.6486,-175.467,12.68297723,5
CE1,2178,60.0264,152.704,12.68182675,2
CE1,2179,35.564,135.86,12.66909133,5
CE1,2180,-36.9425,21.9558,12.66475852,5
CE1,2181,-32.4675,145.999,12.66426322,5
CE1,2182,-27.1782,24.0783,12.66399256,5
CE1,2183,-59.3415,-144.156,12.66121805,2
CE1,2184,-2.9959,-156.688,12.65972974,5
CE1,2185,24.4585,-157.103,12.6498476,5
CE1,2186,15.4901,-87.623,12.64895818,5
CE1,2187,9.07156,73.1291,12.64883469,5
CE1,2188,-45.8487,95.6844,12.6447749,5
CE1,2189,-47.5656,5.53669,12.64415694,5
CE1,2190,-31.0436,119.234,12.63877025,5
CE1,2191,-27.8897,11.5749,12.63079692,5
CE1,2192,45.4655,62.2927,12.62846143,5
CE1,2193,5.46582,88.5775,12.62674876,5
CE1,2194,18.7124,46.7971,12.62080923,5
CE1,2195,-0.650898,-164.966,12.61923144,5
CE1,2196,-43.2959,-124.356,12.61035299,2
CE1,2197,-30.8379,10.8574,12.60980356,5
CE1,2198,32.8055,154.053,12.60487252,5
CE1,2199,-49.7949,-75.963,12.59477107,5
CE1,2200,-12.0963,8.39479,12.5921983,4
CE1,2201,-37.372,148.109,12.59100904,5
CE1,2202,-64.3121,84.4136,12.58774474,5
CE1,2203,-46.6548,64.6553,12.58648719,2
CE1,2204,-45.5439,-164.445,12.58495721,4
CE1,2205,60.5429,160.113,12.5826899,2
CE1,2206,-43.6657,-24.391,12.5783163,5
CE1,2207,-50.0494,125.303,12.57796013,5
CE1,2208,50.2885,-24.065,12.57407317,3
CE1,2209,11.0956,-89.006,12.56875109,5
CE1,2210,39.1846,128.333,12.56756578,5
CE1,2211,-7.85728,107.239,12.56549283,5
CE1,2212,-20.351,156.001,12.56058716,5
CE1,2213,44.9726,-131.072,12.55937228,5
CE1,2214,-35.6816,90.5496,12.55785948,2
CE1,2215,19.6022,-84.658,12.54778534,5
CE1,2216,56.5201,63.6225,12.54204596,5
CE1,2217,10.3227,109.467,12.53993756,5
CE1,2218,-44.5026,-40.688,12.53801436,5
CE1,2219,-32.9632,29.1998,12.53800567,5
CE1,2220,43.349,-101.45,12.53324944,5
CE1,2221,-61.3241,166.428,12.53111445,3
CE1,2222,-56.958,-42.395,12.52044786,2
CE1,2223,-52.6189,32.6778,12.51375261,4
CE1,2224,-29.8152,-43.168,12.51100161,4
CE1,2225,41.0711,-93.526,12.50898858,5
CE1,2226,-42.9107,22.3257,12.49958334,5
CE1,2227,-35.6993,-32.462,12.49853397,5
CE1,2228,-37.5855,-166.786,12.49384574,2
CE1,2229,-22.5756,-108.766,12.48819613,5
CE1,2230,-1.2566,153.482,12.48756803,5
CE1,2231,22.4782,-74.298,12.487054,5
CE1,2232,-43.8462,1.87408,12.48677618,5
CE1,2233,-31.7534,-121.794,12.48560918,5
CE1,2234,37.5791,41.0215,12.4822771,5
CE1,2235,29.0906,-122.784,12.48216902,5
CE1,2236,-50.3986,30.9266,12.4781758,5
CE1,2237,47.2694,-25.586,12.47754485,4
CE1,2238,-32.9872,88.4976,12.47673774,5
CE1,2239,-22.0241,-126.418,12.47556871,5
CE1,2240,-6.57835,66.6094,12.47358596,4
CE1,2241,-51.07,47.4267,12.47339512,5
CE1,2242,-42.3824,158.113,12.47307481,2
CE1,2243,61.8512,159.842,12.47032377,5
CE1,2244,-32.3212,-154.269,12.46675174,5
CE1,2245,13.4072,-118.532,12.46170322,5
CE1,2246,-48.4441,110.639,12.45948092,2
CE1,2247,40.0354,111.823,12.4583494,5
CE1,2248,-46.7104,21.6357,12.45207562,5
CE1,2249,62.9183,62.4306,12.44758264,5
CE1,2250,35.6444,133.981,12.44570797,5
CE1,2251,-62.1155,81.6419,12.43883113,5
CE1,2252,59.4505,127.382,12.43544961,5
CE1,2253,-30.4784,137.968,12.43033798,5
CE1,2254,10.0707,75.4047,12.42517189,5
CE1,2255,43.4335,-177.877,12.42387611,5
CE1,2256,40.7717,-116.003,12.42288212,5
CE1,2257,-59.3957,-113.304,12.42221302,2
CE1,2258,-50.1303,12.6894,12.41983712,2
CE1,2259,-23.3545,18.487,12.41742079,5
CE1,2260,-23.9922,45.4789,12.41700531,5
CE1,2261,-39.2545,-10.933,12.41466647,5
CE1,2262,-46.2504,165.611,12.41101115,5
CE1,2263,-24.6578,123.552,12.41027392,5
CE1,2264,-18.4387,-135.886,12.40525065,5
CE1,2265,-48.0133,-137.376,12.39947125,5
CE1,2266,35.9394,-112.358,12.39672308,5
CE1,2267,55.4648,162.07,12.39367516,5
CE1,2268,-50.9635,-116.568,12.37427606,5
CE1,2269,-30.9356,43.9328,12.37393546,5
CE1,2270,41.5906,142.648,12.37261243,5
CE1,2271,57.4011,139.804,12.35357996,4
CE1,2272,-32.3664,-152.222,12.35228952,4
CE1,2273,-25.8386,99.6589,12.34949073,5
CE1,2274,-60.7641,-159.286,12.34571276,5
CE1,2275,6.4712,54.5697,12.34568314,5
CE1,2276,-26.9464,35.5147,12.34078988,5
CE1,2277,-34.6882,77.4585,12.34058884,5
CE1,2278,8.83695,-90.241,12.3404767,5
CE1,2279,49.7415,164.741,12.33918315,5
CE1,2280,-34.3181,116.178,12.33871439,5
CE1,2281,13.3624,129.914,12.33801468,5
CE1,2282,-52.8251,131.948,12.3346851,5
CE1,2283,56.0021,-92.908,12.31826136,5
CE1,2284,-39.2488,-24.481,12.31684908,5
CE1,2285,-36.259,22.3451,12.31326165,5
CE1,2286,-49.6576,-91.581,12.30858242,2
CE1,2287,-31.9242,5.31521,12.30449876,5
CE1,2288,-30.6152,52.6248,12.30382123,5
CE1,2289,27.2065,-111.545,12.30138805,5
CE1,2290,0.79614,127.906,12.29656216,5
CE1,2291,-55.9581,-99.932,12.29599014,2
CE1,2292,56.6419,-163.021,12.29293414,5
CE1,2293,-63.9916,-151.843,12.28465858,2
CE1,2294,42.0867,-144.689,12.2721047,5
CE1,2295,-56.1577,93.0443,12.27182998,5
CE1,2296,-56.6855,-63.614,12.26913194,2
CE1,2297,58.7169,-95.574,12.26793129,2
CE1,2298,33.0858,95.6599,12.26776244,5
CE1,2299,-37.4813,-122.966,12.26730241,5
CE1,2300,60.472,167.605,12.26098542,2
CE1,2301,35.795,-127.686,12.26048445,5
CE1,2302,47.4179,69.8315,12.25945839,5
CE1,2303,41.1647,-146.317,12.25787202,5
CE1,2304,-30.5411,-52.211,12.25351693,5
CE1,2305,47.6908,-168.138,12.25068249,5
CE1,2306,-13.8684,66.4879,12.24394598,5
CE1,2307,-53.3959,121.765,12.24331366,5
CE1,2308,-41.3895,133.936,12.22741852,5
CE1,2309,-30.4031,137.03,12.22050166,5
CE1,2310,49.0778,-173.533,12.21834494,5
CE1,2311,-2.86886,-83.845,12.21796865,5
CE1,2312,-63.5291,-147.47,12.2111382,5
CE1,2313,-50.2028,21.9835,12.20496499,2
CE1,2314,-57.4915,-57.007,12.20139055,5
CE1,2315,40.9311,75.5054,12.20126776,5
CE1,2316,23.019,126.926,12.19923743,5
CE1,2317,45.7916,-126.617,12.19266457,5
CE1,2318,56.4946,-128.148,12.1924667,2
CE1,2319,-41.3604,11.4161,12.18304887,5
CE1,2320,-59.2152,-57.851,12.1810739,2
CE1,2321,-24.6353,-120.32,12.18029096,5
CE1,2322,-47.3736,-152.472,12.16857224,4
CE1,2323,-48.8889,-12.709,12.15883824,5
CE1,2324,-64.0346,-80.76,12.15651284,4
CE1,2325,-60.5227,-23.359,12.15273374,2
CE1,2326,46.8065,152.159,12.15270415,5
CE1,2327,31.7273,60.7422,12.14879162,5
CE1,2328,57.8289,90.0986,12.14030879,5
CE1,2329,40.9908,-45.533,12.13964367,4
CE1,2330,55.582,-45.24,12.13098227,4
CE1,2331,52.495,-113.867,12.12642407,5
CE1,2332,-12.6804,-46.642,12.12189899,2
CE1,2333,57.2872,64.5256,12.12166865,5
CE1,2334,-45.6902,-92.597,12.12135236,2
CE1,2335,-24.015,-52.813,12.11746331,5
CE1,2336,-38.096,-128.624,12.11435286,5
CE1,2337,32.8002,-171.058,12.11288438,5
CE1,2338,-46.6705,-140.632,12.10539218,2
CE1,2339,44.5235,179.654,12.10278787,5
CE1,2340,-32.6377,-131.04,12.09563348,5
CE1,2341,-37.9178,-161.642,12.09272839,2
CE1,2342,-13.3629,64.1434,12.09177573,2
CE1,2343,49.5731,-140.065,12.08407469,5
CE1,2344,-43.805,-119.337,12.0831715,5
CE1,2345,36.6221,161.476,12.08283634,5
CE1,2346,-26.7205,30.5474,12.08052035,5
CE1,2347,-45.8085,-150.533,12.07924264,5
CE1,2348,-35.1045,13.8964,12.07207211,5
CE1,2349,-33.5626,60.9306,12.07156334,5
CE1,2350,-36.7975,93.4634,12.0713321,5
CE1,2351,-29.7771,138.132,12.06975367,5
CE1,2352,-37.4012,131.878,12.06930937,5
CE1,2353,-52.0859,30.555,12.06908152,5
CE1,2354,-32.4015,50.1592,12.06733266,5
CE1,2355,-59.7624,-28.813,12.06193471,5
CE1,2356,-58.6169,18.1208,12.05813686,2
CE1,2357,24.5763,-118.054,12.05776432,5
CE1,2358,-9.91408,2.01755,12.05250737,2
CE1,2359,62.8281,46.401,12.04597664,5
CE1,2360,25.253,-170.114,12.04446985,5
CE1,2361,-45.1995,-24.451,12.02607001,5
CE1,2362,-58.0909,147.447,12.02191362,5
CE1,2363,39.1529,-46.677,12.02082174,4
CE1,2364,-30.4444,24.9232,12.01801099,5
CE1,2365,-26.8447,-142.72,12.01796113,5
CE1,2366,-17.7886,15.3367,12.01744378,5
CE1,2367,-50.7824,22.3685,12.01484147,5
CE1,2368,-18.0129,-130.585,12.00669724,5
CE1,2369,-42.5309,29.0008,12.00668889,5
CE1,2370,-49.5162,-119.261,12.00525953,5
CE1,2371,-53.3489,-34.93,12.00362501,2
CE1,2372,19.973,-31.17,12.00242852,3
CE1,2373,-31.2537,-18.427,12.0003554,5
CE1,2374,-42.614,153.829,11.99607793,5
CE1,2375,-46.8287,144.059,11.99158003,5
CE1,2376,42.3305,148.82,11.99003111,5
CE1,2377,-37.7234,-49.061,11.98404717,5
CE1,2378,63.3773,-155.221,11.98175997,2
CE1,2379,-44.1266,31.0129,11.97140163,5
CE1,2380,-33.6056,-146.935,11.96683784,5
CE1,2381,-45.0245,-62.452,11.96673034,5
CE1,2382,28.6977,-154.268,11.96557527,5
CE1,2383,39.7423,-159.049,11.96444979,5
CE1,2384,-35.4547,22.8269,11.96421248,5
CE1,2385,-19.438,28.635,11.9585745,5
CE1,2386,-36.5179,78.6628,11.95617068,5
CE1,2387,59.769,-109.769,11.95507865,2
CE1,2388,-55.8992,63.7502,11.9468595,1
CE1,2389,44.8911,149.474,11.9447386,5
CE1,2390,48.0968,144.078,11.9427878,5
CE1,2391,61.9458,-170.535,11.94068112,2
CE1,2392,-62.6427,143.845,11.93541999,2
CE1,2393,-42.6607,48.4817,11.93393615,5
CE1,2394,-46.4216,41.7148,11.93026035,5
CE1,2395,-38.2655,50.2577,11.9294371,5
CE1,2396,30.4756,135.067,11.92659307,5
CE1,2397,-42.2588,-137.797,11.92351088,5
CE1,2398,20.6825,81.0514,11.91964511,5
CE1,2399,5.57384,128.794,11.91818687,5
CE1,2400,20.8402,45.0351,11.91336948,5
CE1,2401,17.3432,102.99,11.90967342,5
CE1,2402,33.8103,67.3686,11.89934637,5
CE1,2403,-35.1805,-120.726,11.89778573,5
CE1,2404,-47.4027,-8.197,11.89730858,5
CE1,2405,-29.3992,-51.83,11.89575028,5
CE1,2406,35.7893,-130.76,11.89470955,5
CE1,2407,51.316,-152.65,11.89416866,5
CE1,2408,-63.0481,112.507,11.88516505,2
CE1,2409,-36.0642,35.562,11.87637833,5
CE1,2410,-29.5523,130.036,11.87553632,5
CE1,2411,-32.1949,-37.645,11.87512045,2
CE1,2412,52.3985,-30.292,11.87510158,4
CE1,2413,-42.9488,-129.554,11.87216426,5
CE1,2414,-58.6927,165.853,11.87082207,5
CE1,2415,-34.6354,-18.621,11.86962802,5
CE1,2416,-34.639,-10.387,11.86907289,5
CE1,2417,-38.4075,137.368,11.86774109,5
CE1,2418,-57.4193,4.66836,11.86414903,4
CE1,2419,-55.4857,-47.684,11.86345406,2
CE1,2420,-58.7733,-104.77,11.85957637,2
CE1,2421,43.2136,63.0599,11.85322001,5
CE1,2422,-36.9454,108.781,11.84624768,5
CE1,2423,10.2822,-69.386,11.84158049,4
CE1,2424,-31.1449,15.2388,11.83607425,5
CE1,2425,55.941,-89.88,11.83361102,5
CE1,2426,-41.6958,-135.844,11.83265282,5
CE1,2427,-32.5846,-14.911,11.82893723,5
CE1,2428,-38.3115,-14.617,11.82703661,5
CE1,2429,15.8954,50.6787,11.82613636,5
CE1,2430,-16.9657,58.7557,11.82605654,2
CE1,2431,26.3349,162.32,11.82346696,5
CE1,2432,37.0626,-109.43,11.81178533,5
CE1,2433,-42.6399,-92.765,11.81036035,5
CE1,2434,58.8316,163.769,11.81019898,5
CE1,2435,-21.3662,40.0179,11.80914658,5
CE1,2436,28.5988,-74.581,11.80723277,5
CE1,2437,-52.2327,146.929,11.79871275,5
CE1,2438,45.1579,160.214,11.7973615,5
CE1,2439,36.8222,-144.07,11.79521948,5
CE1,2440,-32.7992,1.10807,11.79495136,5
CE1,2441,-51.78,12.0651,11.79460693,5
CE1,2442,-33.2821,27.3093,11.78316534,5
CE1,2443,-44.8964,37.7951,11.77379739,5
CE1,2444,46.3259,-175.612,11.77102614,5
CE1,2445,-38.6764,59.6359,11.76578822,5
CE1,2446,-37.7622,23.9596,11.7628754,5
CE1,2447,-62.8982,159.18,11.75404471,4
CE1,2448,-24.188,95.2122,11.74930651,5
CE1,2449,57.1018,90.7671,11.74677365,5
CE1,2450,-49.558,-153.297,11.74092054,2
CE1,2451,60.676,-110.078,11.73979301,5
CE1,2452,47.8468,125.177,11.73871076,5
CE1,2453,36.1596,-135.662,11.73445865,5
CE1,2454,-62.7242,56.1018,11.73257865,5
CE1,2455,-62.2199,-67.084,11.73157121,5
CE1,2456,-27.9895,153.038,11.72962398,5
CE1,2457,-6.06377,134.03,11.7174776,5
CE1,2458,27.3802,-94.296,11.71536933,5
CE1,2459,-29.1336,-174.927,11.70557985,5
CE1,2460,-59.3138,18.7352,11.70204052,5
CE1,2461,23.9735,109.389,11.70052956,5
CE1,2462,26.9833,131.761,11.68952462,5
CE1,2463,31.0225,170.974,11.68938924,5
CE1,2464,-40.6649,-2.268,11.6801387,5
CE1,2465,29.1982,-126.059,11.6748494,5
CE1,2466,-51.7258,-17.607,11.673648,2
CE1,2467,17.2456,-138.345,11.67325272,5
CE1,2468,-55.3502,70.4131,11.6670214,5
CE1,2469,-29.0196,128.466,11.65435764,5
CE1,2470,-27.0039,-129.243,11.6529947,5
CE1,2471,-30.5261,135.746,11.65018906,5
CE1,2472,-48.3079,109.802,11.64454964,5
CE1,2473,44.9746,93.051,11.64025166,5
CE1,2474,-64.2211,-61.568,11.63640334,5
CE1,2475,34.0626,-116.229,11.61875479,5
CE1,2476,-46.9108,144.481,11.61189792,5
CE1,2477,47.2868,-125.393,11.60740161,5
CE1,2478,-48.5169,-164.582,11.60306381,3
CE1,2479,58.2075,122.753,11.59573325,5
CE1,2480,-31.0605,144.991,11.58495087,5
CE1,2481,36.8753,95.9027,11.57861191,5
CE1,2482,-47.8501,62.8241,11.57293706,5
CE1,2483,-48.2583,114.619,11.56805309,5
CE1,2484,-56.7922,-103.639,11.56501837,2
CE1,2485,44.9687,-164.324,11.5604002,5
CE1,2486,57.421,157.241,11.55910034,5
CE1,2487,-47.2288,166.076,11.55162215,5
CE1,2488,24.3397,73.3494,11.54871979,5
CE1,2489,30.8492,171.701,11.54606605,5
CE1,2490,-39.7219,-158.683,11.54407064,4
CE1,2491,-34.7181,166.582,11.54099887,5
CE1,2492,-62.396,123.888,11.53995947,5
CE1,2493,63.6398,-123.941,11.53956518,5
CE1,2494,38.4702,-43.507,11.53528944,2
CE1,2495,-38.8992,-144.671,11.53190482,5
CE1,2496,-44.4824,-116.846,11.52893412,5
CE1,2497,55.4292,120.555,11.52103249,5
CE1,2498,34.1316,52.1181,11.50588319,5
CE1,2499,43.7397,73.8071,11.50370285,5
CE1,2500,-35.4981,152.186,11.49044996,5
CE1,2501,-49.6961,55.1376,11.48567021,5
CE1,2502,-38.2983,28.6296,11.47914992,5
CE1,2503,-5.29533,63.8835,11.47694409,5
CE1,2504,-64.6197,-60.458,11.4682663,5
CE1,2505,-33.2942,34.2535,11.46583258,5
CE1,2506,-46.3441,90.0555,11.46062666,5
CE1,2507,-16.0655,154.973,11.45053006,5
CE1,2508,60.3774,170.034,11.44689691,5
CE1,2509,-44.1997,61.8703,11.44138612,5
CE1,2510,34.9699,-152.587,11.44070088,5
CE1,2511,-28.0584,-165.049,11.42961615,5
CE1,2512,-39.6124,-22.65,11.41142912,5
CE1,2513,-26.5484,-171.186,11.41121491,5
CE1,2514,-34.5698,149.91,11.40663099,5
CE1,2515,-42.4365,55.3912,11.40544052,5
CE1,2516,-55.9106,24.1322,11.40229042,5
CE1,2517,39.3308,-88.981,11.39250233,2
CE1,2518,52.3211,74.0787,11.39195978,5
CE1,2519,-39.7746,116.115,11.39100287,5
CE1,2520,-48.8943,-154.366,11.39044647,4
CE1,2521,-58.7394,-137.079,11.38141143,4
CE1,2522,-29.97,85.5879,11.38123669,5
CE1,2523,-50.4122,-115.389,11.37804222,5
CE1,2524,-34.7833,137.067,11.37708334,5
CE1,2525,-57.2191,162.61,11.37274088,5
CE1,2526,30.6293,-95.246,11.37147035,5
CE1,2527,-38.958,27.7873,11.37063109,5
CE1,2528,-62.456,-160.11,11.36572682,2
CE1,2529,-27.0463,-74.065,11.35932378,5
CE1,2530,46.4227,-162.689,11.35537542,5
CE1,2531,-47.5106,-143.485,11.35535311,2
CE1,2532,46.6056,-114.073,11.35233852,5
CE1,2533,-28.1775,71.6049,11.35207023,5
CE1,2534,-46.3206,-174.257,11.34933229,2
CE1,2535,-51.0183,-9.52,11.34559496,5
CE1,2536,-48.7264,-56.729,11.34043973,5
CE1,2537,-49.9035,-162.384,11.33172861,5
CE1,2538,43.0256,-100.173,11.33127157,5
CE1,2539,-47.8078,-119.511,11.32936341,5
CE1,2540,-58.5955,-151.359,11.32430113,2
CE1,2541,-51.1355,176.302,11.31943987,2
CE1,2542,-34.8652,37.6656,11.31289764,5
CE1,2543,33.1723,132.998,11.31066661,5
CE1,2544,24.3112,-85.904,11.30738377,5
CE1,2545,13.1985,96.5634,11.3073108,5
CE1,2546,55.805,-132.348,11.30526158,5
CE1,2547,-48.5091,-10.905,11.30398333,5
CE1,2548,-55.9277,-59.931,11.29479248,5
CE1,2549,-49.3817,161.997,11.2888789,5
CE1,2550,-19.5332,-63.492,11.28885836,5
CE1,2551,49.7513,-133.543,11.28791004,5
CE1,2552,-56.6956,149.639,11.28453555,5
CE1,2553,-48.6285,58.668,11.27818856,5
CE1,2554,-45.7727,-167.216,11.27755615,5
CE1,2555,55.2564,-106.29,11.27453331,5
CE1,2556,-36.6498,-145.071,11.26909566,5
CE1,2557,-62.2138,-123.331,11.26872699,5
CE1,2558,-35.1535,-94.183,11.26798871,5
CE1,2559,57.1165,-77.706,11.26725632,5
CE1,2560,-48.3717,-176.601,11.26090218,4
CE1,2561,-62.8672,-151.785,11.25986244,5
CE1,2562,60.6102,-118.999,11.25228143,5
CE1,2563,34.0714,107.767,11.24617438,5
CE1,2564,-56.6898,134.319,11.24010006,5
CE1,2565,40.8903,124.854,11.23269449,5
CE1,2566,-41.5935,-140.749,11.22656989,5
CE1,2567,34.649,-157.697,11.2230804,5
CE1,2568,50.2874,141.337,11.22151984,5
CE1,2569,46.8418,-162.084,11.21977008,5
CE1,2570,49.2386,153.797,11.21591743,5
CE1,2571,-47.1462,-21.365,11.21353982,5
CE1,2572,-47.9264,106.616,11.21103195,5
CE1,2573,-55.3112,-154.479,11.20955888,2
CE1,2574,-33.1693,-130.88,11.20713298,5
CE1,2575,48.7005,107.967,11.2003932,5
CE1,2576,-54.0428,154.853,11.19964572,5
CE1,2577,-27.4873,-133.13,11.19850064,5
CE1,2578,-57.9891,-175.423,11.19424181,5
CE1,2579,-48.4257,-149.785,11.19260975,3
CE1,2580,-56.9084,-108.203,11.18192972,5
CE1,2581,45.536,-163.072,11.17450792,5
CE1,2582,-62.8322,-8.344,11.1711366,5
CE1,2583,-45.3312,65.518,11.17080712,5
CE1,2584,48.4718,177.719,11.16941874,5
CE1,2585,45.3044,-118.916,11.16864316,5
CE1,2586,-51.5937,-80.237,11.16784434,5
CE1,2587,61.7994,147.205,11.16701232,5
CE1,2588,-57.0259,81.418,11.16423049,5
CE1,2589,30.3602,79.7547,11.16160318,5
CE1,2590,-58.308,-170.198,11.15914374,5
CE1,2591,-42.2301,-35.271,11.15665093,5
CE1,2592,-44.5127,-166.264,11.15455306,4
CE1,2593,52.4971,-153.324,11.15286152,5
CE1,2594,-48.8503,-65.726,11.15054666,5
CE1,2595,39.6052,-110.701,11.14986287,5
CE1,2596,-57.1266,137.038,11.1471396,5
CE1,2597,-49.4309,-114.142,11.14654711,5
CE1,2598,28.0012,79.3917,11.14024175,5
CE1,2599,-59.7862,-140.21,11.13610411,2
CE1,2600,47.7884,-146.102,11.13358672,5
CE1,2601,-50.9429,170.301,11.12723188,5
CE1,2602,-49.002,69.5228,11.10524278,5
CE1,2603,62.6435,58.9582,11.10040222,5
CE1,2604,-51.5725,-144.2,11.09756088,2
CE1,2605,60.1337,-107.175,11.09124525,5
CE1,2606,29.9565,81.6168,11.08580769,5
CE1,2607,-51.4251,119.953,11.08495742,5
CE1,2608,36.7462,91.1817,11.07985432,5
CE1,2609,-56.1716,-134.825,11.07877564,4
CE1,2610,-55.1889,64.9863,11.07872544,5
CE1,2611,-35.8173,14.7375,11.07224608,5
CE1,2612,-48.2289,-119.711,11.06595383,5
CE1,2613,-39.6277,-140.757,11.06510637,5
CE1,2614,-51.0706,-45.279,11.06152688,3
CE1,2615,-23.287,33.9596,11.06027604,5
CE1,2616,-48.2271,-139.126,11.05938047,5
CE1,2617,31.776,-90.068,11.04998733,5
CE1,2618,-50.4105,-9.389,11.04566628,5
CE1,2619,54.5253,131.174,11.03776714,5
CE1,2620,-29.5425,115.214,11.03763265,5
CE1,2621,-43.9972,-62.585,11.02483946,5
CE1,2622,-44.2152,-119.48,11.0215448,5
CE1,2623,-57.2897,-12.873,11.02137381,2
CE1,2624,55.1488,-154.686,11.02114404,5
CE1,2625,-48.0661,-46.956,11.02028966,5
CE1,2626,47.4277,138.506,11.00875647,5
CE1,2627,38.9377,-159.156,11.00704148,5
CE1,2628,-40.3066,-50.936,11.00639866,5
CE1,2629,-35.1851,9.60026,11.00468939,5
CE1,2630,-44.359,24.0692,11.0039067,5
CE1,2631,-42.6324,-100.986,10.99216715,5
CE1,2632,53.6032,155.131,10.98494746,5
CE1,2633,-38.3036,128.555,10.9720912,5
CE1,2634,-41.4203,126.811,10.9673758,5
CE1,2635,-33.0166,-46.531,10.96554369,5
CE1,2636,-50.8962,-98.712,10.96535145,5
CE1,2637,28.0111,-145.331,10.96409072,5
CE1,2638,-34.7227,-92.549,10.96144656,5
CE1,2639,36.6302,89.134,10.94775119,5
CE1,2640,-32.2966,38.3836,10.93758015,5
CE1,2641,55.4377,170.163,10.93426291,5
CE1,2642,-50.6973,-31.194,10.93245974,5
CE1,2643,-43.531,101.571,10.92218684,4
CE1,2644,60.4893,154.356,10.92214723,5
CE1,2645,-33.8205,-39.763,10.91665768,5
CE1,2646,46.1068,-100.074,10.91620496,5
CE1,2647,-44.5942,-151.987,10.91404344,3
CE1,2648,53.2824,-95.059,10.90675118,5
CE1,2649,-45.3967,167.938,10.90335623,5
CE1,2650,48.1784,103.612,10.90124625,5
CE1,2651,-48.0707,160.086,10.89701731,5
CE1,2652,43.5713,-147.373,10.89483367,5
CE1,2653,43.3433,13.2203,10.89301026,5
CE1,2654,-30.843,-48.309,10.89088421,5
CE1,2655,-37.4517,4.12309,10.88966972,5
CE1,2656,-56.2401,-86.054,10.87961918,2
CE1,2657,-49.2111,165.056,10.87811076,5
CE1,2658,-44.5459,-151.584,10.87680855,4
CE1,2659,-35.6985,-25.653,10.8750629,5
CE1,2660,-30.099,13.1171,10.86741458,5
CE1,2661,-29.0312,51.4232,10.86525899,5
CE1,2662,-37.3103,-4.927,10.86464788,5
CE1,2663,36.0663,90.8445,10.86462736,5
CE1,2664,43.5266,-118.787,10.86272192,5
CE1,2665,-52.5667,169.538,10.85278248,5
CE1,2666,-39.7532,154.33,10.85231392,5
CE1,2667,-54.4733,17.1711,10.85105675,5
CE1,2668,56.2329,-143.773,10.85100475,5
CE1,2669,-52.9178,158.828,10.84492403,5
CE1,2670,-16.9411,21.4147,10.84277723,5
CE1,2671,-59.0209,-164.228,10.82697031,5
CE1,2672,43.3196,176.961,10.81167815,5
CE1,2673,-40.8887,-160.301,10.80298522,4
CE1,2674,-44.1867,-58.988,10.80229517,5
CE1,2675,-57.8226,-39.544,10.79989755,5
CE1,2676,43.6052,-173.153,10.79840806,5
CE1,2677,-56.6374,-98.192,10.79467133,5
CE1,2678,38.7847,55.3281,10.78166913,5
CE1,2679,40.3529,78.7096,10.78050654,5
CE1,2680,-44.8216,130.76,10.77946505,5
CE1,2681,28.7395,-97.207,10.77700538,5
CE1,2682,-52.4468,123.572,10.75971222,5
CE1,2683,-37.3218,35.7753,10.75862756,5
CE1,2684,-48.346,163.025,10.75017334,5
CE1,2685,36.5452,-125.834,10.7464724,5
CE1,2686,61.5073,-147.543,10.74409569,2
CE1,2687,-43.5412,149.038,10.74094974,5
CE1,2688,-48.3404,-29.374,10.7390942,5
CE1,2689,-33.1483,-46.175,10.73218595,5
CE1,2690,-35.2618,-10.726,10.73109378,5
CE1,2691,-47.6171,77.5239,10.71422114,2
CE1,2692,54.412,-163.977,10.70153071,5
CE1,2693,63.7028,-98.817,10.69441546,5
CE1,2694,-53.816,-178.073,10.6916067,5
CE1,2695,61.4928,-75.196,10.68127918,5
CE1,2696,-48.0275,-118.418,10.67637157,5
CE1,2697,-34.0984,100.841,10.66793942,2
CE1,2698,52.2364,-18.597,10.66192895,5
CE1,2699,-52.7332,55.5398,10.65893234,5
CE1,2700,-64.0022,72.0487,10.65749037,2
CE1,2701,-27.1611,43.1959,10.65487279,5
CE1,2702,64.0491,-130.07,10.65451333,5
CE1,2703,-38.4281,-3.063,10.65292652,5
CE1,2704,-32.4404,78.1754,10.65259254,5
CE1,2705,-42.6806,79.3869,10.64469658,4
CE1,2706,-39.3792,112.094,10.6423819,5
CE1,2707,-63.145,-25.202,10.64204525,5
CE1,2708,49.3793,155.31,10.63894408,5
CE1,2709,-58.2426,-23.471,10.63368486,5
CE1,2710,-50.1322,166.308,10.62268287,5
CE1,2711,-43.9485,114.322,10.61266828,5
CE1,2712,61.7396,-144.478,10.61067918,5
CE1,2713,-50.8281,27.2652,10.61037921,5
CE1,2714,50.3262,-105.183,10.60700408,5
CE1,2715,-51.9615,-162.422,10.59923961,5
CE1,2716,24.5188,105.035,10.5962116,5
CE1,2717,-52.2999,68.2261,10.58649163,5
CE1,2718,-57.2491,80.0602,10.57758129,5
CE1,2719,-55.9276,139.459,10.57743101,2
CE1,2720,-52.7331,-172.861,10.57706975,4
CE1,2721,-54.2372,-164.159,10.57698385,2
CE1,2722,57.7017,152.573,10.5740614,5
CE1,2723,-64.0883,70.9621,10.57302188,5
CE1,2724,-39.2692,80.3283,10.56655272,5
CE1,2725,36.4298,-109.937,10.55974658,5
CE1,2726,46.8424,88.1083,10.55844257,5
CE1,2727,-58.3818,-160.801,10.55813567,5
CE1,2728,-31.9247,13.6453,10.55739877,5
CE1,2729,-42.422,145.893,10.5558945,5
CE1,2730,-55.4472,-133.013,10.55316595,3
CE1,2731,-58.8215,158.918,10.53251216,5
CE1,2732,-64.5725,120.422,10.53012712,5
CE1,2733,64.0036,-83.343,10.52692922,5
CE1,2734,58.9709,94.4902,10.52522336,5
CE1,2735,-45.7554,-57.71,10.5132624,5
CE1,2736,-55.0389,114.313,10.50631802,5
CE1,2737,-31.8376,-45.894,10.50533459,5
CE1,2738,-31.8335,-49.314,10.50442229,5
CE1,2739,-29.9997,-80.521,10.48758576,5
CE1,2740,-51.0864,-146.327,10.48658417,5
CE1,2741,-46.8515,1.85702,10.4814319,5
CE1,2742,-30.1571,-176.243,10.47290065,5
CE1,2743,-29.0632,-3.748,10.46883391,5
CE1,2744,-36.8466,16.0306,10.46206868,5
CE1,2745,-62.0191,150.42,10.45690896,5
CE1,2746,-45.6796,147.021,10.45282746,5
CE1,2747,-57.6142,-108.749,10.44960989,5
CE1,2748,-56.8833,-156.646,10.44890378,4
CE1,2749,-32.3532,-11.984,10.44682607,5
CE1,2750,-56.8117,-178.965,10.44278612,5
CE1,2751,-48.3994,-31.395,10.43039753,5
CE1,2752,-29.9952,143.314,10.42828522,5
CE1,2753,-40.2252,23.6106,10.42785396,5
CE1,2754,-57.4703,6.12985,10.42688503,5
CE1,2755,32.455,79.5584,10.42346291,5
CE1,2756,-56.2341,-130.717,10.41721605,4
CE1,2757,50.2398,145.881,10.41151561,5
CE1,2758,-37.2656,30.7715,10.40876862,5
CE1,2759,58.2838,-166.425,10.40647166,5
CE1,2760,-50.3881,165.343,10.40407098,5
CE1,2761,-55.4658,-60.562,10.40214488,5
CE1,2762,-54.9859,-104.462,10.38790664,5
CE1,2763,-63.2844,-75.087,10.38340327,4
CE1,2764,-56.4718,-71.035,10.38217146,5
CE1,2765,-51.5129,96.6284,10.38211847,5
CE1,2766,-55.8158,36.4353,10.37621524,4
CE1,2767,-47.5897,72.5989,10.37508352,5
CE1,2768,-49.4409,41.364,10.37271156,5
CE1,2769,34.1852,-85.199,10.37158202,5
CE1,2770,-30.5743,171.066,10.37038042,5
CE1,2771,-46.0644,19.2014,10.36621525,5
CE1,2772,51.62,-4.383,10.3619672,5
CE1,2773,37.2312,114.97,10.34848883,5
CE1,2774,-47.5291,71.2516,10.33910131,5
CE1,2775,59.4093,177.546,10.33861297,3
CE1,2776,64.6114,-159.021,10.33624645,5
CE1,2777,-58.8272,-156.91,10.32479592,5
CE1,2778,-60.2342,163.677,10.32335712,5
CE1,2779,60.4948,178.515,10.31849785,5
CE1,2780,-38.6453,-61.89,10.3164484,5
CE1,2781,-58.7937,-79.165,10.31277304,5
CE1,2782,1.45705,100.985,10.29766339,5
CE1,2783,63.8996,13.5643,10.29210213,5
CE1,2784,-48.6882,-109.274,10.29035701,5
CE1,2785,30.7271,147.866,10.28907825,5
CE1,2786,-62.774,-146.054,10.28813894,5
CE1,2787,-39.8723,-173.944,10.28629435,5
CE1,2788,-57.6378,49.8985,10.28426956,5
CE1,2789,-47.1618,109.668,10.27780497,5
CE1,2790,51.371,-37.213,10.27655394,5
CE1,2791,-48.5885,137.594,10.27189405,5
CE1,2792,48.689,133.377,10.27091917,5
CE1,2793,-49.1359,12.1224,10.2698353,5
CE1,2794,59.0611,-78.5,10.26894984,5
CE1,2795,-53.5667,147.535,10.2652856,5
CE1,2796,-47.105,-19.014,10.26193504,5
CE1,2797,-63.2811,-124.866,10.25738952,5
CE1,2798,-56.0212,-119.57,10.2515103,5
CE1,2799,-37.6207,68.1906,10.25118163,5
CE1,2800,-42.7991,78.14,10.25038865,5
CE1,2801,50.1582,-132.724,10.24910069,5
CE1,2802,-46.9546,-152.096,10.24564431,4
CE1,2803,-46.4319,-125.616,10.24388129,5
CE1,2804,58.9471,-137.039,10.23670049,5
CE1,2805,-40.2181,-173.434,10.23327676,5
CE1,2806,-56.2661,-40.695,10.22635934,5
CE1,2807,51.7263,-87.836,10.22087139,5
CE1,2808,-50.2621,146.091,10.21724811,5
CE1,2809,-44.6228,-145.027,10.2171768,5
CE1,2810,-47.5669,-31.757,10.20950562,5
CE1,2811,-49.301,-15.198,10.20355973,5
CE1,2812,-46.4856,-146.866,10.19966393,2
CE1,2813,-38.4306,160.721,10.19789031,5
CE1,2814,-64.0354,-160.16,10.19419214,5
CE1,2815,54.5264,-83.527,10.17227583,5
CE1,2816,-48.693,174.09,10.16691848,2
CE1,2817,-48.4862,-121.921,10.16235067,5
CE1,2818,-53.8185,8.33738,10.15925934,5
CE1,2819,-42.8031,-145.63,10.15733389,5
CE1,2820,-37.6308,110.271,10.15350751,5
CE1,2821,-48.3118,-58.011,10.15232145,5
CE1,2822,-32.5795,-47.801,10.15072029,5
CE1,2823,-35.9606,-6.468,10.1494401,5
CE1,2824,-49.4213,-7.942,10.145526,5
CE1,2825,-55.6192,20.6869,10.14396568,5
CE1,2826,-35.7614,-136.627,10.14303598,5
CE1,2827,-60.3008,22.5982,10.14203178,5
CE1,2828,-39.5112,109.093,10.14107036,5
CE1,2829,-53.4254,-33.793,10.13751486,5
CE1,2830,-46.3459,-142.988,10.13338219,5
CE1,2831,51.1267,-37.539,10.12803886,5
CE1,2832,-53.9007,116.241,10.12755998,5
CE1,2833,-58.1683,142.98,10.12355305,5
CE1,2834,-39.6565,123.367,10.1224293,5
CE1,2835,-40.3049,-143.228,10.11600579,5
CE1,2836,-61.0399,92.1762,10.11511863,5
CE1,2837,-55.0862,-49.357,10.1115487,5
CE1,2838,62.3718,147.12,10.10356454,5
CE1,2839,-50.7563,102.024,10.10109084,5
CE1,2840,-59.1229,-25.368,10.09926787,5
CE1,2841,64.2061,70.7936,10.09887216,5
CE1,2842,-49.6515,-36.685,10.09746989,5
CE1,2843,55.4695,92.439,10.09199402,5
CE1,2844,-55.4676,15.3852,10.07489772,5
CE1,2845,44.6867,168.011,10.06089866,5
CE1,2846,52.3256,-27.532,10.05776194,3
CE1,2847,-54.9776,-83.918,10.05417421,5
CE1,2848,-60.2749,79.4317,10.04826676,5
CE1,2849,39.052,65.6822,10.03830115,5
CE1,2850,58.5367,-119.2,10.03809098,5
CE1,2851,-50.5958,169.065,10.03106007,5
CE1,2852,-46.4459,-91.452,10.02958031,5
CE1,2853,-61.2765,168.33,10.02440874,4
CE1,2854,-32.0971,-154.106,10.0076695,5
CE1,2855,-50.0874,90.77,9.998711854,5
CE1,2856,42.5848,161.84,9.996770479,5
CE1,2857,37.2216,130.545,9.991481952,5
CE1,2858,43.7137,-91.432,9.991056828,5
CE1,2859,-34.8861,-25.302,9.985485633,5
CE1,2860,-41.5586,-36.032,9.971546117,5
CE1,2861,-45.8174,-148.821,9.966642273,5
CE1,2862,-45.9371,165.363,9.948404497,5
CE1,2863,-58.7454,72.8856,9.947780724,5
CE1,2864,61.1465,-28.296,9.940134058,5
CE1,2865,-48.5828,-108.385,9.934610658,5
CE1,2866,26.834,-170.283,9.931833504,5
CE1,2867,-52.7361,-131.061,9.929242403,5
CE1,2868,-60.6945,-15.228,9.926304873,5
CE1,2869,46.2278,-97.252,9.923649889,5
CE1,2870,49.6253,54.6932,9.915774349,5
CE1,2871,-50.3102,-90.78,9.908690511,5
CE1,2872,51.9123,-25.644,9.907720516,5
CE1,2873,-56.3663,-122.561,9.903378845,5
CE1,2874,-54.61,-96.874,9.897412245,5
CE1,2875,-51.7,71.5149,9.895659302,5
CE1,2876,-49.7818,-75.635,9.895369622,5
CE1,2877,56.5816,-28.319,9.856540555,4
CE1,2878,-57.2733,-47.03,9.853996978,5
CE1,2879,46.9002,155.824,9.848804503,5
CE1,2880,-46.6521,-147.432,9.844249875,5
CE1,2881,-33.403,15.0237,9.842808024,5
CE1,2882,50.5844,-151.869,9.836124777,5
CE1,2883,46.4987,-53.772,9.829207293,4
CE1,2884,-42.9588,-34.024,9.823162683,5
CE1,2885,-55.9094,138.697,9.823037931,5
CE1,2886,-51.2124,-15.283,9.822692152,5
CE1,2887,-56.7076,43.2222,9.819428447,5
CE1,2888,59.8514,173.564,9.818412104,5
CE1,2889,-47.8542,3.20209,9.808616656,5
CE1,2890,-37.1217,-32.091,9.808326745,5
CE1,2891,-63.8158,-7.311,9.807361779,5
CE1,2892,49.9499,-112.183,9.806000133,5
CE1,2893,-37.5034,63.5761,9.804801221,5
CE1,2894,62.9451,-156.576,9.795695086,2
CE1,2895,-44.1243,-117.547,9.791060297,5
CE1,2896,-34.3031,43.7954,9.790348684,5
CE1,2897,-55.7875,-160.34,9.777180151,4
CE1,2898,-56.6202,56.5795,9.766579121,5
CE1,2899,-61.9306,-154.331,9.766426376,5
CE1,2900,62.8341,110.51,9.753661102,5
CE1,2901,55.5245,-90.108,9.745810155,5
CE1,2902,54.0478,168.948,9.72808756,5
CE1,2903,-59.5053,-141.237,9.724530014,5
CE1,2904,-38.6068,-160.07,9.71018027,5
CE1,2905,-58.7425,-59.031,9.709071262,5
CE1,2906,-40.4754,127.351,9.705389766,5
CE1,2907,-63.9902,63.1858,9.692774226,5
CE1,2908,-58.7165,79.4501,9.686371475,5
CE1,2909,62.3886,160.541,9.686206525,5
CE1,2910,52.8531,-25.262,9.655686652,5
CE1,2911,-58.9496,-62.394,9.655517621,5
CE1,2912,-34.5967,39.7695,9.655224251,5
CE1,2913,52.6884,-102.474,9.653979587,5
CE1,2914,63.6806,151.163,9.649136497,5
CE1,2915,-54.022,-88.768,9.644812232,5
CE1,2916,-60.7464,110.851,9.640057099,5
CE1,2917,60.0149,-38.997,9.608656176,5
CE1,2918,-45.28,132.714,9.604600824,5
CE1,2919,-58.5953,-171.555,9.585765266,5
CE1,2920,44.2645,166.401,9.581827589,5
CE1,2921,64.158,164.476,9.579998688,5
CE1,2922,48.5356,-33.825,9.578819367,5
CE1,2923,49.4303,112.209,9.565154544,5
CE1,2924,-57.0486,-87.002,9.558560253,5
CE1,2925,32.0633,-116.213,9.553621525,5
CE1,2926,-63.6328,145.717,9.552195174,5
CE1,2927,-46.942,-22.245,9.545690808,5
CE1,2928,-44.8328,-20.339,9.539269649,5
CE1,2929,43.8695,167.055,9.537615616,5
CE1,2930,-49.1013,11.738,9.529878179,5
CE1,2931,-57.2012,-60.374,9.520436373,2
CE1,2932,-47.0538,120.183,9.518377929,5
CE1,2933,62.3826,-106.246,9.510345155,5
CE1,2934,-53.3237,174.798,9.497203342,5
CE1,2935,57.7571,117.174,9.487694811,5
CE1,2936,-59.8432,-89.499,9.467373527,5
CE1,2937,-55.6206,147.241,9.465274865,5
CE1,2938,-51.0931,145.703,9.464308879,5
CE1,2939,64.3589,159.866,9.45765385,5
CE1,2940,-60.0529,-68.658,9.446940535,5
CE1,2941,-56.4152,-169.885,9.441189227,4
CE1,2942,-45.1875,-143.65,9.440408828,5
CE1,2943,-61.047,-134.57,9.436320378,3
CE1,2944,-53.0907,-108.52,9.432745954,5
CE1,2945,60.905,-144.241,9.427822385,5
CE1,2946,-42.2922,11.3199,9.426850721,5
CE1,2947,-36.9302,-9.198,9.42477673,5
CE1,2948,54.0009,-112.052,9.403242407,5
CE1,2949,-43.7758,156.792,9.396875645,5
CE1,2950,-50.4313,-164.078,9.396397492,4
CE1,2951,-48.4356,64.5964,9.385217107,5
CE1,2952,55.9708,-98.57,9.380284851,5
CE1,2953,-56.6482,67.0896,9.376976683,5
CE1,2954,-58.6584,10.5409,9.375605119,2
CE1,2955,-53.5529,23.5518,9.370516246,5
CE1,2956,-48.8514,-10.531,9.36272604,5
CE1,2957,-57.4126,37.5832,9.361138834,5
CE1,2958,-57.0111,-131.857,9.3543764,3
CE1,2959,-47.5445,-138.116,9.345180075,4
CE1,2960,-59.6229,-111.493,9.336797252,5
CE1,2961,-55.5629,157.862,9.335991277,5
CE1,2962,50.2648,-81.242,9.326027407,5
CE1,2963,57.7293,-32.083,9.323604054,5
CE1,2964,38.838,172.029,9.317079811,5
CE1,2965,43.2555,107.42,9.316965339,5
CE1,2966,-48.0059,23.9178,9.307017868,5
CE1,2967,-58.7774,66.1706,9.304700664,5
CE1,2968,-51.3046,99.034,9.299290924,5
CE1,2969,61.0435,135.216,9.295689227,2
CE1,2970,-47.122,-22.548,9.291177634,5
CE1,2971,55.8086,-49.563,9.285208239,5
CE1,2972,-49.2618,17.9665,9.280125024,5
CE1,2973,-55.9311,167.165,9.277197775,5
CE1,2974,45.3846,-96.313,9.275086757,5
CE1,2975,-48.9165,-165.053,9.27447056,4
CE1,2976,61.9489,142.646,9.271706146,5
CE1,2977,-60.6862,144.556,9.268749813,5
CE1,2978,-58.0453,-87.385,9.263088324,5
CE1,2979,-57.6579,-33.706,9.261236008,5
CE1,2980,-12.0285,17.155,9.25900713,5
CE1,2981,-57.5498,22.2273,9.249913953,5
CE1,2982,-57.4373,32.3949,9.241529182,5
CE1,2983,-58.842,-93.507,9.240022183,5
CE1,2984,51.3103,-38.457,9.239017001,3
CE1,2985,-40.9967,8.06174,9.236198353,5
CE1,2986,46.0796,93.8768,9.234410378,5
CE1,2987,-37.6658,147.596,9.231169626,5
CE1,2988,-48.2232,22.5065,9.227735022,5
CE1,2989,-50.6691,-127.646,9.226449247,5
CE1,2990,51.9693,-104.322,9.217488321,5
CE1,2991,-55.7558,-80.895,9.206245667,5
CE1,2992,-61.8237,-175.461,9.205043856,5
CE1,2993,51.2675,-24.548,9.204070824,5
CE1,2994,-62.9349,50.6151,9.199949827,5
CE1,2995,45.6149,-138.231,9.178072187,5
CE1,2996,-45.4233,-5.138,9.173108503,5
CE1,2997,-44.8541,26.2157,9.149166853,5
CE1,2998,-46.8859,78.8271,9.148418716,5
CE1,2999,56.2386,-167.748,9.13728666,5
CE1,3000,47.9375,-178.078,9.133094411,5
CE1,3001,-55.2965,-106.377,9.129392595,5
CE1,3002,-47.7618,41.969,9.12921608,5
CE1,3003,-47.0473,-6.782,9.126856855,5
CE1,3004,-57.3569,90.5783,9.126327527,5
CE1,3005,45.4035,-99.966,9.121295646,5
CE1,3006,57.6797,-126.113,9.100849443,5
CE1,3007,-51.2312,-163.952,9.097843848,4
CE1,3008,-58.9211,103.655,9.096019593,5
CE1,3009,62.713,133.838,9.093190187,5
CE1,3010,58.7772,-122.681,9.091273574,5
CE1,3011,-57.555,150.655,9.089546163,5
CE1,3012,59.8234,-41.843,9.079590766,5
CE1,3013,-64.4933,-64.652,9.067035011,5
CE1,3014,53.1083,138.292,9.066318044,5
CE1,3015,-58.6653,102.57,9.062868617,5
CE1,3016,-55.3784,-69.854,9.053888518,5
CE1,3017,54.3994,172.447,9.049933533,5
CE1,3018,-58.4971,-119.285,9.038145825,5
CE1,3019,24.9315,-100.012,9.024391669,5
CE1,3020,61.1116,175.151,9.008606392,5
CE1,3021,-52.6798,-97.13,8.996493708,5
CE1,3022,-51.2394,167.4,8.986656493,5
CE1,3023,57.3975,167.703,8.969840651,5
CE1,3024,58.8726,64.1177,8.963737406,5
CE1,3025,-63.4946,2.16342,8.953365537,2
CE1,3026,57.0659,-59.592,8.944076521,5
CE1,3027,-57.5412,-125.429,8.936639514,5
CE1,3028,64.6764,-82.137,8.921957787,5
CE1,3029,-42.9748,112.166,8.921184267,5
CE1,3030,-55.7742,-10.96,8.91261709,5
CE1,3031,57.0153,-178.181,8.905435922,5
CE1,3032,-48.5895,-160.721,8.905005327,5
CE1,3033,-59.5677,-109.776,8.902362013,5
CE1,3034,-46.8268,-151.766,8.901762278,4
CE1,3035,-61.6582,19.1668,8.888142746,5
CE1,3036,-48.4643,88.7175,8.881108365,4
CE1,3037,53.0435,-171.325,8.852954822,5
CE1,3038,-58.8537,127.632,8.847842492,5
CE1,3039,-43.8004,-18.593,8.832787696,5
CE1,3040,58.1153,-157.517,8.82094268,5
CE1,3041,-56.6793,144.583,8.818324003,5
CE1,3042,51.5281,-15.225,8.816307468,5
CE1,3043,48.1388,155.978,8.803519129,5
CE1,3044,-52.0338,-3.598,8.797599733,5
CE1,3045,-61.7091,11.2134,8.794566864,5
CE1,3046,52.038,149.972,8.781212954,5
CE1,3047,-5.90997,19.8784,8.774472314,5
CE1,3048,50.1,-62.04,8.763563162,5
CE1,3049,-58.0424,-26.055,8.751240246,5
CE1,3050,-57.7442,-78.715,8.727748684,5
CE1,3051,62.607,-136.299,8.719777079,5
CE1,3052,64.0805,60.3864,8.719382492,5
CE1,3053,-58.8716,-116.186,8.717674867,5
CE1,3054,58.4082,179.563,8.717560291,5
CE1,3055,-59.7287,118.606,8.713663575,5
CE1,3056,57.8735,-163.912,8.711839342,5
CE1,3057,47.2158,-48.509,8.709338911,5
CE1,3058,61.9372,80.8882,8.699790118,5
CE1,3059,-58.4451,128.712,8.692082286,5
CE1,3060,58.2839,-171.305,8.688697536,5
CE1,3061,49.5553,167.958,8.679827012,5
CE1,3062,43.9242,-146.713,8.663122051,5
CE1,3063,-60.291,-95.232,8.651297149,5
CE1,3064,52.0001,6.94693,8.622151561,5
CE1,3065,-57.855,-165.52,8.591425761,5
CE1,3066,57.67,-103.657,8.589345074,5
CE1,3067,-48.4056,-126.471,8.586823545,5
CE1,3068,-48.0431,89.8953,8.583035173,5
CE1,3069,-34.8825,-17.889,8.56127467,5
CE1,3070,47.5487,-35.694,8.551702735,5
CE1,3071,-56.9783,-126.187,8.523167784,5
CE1,3072,62.6605,107.648,8.512123672,5
CE1,3073,-51.0159,-0.413,8.510444109,5
CE1,3074,48.5714,-179.238,8.509467585,5
CE1,3075,-33.8776,128.974,8.499629952,5
CE1,3076,53.2416,-24.259,8.493942789,5
CE1,3077,-58.2896,103.305,8.486056877,5
CE1,3078,-60.9004,-6.402,8.462597649,5
CE1,3079,-62.8947,-154.973,8.461084786,5
CE1,3080,59.3797,-130.486,8.432387716,5
CE1,3081,60.8363,-160.31,8.424539821,5
CE1,3082,53.894,140.24,8.411645708,5
CE1,3083,-58.9414,-4.832,8.409559713,5
CE1,3084,-60.2208,20.1276,8.409122192,5
CE1,3085,54.5401,-22.722,8.382178177,5
CE1,3086,52.6016,-33.891,8.379044425,5
CE1,3087,50.9999,35.1837,8.372199919,5
CE1,3088,-38.9824,16.4973,8.365975894,5
CE1,3089,-55.4097,-47.19,8.365026469,5
CE1,3090,-59.3596,71.1929,8.362216054,5
CE1,3091,-55.113,13.1687,8.361932921,5
CE1,3092,47.1791,-48.839,8.354154481,5
CE1,3093,47.508,159.252,8.340694516,5
CE1,3094,-57.7706,-97.535,8.334947617,5
CE1,3095,-59.1078,-31.497,8.329426681,5
CE1,3096,60.2081,-113.298,8.325187478,5
CE1,3097,-54.5522,74.4232,8.318687284,4
CE1,3098,-61.5329,80.3419,8.318412481,5
CE1,3099,-57.7243,-108.218,8.315967048,5
CE1,3100,61.7939,110.237,8.314334928,5
CE1,3101,-51.2093,-17.631,8.309011106,5
CE1,3102,61.7412,-141.466,8.295360248,5
CE1,3103,-63.7577,52.7328,8.279058304,5
CE1,3104,-63.8547,8.72051,8.271671111,2
CE1,3105,63.5937,148.209,8.255962951,5
CE1,3106,-59.9438,-146.946,8.252982464,5
CE1,3107,-47.8469,81.2711,8.246845327,5
CE1,3108,-59.6365,-61.694,8.230591525,5
CE1,3109,-7.52158,99.6509,8.228744121,5
CE1,3110,-62.9713,-44.024,8.228560954,5
CE1,3111,62.1453,-144.965,8.224318837,5
CE1,3112,61.6244,-36.224,8.222271419,5
CE1,3113,-59.8096,-32.139,8.221435091,5
CE1,3114,-58.9893,20.544,8.215134795,5
CE1,3115,-37.7613,-65.972,8.203656747,5
CE1,3116,-61.1713,-118.427,8.189666624,5
CE1,3117,-47.7293,18.2175,8.185642765,5
CE1,3118,-49.3435,-161.54,8.181717234,5
CE1,3119,-48.8997,6.22924,8.177345033,5
CE1,3120,59.9359,-133.119,8.17468277,5
CE1,3121,50.5489,140.706,8.172561619,5
CE1,3122,-10.5197,105.532,8.166814021,3
CE1,3123,61.8748,-158.91,8.158470478,5
CE1,3124,-58.5421,-110.881,8.157389839,5
CE1,3125,-32.4112,102.131,8.156447034,5
CE1,3126,58.5,-125.003,8.154710935,5
CE1,3127,-64.3887,-165.972,8.14249097,5
CE1,3128,60.7827,112.647,8.139669172,5
CE1,3129,-52.4164,-126.451,8.136357365,5
CE1,3130,-56.5639,11.7591,8.122164512,5
CE1,3131,-61.2305,143.811,8.12181296,5
CE1,3132,-58.3921,-25.346,8.095027337,5
CE1,3133,-55.9079,126.967,8.087126366,5
CE1,3134,60.1508,-175.083,8.068906366,5
CE1,3135,54.4099,-104.151,8.063020001,5
CE1,3136,-61.718,-79.136,8.025183292,4
CE1,3137,-59.2801,-166.158,8.022628835,5
CE1,3138,-64.4815,-154.18,8.020253951,5
CE1,3139,-56.7228,96.3147,8.010700844,5
CE1,3140,58.9552,-67.085,8.010133579,5
CE1,3141,-49.3506,-121.358,8.003467143,5
CE1,3142,-60.2672,90.5734,8.00098069,5
CE1,3314,-26.5622,97.9602,19.93424971,1
CE1,3315,-48.6504,-117.802,19.90693882,2
CE1,3316,9.90788,-76.68,19.83913195,2
CE1,3317,29.093,-156.878,19.82984611,2
CE1,3318,38.7866,175.681,19.80936775,2
CE1,3319,-3.62801,-97.371,19.79264116,5
CE1,3320,-9.71879,88.9635,19.79058325,2
CE1,3321,-15.1958,-158.234,19.77028105,5
CE1,3322,-32.9013,35.9543,19.75991676,1
CE1,3323,51.9277,-108.761,19.75256194,2
CE1,3324,10.4794,-62.838,19.75063975,4
CE1,3325,10.669,26.6938,19.72892108,4
CE1,3326,-18.8106,-156.357,19.71829702,5
CE1,3327,6.03362,112.578,19.71689304,5
CE1,3328,-22.0769,-115.486,19.68969394,5
CE1,3329,-40.4889,-9.945,19.66744705,2
CE1,3330,35.3651,-107.993,19.5766808,2
CE1,3331,-44.8909,47.4998,19.57316749,2
CE1,3332,15.2346,-28.312,19.56697814,3
CE1,3333,50.6538,-24.76,19.56334421,4
CE1,3334,40.5109,4.77088,19.55790632,5
CE1,3335,-21.0675,103.283,19.52486456,2
CE1,3336,63.7385,34.4047,19.51737852,1
CE1,3337,0.260224,-173.344,19.50058702,5
CE1,3338,-23.2812,-28.45,19.46145993,4
CE1,3339,-3.63463,144.454,19.45193744,5
CE1,3340,-20.429,-33.955,19.42678727,2
CE1,3341,-2.46915,173.406,19.41675103,5
CE1,3342,30.5789,47.2845,19.38614666,5
CE1,3343,-21.5806,-137.122,19.37893093,5
CE1,3344,-1.28621,79.7761,19.3731329,2
CE1,3345,16.0424,77.7153,19.36389486,3
CE1,3346,-24.2377,-158.212,19.33782777,5
CE1,3347,40.9851,-105.649,19.33299902,4
CE1,3348,-34.775,-76.811,19.32929155,2
CE1,3349,-57.9979,128.27,19.2933548,5
CE1,3350,13.0568,-112.541,19.24909519,5
CE1,3351,29.0183,-162.067,19.22669624,5
CE1,3352,19.1708,-173.183,19.20703136,5
CE1,3353,24.4159,176.956,19.15877377,5
CE1,3354,-18.8498,-123.611,19.13629549,2
CE1,3355,-43.8685,143.288,19.11808619,5
CE1,3356,13.0459,65.2069,19.06648739,5
CE1,3357,-61.8843,-64.039,19.05960268,2
CE1,3358,-26.6714,1.51708,19.04606779,5
CE1,3359,2.61455,179.117,19.03780279,5
CE1,3360,-14.3436,-148.224,19.01373713,5
CE1,3361,-6.55839,-5.595,18.99813492,2
CE1,3362,-4.89903,22.2297,18.98802217,5
CE1,3363,-9.22237,35.423,18.98578042,2
CE1,3364,2.06463,7.34712,18.98135471,2
CE1,3365,-41.8947,35.4351,18.98112195,2
CE1,3366,-7.50299,37.6774,18.96202669,5
CE1,3367,-11.116,-63.771,18.94772382,2
CE1,3368,21.8466,80.1022,18.9284903,4
CE1,3369,-63.8166,93.9523,18.91595324,2
CE1,3370,34.5658,42.9144,18.9075027,2
CE1,3371,-2.87764,6.99067,18.90623173,5
CE1,3372,13.3989,-123.712,18.90533583,5
CE1,3373,-6.05742,66.8258,18.88590759,3
CE1,3374,42.3421,68.9383,18.88142114,2
CE1,3375,-36.0004,78.6899,18.87477263,2
CE1,3376,23.9228,-103.044,18.86999075,5
CE1,3377,-0.013014,99.8789,18.86018709,2
CE1,3378,1.01062,82.2651,18.85953344,2
CE1,3379,5.09283,166.107,18.85382618,5
CE1,3380,-18.3047,101.34,18.80003087,2
CE1,3381,-14.0631,91.3318,18.78785117,2
CE1,3382,57.5499,-167.066,18.78206702,5
CE1,3383,-37.9467,-33.458,18.77422358,3
CE1,3384,-15.2936,-153.492,18.76640464,5
CE1,3385,7.51811,122.39,18.75601432,5
CE1,3386,-12.1179,141.658,18.75234223,2
CE1,3387,35.6824,44.2621,18.71476857,4
CE1,3388,1.39134,116.854,18.7122893,5
CE1,3389,56.4286,55.5844,18.6609348,4
CE1,3390,-30.2583,163.842,18.65612382,5
CE1,3391,22.5464,-107.336,18.63595887,5
CE1,3392,-7.69875,-53.312,18.63380786,4
CE1,3393,-40.1266,62.8294,18.63018508,2
CE1,3394,-37.7866,-37.881,18.62674368,3
CE1,3395,-12.278,115.572,18.62355301,5
CE1,3396,-0.88266,20.7738,18.60580529,2
CE1,3397,61.894,-179.825,18.60184231,1
CE1,3398,25.5267,64.8614,18.58408203,4
CE1,3399,-35.8879,-154.204,18.57885078,2
CE1,3400,-9.91343,143.189,18.57775417,2
CE1,3401,-27.4211,50.5506,18.57026496,2
CE1,3402,11.4327,-67.725,18.54484306,3
CE1,3403,59.3181,150.284,18.54066614,2
CE1,3404,-20.1838,149.602,18.49763289,5
CE1,3405,19.0618,-170.492,18.49396773,5
CE1,3406,19.4878,-142.037,18.48941208,5
CE1,3407,37.0488,7.89903,18.48423055,4
CE1,3408,-20.4364,148.912,18.46666349,2
CE1,3409,-58.153,-63.812,18.45254513,2
CE1,3410,13.1677,-20.381,18.4249471,5
CE1,3411,12.6347,107.948,18.4051409,5
CE1,3412,-25.9285,145.458,18.394684,2
CE1,3413,-13.366,-33.975,18.35378587,4
CE1,3414,29.3656,149.151,18.33548865,2
CE1,3415,-21.0898,18.4847,18.30905799,3
CE1,3416,3.42622,101.95,18.30791875,5
CE1,3417,11.3101,142.661,18.30329296,5
CE1,3418,25.0373,-120.2,18.30174325,5
CE1,3419,-6.96014,-135.199,18.27518157,5
CE1,3420,5.45827,143.536,18.26390304,5
CE1,3421,-35.0956,-26.55,18.25537154,2
CE1,3422,-23.0752,-72.636,18.24051741,2
CE1,3423,-9.12453,38.3171,18.23710782,3
CE1,3424,15.6523,-127.312,18.15497058,5
CE1,3425,-29.4443,130.742,18.14946582,2
CE1,3426,9.85878,-117.487,18.13700864,5
CE1,3427,12.826,-125.396,18.13452314,5
CE1,3428,-28.9396,68.0333,18.10577802,2
CE1,3429,-21.9537,-12.501,18.10002338,4
CE1,3430,-53.7788,68.1103,18.09958355,1
CE1,3431,-2.10571,175.789,18.07548352,5
CE1,3432,20.6741,-76.151,18.06506836,3
CE1,3433,7.0512,104.959,18.06301081,5
CE1,3434,-19.7553,43.3837,18.06060869,2
CE1,3435,-19.9254,-135.19,18.04275516,5
CE1,3436,-50.6619,-84.862,18.02334874,2
CE1,3437,-17.1886,138.813,18.02254722,2
CE1,3438,-7.4353,69.6164,17.99892676,3
CE1,3439,12.2096,-25.997,17.99757105,5
CE1,3440,48.8936,-176.925,17.96504648,5
CE1,3441,21.5277,-157.103,17.95764538,5
CE1,3442,23.8964,-74.002,17.94011403,3
CE1,3443,-9.12662,-62.633,17.92873387,3
CE1,3444,-58.7401,122.823,17.9284634,5
CE1,3445,41.7505,-98.849,17.90075583,2
CE1,3446,25.1748,-93.711,17.89796997,5
CE1,3447,-31.6635,-152.152,17.88780252,5
CE1,3448,-46.3037,-164.429,17.88122826,4
CE1,3449,-42.7976,-44.762,17.859944,3
CE1,3450,4.39898,58.2255,17.84442483,3
CE1,3451,-33.5057,17.871,17.83693572,2
CE1,3452,-44.0056,-13.923,17.83633421,2
CE1,3453,49.6154,-176.064,17.83392307,2
CE1,3454,-38.9635,40.5107,17.82953654,3
CE1,3455,-42.866,46.8793,17.8167375,2
CE1,3456,-41.1597,147.148,17.79704808,5
CE1,3457,16.9162,-77.917,17.79439082,3
CE1,3458,-29.0584,62.9445,17.79176561,4
CE1,3459,27.1795,-129.154,17.78938758,5
CE1,3460,-38.7388,-8.08,17.73281353,2
CE1,3461,-47.5754,-16.992,17.7255644,3
CE1,3462,54.9218,-102.941,17.71536566,2
CE1,3463,50.4373,178.731,17.68263923,2
CE1,3464,35.0226,-87.893,17.64760887,4
CE1,3465,20.1182,67.9089,17.63925224,3
CE1,3466,39.5206,-88.194,17.63491915,2
CE1,3467,26.8972,-119.418,17.61944468,5
CE1,3468,-30.1279,-17.07,17.60193213,3
CE1,3469,-9.57401,-159.316,17.58358419,5
CE1,3470,-12.8535,-57.176,17.57729387,2
CE1,3471,49.0374,-78.281,17.57054155,2
CE1,3472,-9.87328,173.634,17.56677257,5
CE1,3473,-63.5628,113.023,17.56056284,2
CE1,3474,57.5233,30.2613,17.55374378,3
CE1,3475,-7.5912,3.20106,17.55196054,3
CE1,3476,-5.22174,-1.096,17.53993137,3
CE1,3477,4.76068,-131.24,17.51317885,5
CE1,3478,-22.9595,-118.098,17.4945876,2
CE1,3479,-15.8472,66.5614,17.46916117,5
CE1,3480,-51.2907,-50.953,17.45703266,2
CE1,3481,24.1765,107.651,17.43076101,5
CE1,3482,-43.2109,48.7562,17.41541782,2
CE1,3483,-20.7012,86.3876,17.41067157,2
CE1,3484,3.9278,6.12718,17.40671799,3
CE1,3485,-21.3322,-132.965,17.40556227,3
CE1,3486,-28.8143,-52.791,17.37866446,5
CE1,3487,7.04554,164.307,17.3666269,5
CE1,3488,-2.25593,167.826,17.36384023,5
CE1,3489,44.7313,-165.05,17.36239628,5
CE1,3490,-3.11366,145.08,17.34720272,5
CE1,3491,17.1088,-137.196,17.3385963,5
CE1,3492,-22.3776,1.63169,17.3287896,2
CE1,3493,-21.4755,9.40312,17.32853446,2
CE1,3494,-5.07321,175.107,17.31710845,5
CE1,3495,-20.5123,150.541,17.30968374,5
CE1,3496,12.2442,175.914,17.29823348,5
CE1,3497,-7.66503,116.975,17.2907882,3
CE1,3498,-21.8541,27.019,17.28972999,2
CE1,3499,-3.74955,143.009,17.28067722,2
CE1,3500,48.0896,-97.46,17.26724016,3
CE1,3501,50.9879,-95.19,17.26420085,5
CE1,3502,-52.8821,-94.621,17.25841977,2
CE1,3503,-12.952,6.3794,17.2572818,3
CE1,3504,0.31326,-148.866,17.25504638,5
CE1,3505,1.34679,-68.967,17.25045199,5
CE1,3506,34.4728,-31.269,17.24227252,4
CE1,3507,-7.40916,17.4617,17.24086625,2
CE1,3508,-40.172,44.3673,17.22832204,5
CE1,3509,-3.53123,2.1085,17.22313506,3
CE1,3510,-15.7759,-52.297,17.21925685,2
CE1,3511,-26.099,-68.64,17.21508167,2
CE1,3512,3.22892,18.9676,17.21091201,3
CE1,3513,3.8214,-73.517,17.20966383,5
CE1,3514,46.4601,39.2837,17.18942967,5
CE1,3515,45.1506,51.9624,17.17815366,3
CE1,3516,44.2998,-96.356,17.17037872,2
CE1,3517,-10.3837,-5.102,17.16330173,5
CE1,3518,38.0139,66.5106,17.16085429,3
CE1,3519,9.77806,-103.251,17.12658827,5
CE1,3520,16.1487,-89.338,17.12502801,4
CE1,3521,9.90641,174.216,17.11723635,5
CE1,3522,-8.75505,36.6664,17.11583095,5
CE1,3523,18.3703,46.5511,17.10792601,5
CE1,3524,29.1353,-108.055,17.08026347,5
CE1,3525,-24.3906,24.336,17.07089492,5
CE1,3526,57.5317,-45.058,17.07047107,4
CE1,3527,46.5776,-123.977,17.06650281,2
CE1,3528,14.7645,158.489,17.05766833,5
CE1,3529,34.9634,127.963,17.04020983,5
CE1,3530,38.2111,-126.255,17.02779927,4
CE1,3531,-9.41301,-151.106,17.02656404,5
CE1,3532,-9.79659,-171.026,17.00727708,5
CE1,3533,-16.3216,27.7836,16.99164555,2
CE1,3534,-5.83451,-127.702,16.97590301,5
CE1,3535,11.4473,-73.965,16.96621075,2
CE1,3536,-21.4559,133.333,16.9591268,2
CE1,3537,-37.6069,-72.898,16.94198871,2
CE1,3538,-12.0291,97.0797,16.93922517,5
CE1,3539,-30.1655,-144.31,16.93183436,2
CE1,3540,-53.7125,58.9253,16.91733883,2
CE1,3541,4.77869,157.083,16.91401421,5
CE1,3542,2.74293,18.8502,16.91146321,3
CE1,3543,-19.7702,-45.999,16.91007069,5
CE1,3544,-17.9187,-116.097,16.90946917,2
CE1,3545,-5.42007,52.8917,16.90559189,4
CE1,3546,-6.2486,-131.822,16.89769906,5
CE1,3547,22.8329,79.7309,16.89551483,5
CE1,3548,-56.3416,-105.492,16.8820274,5
CE1,3549,-27.1256,47.5003,16.85231834,5
CE1,3550,-42.5208,-152.403,16.84511052,4
CE1,3551,45.8151,20.0901,16.83692051,5
CE1,3552,44.1849,76.3368,16.83691424,5
CE1,3553,-41.4515,81.3063,16.8317816,2
CE1,3554,11.7878,106.835,16.82772264,5
CE1,3555,47.1956,121.347,16.81541785,2
CE1,3556,-20.1394,160.341,16.8121007,2
CE1,3557,-51.974,130.354,16.80591744,1
CE1,3558,-8.86497,-165.128,16.7975803,5
CE1,3559,27.3878,109.421,16.79616969,5
CE1,3560,-8.90179,176.034,16.79567037,5
CE1,3561,5.46385,44.5088,16.79000633,5
CE1,3562,-5.64607,60.148,16.78675564,5
CE1,3563,5.73488,-122.211,16.78143914,5
CE1,3564,33.9006,176.372,16.77596808,5
CE1,3565,-12.6691,61.9362,16.77239139,5
CE1,3566,-61.5792,60.9251,16.76850443,2
CE1,3567,53.6484,-100.554,16.75837828,2
CE1,3568,55.396,-171.461,16.74860145,5
CE1,3569,-13.1069,85.8797,16.74667312,5
CE1,3570,50.2956,41.7661,16.74479125,4
CE1,3571,11.1766,-76.3,16.73129227,5
CE1,3572,10.1466,73.6988,16.73063734,5
CE1,3573,54.276,-106.451,16.72950759,4
CE1,3574,-1.28065,-71.15,16.72866779,5
CE1,3575,-58.9661,119.803,16.72054578,5
CE1,3576,7.74643,-98.021,16.71390718,5
CE1,3577,17.9142,-128.18,16.70997871,5
CE1,3578,-15.3379,-64.658,16.70229616,2
CE1,3579,8.61138,99.6804,16.67835887,2
CE1,3580,30.8105,104.96,16.67024521,5
CE1,3581,-3.02847,20.3152,16.65333746,5
CE1,3582,-20.5477,-178.417,16.64713698,5
CE1,3583,61.3157,-87.244,16.64184429,2
CE1,3584,-58.0174,70.7673,16.62819053,5
CE1,3585,18.9702,-77.134,16.61610291,3
CE1,3586,11.2171,-129.091,16.6060927,5
CE1,3587,5.34815,80.2042,16.60241982,5
CE1,3588,-21.0361,-135.437,16.57345422,5
CE1,3589,45.9597,72.8941,16.57087354,2
CE1,3590,12.0106,-116.714,16.55953187,5
CE1,3591,-33.5249,61.7775,16.53574283,1
CE1,3592,16.6198,105.053,16.53094731,5
CE1,3593,-45.8285,-43.203,16.51829385,3
CE1,3594,-21.181,6.74779,16.51572744,2
CE1,3595,-8.03379,179.489,16.51493739,5
CE1,3596,20.58,-171.623,16.51398813,5
CE1,3597,-30.0743,-147.229,16.50746504,4
CE1,3598,-6.39503,-128.508,16.50605171,5
CE1,3599,-14.1417,-26.039,16.48237965,5
CE1,3600,13.2118,-157.325,16.481938,5
CE1,3601,0.791608,-69.889,16.4809987,5
CE1,3602,-15.9084,-172.413,16.47317674,5
CE1,3603,49.1865,-107.072,16.47134131,2
CE1,3604,-53.098,23.0413,16.46919309,2
CE1,3605,-28.5657,-52.043,16.45949704,5
CE1,3606,-27.0948,-110.324,16.45570103,5
CE1,3607,-3.67202,-64.531,16.4482519,4
CE1,3608,26.0057,-79.309,16.44583454,2
CE1,3609,4.15767,13.7445,16.43866432,3
CE1,3610,-47.4813,-11.873,16.39621188,2
CE1,3611,3.06543,-72.332,16.39411357,5
CE1,3612,24.4796,-139.359,16.39378537,5
CE1,3613,-9.27427,-53.589,16.3937482,2
CE1,3614,-21.74,-123.388,16.38907454,5
CE1,3615,45.2737,146.122,16.38686043,5
CE1,3616,-44.6961,-42.593,16.38640137,2
CE1,3617,-20.2149,22.2777,16.37654879,5
CE1,3618,7.08643,-132.685,16.35253066,5
CE1,3619,58.448,-160.458,16.34222926,2
CE1,3620,-9.39206,-136.615,16.32998596,5
CE1,3621,44.7037,-117.267,16.30667432,5
CE1,3622,28.0526,-6.414,16.30234965,5
CE1,3623,8.93702,-161.111,16.28092535,5
CE1,3624,5.60324,146.284,16.27493425,5
CE1,3625,49.4482,-88.825,16.26288138,5
CE1,3626,61.2779,-81.965,16.25071326,2
CE1,3627,-9.64475,179.301,16.2502918,5
CE1,3628,-24.3771,40.6889,16.2481463,5
CE1,3629,4.00775,123.895,16.24218487,5
CE1,3630,-60.5284,-74.807,16.24061139,5
CE1,3631,4.6153,-121.103,16.23242813,5
CE1,3632,21.4233,144.005,16.22839094,5
CE1,3633,-8.96505,65.7482,16.21871855,5
CE1,3634,-50.6608,-42.98,16.20630367,2
CE1,3635,-5.98279,-106.599,16.20267854,5
CE1,3636,-6.0748,17.112,16.19686104,5
CE1,3637,-38.9174,-75.164,16.1840419,2
CE1,3638,-47.5218,-33.685,16.1838682,4
CE1,3639,-14.6895,16.7999,16.18318048,3
CE1,3640,21.8656,82.14,16.18071959,5
CE1,3641,-19.8828,-89.897,16.17147527,4
CE1,3642,-7.01011,-83.075,16.16710928,5
CE1,3643,-21.5487,-129.998,16.16469887,5
CE1,3644,1.12648,128.484,16.15678523,5
CE1,3645,5.38326,-123.559,16.15256514,5
CE1,3646,-19.4152,-62.013,16.14132744,5
CE1,3647,-23.8281,158.198,16.14111842,2
CE1,3648,3.25838,121.766,16.13408903,5
CE1,3649,-12.9647,-138.163,16.12580203,5
CE1,3650,20.8359,-165.149,16.12388564,5
CE1,3651,4.59023,-120.193,16.106806,5
CE1,3652,1.51265,98.2864,16.09050588,5
CE1,3653,28.9586,42.4865,16.08548462,5
CE1,3654,41.9079,-3.238,16.08284714,4
CE1,3655,53.0907,-17.3,16.08147969,3
CE1,3656,62.392,-40.116,16.0772293,3
CE1,3657,-36.1539,-146.912,16.0696757,2
CE1,3658,24.7858,-147.221,16.06498738,5
CE1,3659,-12.9311,154.336,16.06454664,5
CE1,3660,14.7515,101.747,16.05607408,5
CE1,3661,22.998,-84.408,16.05583179,3
CE1,3662,-52.6854,-80.906,16.05430718,2
CE1,3663,-12.2291,-7.745,16.04682438,5
CE1,3664,-4.54745,-59.391,16.04656306,3
CE1,3665,11.1249,-127.884,16.04125284,5
CE1,3666,-58.1613,132.844,16.03999234,2
CE1,3667,15.1302,111.973,16.0336296,5
CE1,3668,-45.2833,-28.708,16.03197687,3
CE1,3669,-18.2852,152.983,16.02265888,5
CE1,3670,-17.5884,-57.996,16.02130778,2
CE1,3671,2.75409,86.96,16.01323281,4
CE1,3672,49.839,-72.398,15.9983479,3
CE1,3673,32.8545,-114.249,15.99721019,5
CE1,3674,-49.0935,104.448,15.98413992,2
CE1,3675,47.6275,-79.941,15.98373082,5
CE1,3676,-36.2222,68.0209,15.98016425,2
CE1,3677,13.1541,-137.48,15.97900591,5
CE1,3678,39.7813,164.379,15.97613342,5
CE1,3679,-45.2074,2.94726,15.97333379,2
CE1,3680,-1.70699,139.226,15.96112767,5
CE1,3681,-2.0481,46.7854,15.95349065,4
CE1,3682,-45.0637,32.2323,15.94836747,5
CE1,3683,-7.9031,-90.038,15.94505065,5
CE1,3684,7.80859,-113.924,15.94473711,5
CE1,3685,17.0589,-39.832,15.93893454,4
CE1,3686,-30.4139,123.232,15.93701239,5
CE1,3687,-17.1939,-71.774,15.93262026,5
CE1,3688,-36.111,20.5346,15.92316412,5
CE1,3689,-27.5453,39.7627,15.90586232,3
CE1,3690,-7.68172,37.1829,15.88898693,5
CE1,3691,-10.6167,-116.216,15.88795127,5
CE1,3692,-19.0719,-62.734,15.88279144,5
CE1,3693,-44.0256,-78.397,15.88111647,2
CE1,3694,-30.1958,-97.777,15.87303214,5
CE1,3695,14.9243,-118.223,15.86263987,5
CE1,3696,-25.6079,41.9484,15.85652385,5
CE1,3697,-43.6995,-165.425,15.85585882,4
CE1,3698,13.4308,124.753,15.84106883,5
CE1,3699,43.6729,-97.337,15.83809367,5
CE1,3700,-22.1152,-135.52,15.81229599,2
CE1,3701,-28.0156,131.821,15.80821769,5
CE1,3702,50.0523,-131.09,15.7739395,5
CE1,3703,7.38301,-144.57,15.76775025,5
CE1,3704,-39.7852,10.3323,15.7659739,2
CE1,3705,-43.7404,-52.236,15.73193313,3
CE1,3706,-3.85322,141.181,15.72886387,5
CE1,3707,30.9763,93.3064,15.72560993,5
CE1,3708,-15.9384,-70.28,15.72346632,2
CE1,3709,45.2177,137.928,15.72183677,2
CE1,3710,15.9511,118.434,15.72088799,5
CE1,3711,0.028763,123.796,15.71057586,5
CE1,3712,7.24679,49.9048,15.70994313,4
CE1,3713,17.5335,-119.107,15.7070129,5
CE1,3714,9.0211,75.8361,15.70647059,5
CE1,3715,21.3807,66.7706,15.7045136,5
CE1,3716,-59.5987,-60.655,15.70352074,3
CE1,3717,-7.64488,147.901,15.6998228,5
CE1,3718,-17.8151,-97.678,15.69647852,4
CE1,3719,-2.47732,85.3053,15.69537023,4
CE1,3720,-48.8698,-4.431,15.68481916,5
CE1,3721,-33.7671,50.4125,15.6834536,2
CE1,3722,-6.20393,163.898,15.68296828,5
CE1,3723,-37.2322,-0.399,15.67857644,2
CE1,3724,13.1926,-97.734,15.66655086,5
CE1,3725,11.0955,-78.95,15.66460516,5
CE1,3726,-4.41887,-86.976,15.66416959,5
CE1,3727,-15.1899,100.806,15.66247545,5
CE1,3728,-11.2951,104.98,15.66181123,5
CE1,3729,-60.167,-9.079,15.66045323,2
CE1,3730,-56.3001,-65.98,15.65213334,5
CE1,3731,42.187,131.337,15.64926493,5
CE1,3732,13.6338,-179.567,15.64216771,5
CE1,3733,-27.5533,135.795,15.64182546,5
CE1,3734,1.35821,-141.923,15.64089994,5
CE1,3735,-55.0449,24.2416,15.63671322,2
CE1,3736,-14.6166,70.5583,15.6343895,5
CE1,3737,14.7151,167.043,15.6297954,5
CE1,3738,51.0104,147.176,15.62578075,5
CE1,3739,51.4925,132.003,15.62386727,5
CE1,3740,50.4396,152.038,15.61624531,5
CE1,3741,-10.9965,-170.407,15.61484482,5
CE1,3742,-41.9165,6.65643,15.6074238,2
CE1,3743,-6.63507,-9.807,15.60647969,4
CE1,3744,-6.86283,8.99894,15.59943169,5
CE1,3745,-13.5514,-60.148,15.5814929,5
CE1,3746,1.46151,68.986,15.57437204,5
CE1,3747,39.9693,-163.959,15.570932,5
CE1,3748,-2.24747,-141.993,15.5688323,5
CE1,3749,-5.68564,117.484,15.56753716,5
CE1,3750,-38.6164,-114.73,15.5645207,2
CE1,3751,-8.11041,-155.965,15.55404076,5
CE1,3752,-6.23719,123.268,15.55381912,5
CE1,3753,-12.0187,60.6869,15.55242867,5
CE1,3754,-32.7992,-43.123,15.54096043,3
CE1,3755,4.41783,76.5838,15.53445023,5
CE1,3756,44.3696,-91.641,15.53346428,5
CE1,3757,-44.3701,-126.011,15.52757949,3
CE1,3758,23.9899,-72.254,15.51329035,1
CE1,3759,-12.765,160.837,15.50954377,5
CE1,3760,-17.1376,89.8715,15.50739385,5
CE1,3761,21.5964,154.562,15.50342946,5
CE1,3762,-18.7176,-163.296,15.49527199,5
CE1,3763,-14.9889,-74.024,15.49225901,5
CE1,3764,14.8422,-175.861,15.48902721,5
CE1,3765,-60.199,-65.866,15.48311632,5
CE1,3766,22.3375,91.9831,15.47596466,5
CE1,3767,-14.3208,-166.237,15.47383274,5
CE1,3768,26.7057,-106.857,15.46747502,5
CE1,3769,-43.1594,-63.578,15.45921687,2
CE1,3770,-7.33673,-65.006,15.45604623,5
CE1,3771,-0.962616,96.0299,15.45091881,5
CE1,3772,-23.7421,18.6907,15.44666487,3
CE1,3773,7.70742,91.3966,15.43965511,5
CE1,3774,-3.57252,34.8354,15.42061566,2
CE1,3775,8.37212,-123.094,15.41305235,5
CE1,3776,23.5103,-90.937,15.40680593,5
CE1,3777,40.2949,100.624,15.40542494,5
CE1,3778,-4.46133,36.958,15.40540377,2
CE1,3779,-4.6205,144.83,15.40269398,5
CE1,3780,-11.4172,17.5345,15.39833504,5
CE1,3781,10.1875,-91.297,15.39648989,5
CE1,3782,25.4143,95.6947,15.39604755,5
CE1,3783,-50.5182,-109.282,15.39418466,2
CE1,3784,-38.6605,-38.66,15.39154673,5
CE1,3785,-1.02477,-176.549,15.38517868,5
CE1,3786,-13.736,-151.314,15.38216867,5
CE1,3787,2.39651,120.283,15.37352603,5
CE1,3788,25.6781,82.3801,15.36788943,5
CE1,3789,38.9689,141.015,15.36003973,5
CE1,3790,-22.4566,-134.64,15.35872768,5
CE1,3791,-44.1158,-66.817,15.35158079,2
CE1,3792,25.3299,-73.903,15.34765817,5
CE1,3793,21.9257,-171.299,15.34756315,5
CE1,3794,21.2872,110.568,15.34583751,5
CE1,3795,-4.37648,19.1769,15.34452354,5
CE1,3796,40.9952,-177.497,15.3384244,5
CE1,3797,-5.13377,88.9757,15.32646728,2
CE1,3798,-63.1824,-94.698,15.31743563,3
CE1,3799,2.17915,-156.277,15.31259181,5
CE1,3800,2.90043,-139.28,15.30262673,5
CE1,3801,15.1011,-73.384,15.28379068,3
CE1,3802,47.9844,-167.215,15.28363415,2
CE1,3803,18.9287,88.1492,15.27926968,5
CE1,3804,11.3612,84.1785,15.27355263,2
CE1,3805,-56.0086,122.271,15.26396746,5
CE1,3806,-7.40358,-29.556,15.26106443,5
CE1,3807,-1.34281,170.409,15.25559643,5
CE1,3808,-1.05434,-144.454,15.25436563,5
CE1,3809,-45.7962,12.7704,15.2478486,2
CE1,3810,15.6427,-101.842,15.2443062,5
CE1,3811,27.0902,-92.288,15.24166632,5
CE1,3812,-12.1724,-148.233,15.23640775,5
CE1,3813,50.6601,-60.285,15.23608551,4
CE1,3814,-14.152,-114.644,15.23602284,5
CE1,3815,-17.4038,42.0733,15.2335045,5
CE1,3816,17.3897,-174.91,15.23098628,5
CE1,3817,-22.0493,-32.937,15.21811519,3
CE1,3818,-17.7551,26.3556,15.20642448,5
CE1,3819,-34.9464,-72.54,15.20315813,5
CE1,3820,0.633525,-163.262,15.193836,5
CE1,3821,-0.618033,-175.352,15.19248167,5
CE1,3822,26.1376,-118.56,15.18518239,5
CE1,3823,7.75968,18.4686,15.18269273,4
CE1,3824,23.8971,-107.211,15.18263945,5
CE1,3825,-8.06127,77.631,15.17281584,2
CE1,3826,-57.9946,-61.485,15.17076108,2
CE1,3827,3.50383,-158.379,15.16433193,5
CE1,3828,15.2606,127.655,15.15256047,5
CE1,3829,-12.5786,98.3873,15.14722081,5
CE1,3830,45.1594,62.8575,15.13968119,3
CE1,3831,-52.0129,-124.661,15.13808746,2
CE1,3832,-0.754514,-62.784,15.12872359,4
CE1,3833,51.5619,10.5048,15.12249105,5
CE1,3834,-21.32,-139.454,15.11833668,5
CE1,3835,-19.633,164.023,15.10743278,5
CE1,3836,-25.564,25.5148,15.10674214,5
CE1,3837,58.8805,85.7153,15.10114246,2
CE1,3838,-8.38877,153.18,15.09801247,5
CE1,3839,-54.2222,-123.967,15.07190237,2
CE1,3840,-23.4616,26.7836,15.06631251,5
CE1,3841,15.717,111.626,15.05757113,5
CE1,3842,-57.2094,-107.061,15.04424666,2
CE1,3843,13.2103,118.416,15.0410081,5
CE1,3844,12.1582,94.2355,15.04029538,3
CE1,3845,3.3193,-11.823,15.03865079,4
CE1,3846,22.5864,35.5659,15.03760706,4
CE1,3847,-16.851,-62.036,15.03752456,5
CE1,3848,8.30785,122.135,15.03179452,5
CE1,3849,58.5648,40.8937,15.02322358,5
CE1,3850,21.0349,-71.111,15.01894464,4
CE1,3851,42.3758,-145.721,15.01877378,5
CE1,3852,-8.81627,-146.56,15.01498594,5
CE1,3853,-57.1097,94.0734,15.0139373,2
CE1,3854,25.752,-126.576,15.01123733,5
CE1,3855,-35.3427,141.688,15.00674585,5
CE1,3856,-5.54975,128.023,14.99640545,5
CE1,3857,56.0821,-160.88,14.99024625,2
CE1,3858,46.8682,33.0627,14.98930892,4
CE1,3859,-34.729,22.985,14.98456978,5
CE1,3860,10.8841,127.865,14.98400805,5
CE1,3861,-15.1551,-140.113,14.97841919,5
CE1,3862,-10.0008,-155.991,14.96343068,5
CE1,3863,4.53848,73.0871,14.9532496,5
CE1,3864,8.77164,162.801,14.95193943,5
CE1,3865,28.4211,-114.017,14.94196235,5
CE1,3866,-1.1027,9.37649,14.93478203,5
CE1,3867,21.9264,146.612,14.93260184,5
CE1,3868,16.541,-161.005,14.9301495,5
CE1,3869,17.4312,41.025,14.92741672,4
CE1,3870,-62.533,72.3549,14.92527111,5
CE1,3871,-26.1441,17.7162,14.91950142,5
CE1,3872,-57.568,-16.496,14.91546065,3
CE1,3873,21.3971,-116.741,14.91345492,5
CE1,3874,31.1405,-96.751,14.91304362,5
CE1,3875,36.1154,-86.303,14.91086349,5
CE1,3876,-18.3777,-161.705,14.91003782,5
CE1,3877,21.5074,150.291,14.90939705,5
CE1,3878,-21.1622,-61.499,14.89693376,5
CE1,3879,-25.9336,-164.717,14.88605934,5
CE1,3880,-17.2277,40.1369,14.88210212,5
CE1,3881,-15.6746,84.7848,14.87917004,5
CE1,3882,0.153084,151.601,14.87220725,5
CE1,3883,-30.1239,93.2957,14.8702177,5
CE1,3884,10.7331,-124.975,14.86480581,5
CE1,3885,20.1816,-130.838,14.86045361,5
CE1,3886,-22.1117,81.7863,14.85750426,5
CE1,3887,12.1032,128.328,14.85717635,5
CE1,3888,9.553,38.6324,14.85714826,5
CE1,3889,21.4565,40.2409,14.85551844,5
CE1,3890,-9.67481,5.14817,14.85239222,2
CE1,3891,17.5357,-76.835,14.85179318,3
CE1,3892,41.0353,46.5182,14.84606454,5
CE1,3893,52.9912,-133.667,14.8417528,5
CE1,3894,15.3495,-30.913,14.83619743,3
CE1,3895,6.6345,-104.522,14.83568825,5
CE1,3896,-52.2522,94.8358,14.83114118,5
CE1,3897,-9.1483,85.7261,14.81143286,5
CE1,3898,16.5039,-74.678,14.80968455,3
CE1,3899,-18.1053,-136.96,14.8087729,5
CE1,3900,-55.0488,-82.823,14.80371846,5
CE1,3901,20.2257,-179.401,14.80020025,5
CE1,3902,-47.7033,11.1248,14.79764094,2
CE1,3903,-46.7014,-133.658,14.78967901,4
CE1,3904,3.38508,82.7996,14.78220948,5
CE1,3905,27.903,-158.323,14.78156054,5
CE1,3906,-49.2638,62.2372,14.76959226,5
CE1,3907,11.3328,-85.006,14.76782941,5
CE1,3908,-6.94993,50.4399,14.76394175,4
CE1,3909,8.98789,-1.169,14.7530432,5
CE1,3910,-11.9366,98.4503,14.7422706,5
CE1,3911,-1.208,-175.747,14.74033361,5
CE1,3912,9.28132,-134.282,14.73803485,5
CE1,3913,21.4549,-130.947,14.73696576,5
CE1,3914,-24.2727,28.1268,14.73677165,5
CE1,3915,-25.7459,-162.236,14.73529361,5
CE1,3916,-64.1342,-106.796,14.73244949,2
CE1,3917,-41.8613,53.5086,14.72805302,1
CE1,3918,22.0868,68.4628,14.7248919,5
CE1,3919,-54.9364,124.294,14.71594652,2
CE1,3920,-57.2915,-160.368,14.70654313,2
CE1,3921,-52.0911,2.17244,14.70209386,2
CE1,3922,22.3902,-125.302,14.70007687,5
CE1,3923,-42.4248,-51.846,14.69054731,2
CE1,3924,-10.4905,164.421,14.68870939,5
CE1,3925,-9.13118,140.004,14.68520599,5
CE1,3926,18.875,-104.492,14.6784228,5
CE1,3927,-27.5228,47.1407,14.67721446,5
CE1,3928,5.49767,159.166,14.67570073,5
CE1,3929,44.4934,-86.814,14.66817749,2
CE1,3930,46.115,-68.193,14.66437901,3
CE1,3931,9.57045,-130.462,14.66304154,5
CE1,3932,44.7434,133.516,14.66216439,5
CE1,3933,-20.4443,5.67273,14.65358013,5
CE1,3934,-3.64424,-138.304,14.65222072,5
CE1,3935,45.8909,64.2422,14.63891123,5
CE1,3936,11.6856,-63.054,14.6250858,4
CE1,3937,-32.7505,40.664,14.6234186,5
CE1,3938,-20.302,86.19,14.61947517,5
CE1,3939,-16.7095,77.4903,14.61775345,5
CE1,3940,0.948187,18.7791,14.6138181,4
CE1,3941,-1.39755,-13.241,14.61042574,4
CE1,3942,2.25511,107.385,14.60051206,5
CE1,3943,-2.98752,-140.026,14.59750537,5
CE1,3944,-38.5696,115.917,14.59693573,5
CE1,3945,-59.3107,-52.305,14.59224115,2
CE1,3946,-35.1412,-115.822,14.58813626,2
CE1,3947,-30.5928,-173.734,14.58182625,5
CE1,3948,-36.4673,0.62318,14.58121707,5
CE1,3949,-50.202,59.502,14.58040822,1
CE1,3950,48.9097,-89.869,14.57795359,5
CE1,3951,-30.7043,162.395,14.56899398,5
CE1,3952,-21.9687,1.26587,14.56768352,5
CE1,3953,-39.9759,147.798,14.56692179,5
CE1,3954,20.1319,-88.626,14.55937596,5
CE1,3955,-24.287,-47.751,14.54718659,5
CE1,3956,-7.70011,10.6322,14.54706974,5
CE1,3957,15.1572,-169.72,14.5399013,5
CE1,3958,-8.13889,-60.344,14.53390282,4
CE1,3959,-62.5133,-10.903,14.52665734,5
CE1,3960,11.4891,179.444,14.51009793,5
CE1,3961,-11.969,-65.341,14.4906722,5
CE1,3962,-57.9874,-114.882,14.489612,5
CE1,3963,-15.978,-89.906,14.48850482,5
CE1,3964,7.57862,-173.435,14.48746115,5
CE1,3965,62.5772,-30.679,14.48336125,5
CE1,3966,-2.29531,-92.296,14.4748894,5
CE1,3967,-12.2703,-138.016,14.47330003,5
CE1,3968,-56.937,-7.555,14.47256574,2
CE1,3969,42.8964,33.8778,14.45546339,5
CE1,3970,-54.2724,-142.007,14.44434211,2
CE1,3971,4.32947,-138.348,14.44401216,5
CE1,3972,21.3842,108.604,14.44066954,5
CE1,3973,-35.4511,120.925,14.42274529,5
CE1,3974,0.731634,9.79913,14.42158445,5
CE1,3975,-21.2368,-134.532,14.41225048,5
CE1,3976,-22.4233,-80.844,14.40990608,5
CE1,3977,-19.2354,41.489,14.4097954,5
CE1,3978,20.4788,-124.722,14.4070697,5
CE1,3979,2.58423,-167.407,14.40688063,5
CE1,3980,48.9404,156.82,14.40545672,5
CE1,3981,-9.77899,116.695,14.40295398,3
CE1,3982,-58.1396,-162.975,14.40127228,5
CE1,3983,2.92162,166.547,14.40117863,5
CE1,3984,3.39394,100.639,14.39698926,5
CE1,3985,29.8946,-119.463,14.39227688,5
CE1,3986,-51.1614,-64.306,14.37642583,5
CE1,3987,7.16659,53.4254,14.37252295,5
CE1,3988,-18.3067,106.088,14.36805151,5
CE1,3989,5.5024,40.2189,14.35512038,4
CE1,3990,5.56549,72.3364,14.35340063,5
CE1,3991,-1.75127,-157.954,14.35091403,5
CE1,3992,-44.3906,84.7447,14.34297356,4
CE1,3993,26.0528,173.996,14.34201367,5
CE1,3994,12.4599,121.323,14.33401199,5
CE1,3995,16.3237,-47.336,14.3327296,4
CE1,3996,9.93568,-127.349,14.32909972,5
CE1,3997,37.5644,150.934,14.32758178,5
CE1,3998,10.1497,-148.69,14.32064292,5
CE1,3999,43.5392,52.7269,14.310302,4
CE1,4000,-60.9568,-34.94,14.30594181,2
CE1,4001,29.744,-117.986,14.30576997,5
CE1,4002,-5.01838,137.695,14.30369164,5
CE1,4003,-39.3436,-171.662,14.30105756,5
CE1,4004,-0.639648,-29.479,14.2926564,4
CE1,4005,27.3057,132.474,14.2858447,5
CE1,4006,2.15305,-11.582,14.28324932,4
CE1,4007,-2.75307,99.1464,14.27780806,5
CE1,4008,21.8492,69.7882,14.27399663,5
CE1,4009,-35.0463,44.0707,14.27173812,5
CE1,4010,-28.867,-122.545,14.27153773,5
CE1,4011,-11.3207,176.608,14.27073606,5
CE1,4012,29.5464,-92.406,14.26894059,5
CE1,4013,-29.2968,-165.796,14.26454639,5
CE1,4014,17.1997,-89.906,14.26354569,5
CE1,4015,-44.9753,-26.096,14.26025351,4
CE1,4016,-13.9938,106.222,14.24823556,5
CE1,4017,15.8395,103.897,14.2447867,5
CE1,4018,4.72454,61.7735,14.24344871,5
CE1,4019,-16.7403,-3.862,14.24323762,3
CE1,4020,12.8576,115.116,14.24160661,5
CE1,4021,-5.00211,166.002,14.24025323,5
CE1,4022,59.3292,-131.466,14.2393609,5
CE1,4023,-10.6514,86.9741,14.23566064,5
CE1,4024,-12.0072,86.3674,14.23458652,5
CE1,4025,-35.6965,-17.239,14.23011956,5
CE1,4026,24.0056,99.9509,14.22610265,5
CE1,4027,42.6977,-141.895,14.22551537,5
CE1,4028,1.53704,-144.177,14.2236136,5
CE1,4029,50.3358,-98.098,14.22332107,2
CE1,4030,59.8044,-102.196,14.21846939,1
CE1,4031,-11.0356,74.2633,14.21799109,3
CE1,4032,-27.5138,-3.968,14.21784693,5
CE1,4033,-23.8257,-139.367,14.20587348,5
CE1,4034,-28.1445,-171.61,14.2045718,4
CE1,4035,18.7593,-174.57,14.20277297,5
CE1,4036,47.6406,-84.267,14.20264957,5
CE1,4037,32.8716,89.1601,14.19811873,5
CE1,4038,-40.094,152.568,14.19562434,5
CE1,4039,-6.85585,36.9147,14.18718522,5
CE1,4040,-59.859,-173.277,14.18081361,5
CE1,4041,21.6758,169.494,14.17400028,5
CE1,4042,18.3354,164.081,14.17186278,5
CE1,4043,-30.7737,-154.068,14.16719243,4
CE1,4044,-22.4146,44.8405,14.1598813,5
CE1,4045,57.7913,24.5075,14.15978371,4
CE1,4046,-6.02407,128.045,14.15244787,5
CE1,4047,-20.8119,-128.893,14.15083046,5
CE1,4048,61.3675,38.3316,14.14985883,2
CE1,4049,-20.8518,37.3727,14.13800491,5
CE1,4050,17.2623,162.878,14.13723432,5
CE1,4051,59.7739,-165.113,14.13410404,2
CE1,4052,-49.5516,159.661,14.12679445,5
CE1,4053,22.7078,93.4434,14.12663111,5
CE1,4054,-15.938,-143.426,14.12345925,5
CE1,4055,-11.8719,104.73,14.11615491,5
CE1,4056,-7.28776,4.32001,14.11589089,2
CE1,4057,10.5022,-128.226,14.11320815,5
CE1,4058,-46.0897,43.5856,14.11042655,5
CE1,4059,4.7763,173.493,14.10942646,5
CE1,4060,-25.7599,-172.808,14.10800515,5
CE1,4061,10.6668,75.6506,14.10795448,5
CE1,4062,22.9805,164.705,14.10619677,5
CE1,4063,-44.0835,-46.668,14.10492532,2
CE1,4064,-7.73418,-71.014,14.10038955,5
CE1,4065,-25.7352,52.2082,14.09618332,5
CE1,4066,1.72191,5.1814,14.09411401,4
CE1,4067,-1.85333,33.6791,14.09232763,3
CE1,4068,-49.8315,-1.488,14.08933411,2
CE1,4069,8.08145,-86.045,14.08550588,5
CE1,4070,2.61331,-163.017,14.08226848,5
CE1,4071,-23.2429,147.004,14.07879807,5
CE1,4072,-6.32631,-149.507,14.07869614,5
CE1,4073,8.29705,78.6481,14.07853867,5
CE1,4074,46.5121,-15.399,14.07491715,4
CE1,4075,14.8147,128.817,14.06607616,5
CE1,4076,61.1626,16.0481,14.06012471,4
CE1,4077,8.63073,109.315,14.05975944,5
CE1,4078,55.1617,-2.021,14.0546741,4
CE1,4079,-27.0519,-52.645,14.05456073,5
CE1,4080,-26.5755,42.4237,14.04719944,5
CE1,4081,-13.1356,105.507,14.04656298,5
CE1,4082,-43.7913,-149.016,14.03877575,3
CE1,4083,25.6559,-120.378,14.038527,5
CE1,4084,-32.7547,-130.265,14.034175,5
CE1,4085,61.586,163.182,14.03110324,2
CE1,4086,23.6319,107.168,14.02902968,5
CE1,4087,2.49672,168.282,14.02212606,5
CE1,4088,-11.3072,-139.958,14.02175706,5
CE1,4089,-32.8254,-87.314,14.01730443,5
CE1,4090,3.25222,-156.679,14.00814177,5
CE1,4091,-14.8518,-48.393,14.0038887,5
CE1,4092,51.3749,-0.281,13.99396899,5
CE1,4093,-7.07438,69.8805,13.9927844,5
CE1,4094,8.9245,157.72,13.99234593,5
CE1,4095,-10.4902,14.4238,13.99201578,5
CE1,4096,33.2543,-126.608,13.98125196,5
CE1,4097,-47.1366,-40.223,13.97806632,2
CE1,4098,18.5549,-116.805,13.97581504,5
CE1,4099,59.4492,161.262,13.97576758,2
CE1,4100,7.84984,100.227,13.96758132,5
CE1,4101,13.2271,83.9699,13.96126727,4
CE1,4102,-51.6498,143.563,13.96035043,2
CE1,4103,-20.9619,169.624,13.95024212,5
CE1,4104,6.125,-130.875,13.94913516,5
CE1,4105,-6.63556,124.564,13.94383089,5
CE1,4106,21.6359,-93.282,13.94326509,5
CE1,4107,-40.1462,-174.88,13.93827683,5
CE1,4108,17.5114,171.663,13.93434122,5
CE1,4109,-21.2029,-178.823,13.93211896,5
CE1,4110,-17.6393,4.44347,13.93198771,5
CE1,4111,10.3758,-94.459,13.93129508,5
CE1,4112,4.34089,-84.697,13.93004518,5
CE1,4113,-56.242,-150.664,13.92230067,2
CE1,4114,-42.7007,-41.37,13.91739895,5
CE1,4115,7.41924,-131.005,13.91439653,5
CE1,4116,-28.972,22.7289,13.91125881,5
CE1,4117,-0.911029,-156.411,13.9055989,5
CE1,4118,9.52301,-164.23,13.90417837,5
CE1,4119,-22.1655,-166.585,13.89912988,5
CE1,4120,-8.12024,74.6892,13.89698562,5
CE1,4121,34.1512,-86.69,13.89415384,5
CE1,4122,-26.9529,38.2366,13.89014593,5
CE1,4123,-18.9092,60.0245,13.8886916,2
CE1,4124,-36.2584,-163.98,13.8825928,5
CE1,4125,-11.5714,-11.565,13.87908728,5
CE1,4126,-3.7153,39.2866,13.87788515,3
CE1,4127,60.386,48.1245,13.87584532,5
CE1,4128,-3.86791,71.4952,13.87531251,5
CE1,4129,-4.0462,-142.463,13.87501274,5
CE1,4130,10.27,-172.858,13.86980208,5
CE1,4131,-6.96797,2.16003,13.86976658,4
CE1,4132,10.3001,-71.665,13.86906519,5
CE1,4133,-16.9012,-139.034,13.86755963,5
CE1,4134,-23.6389,2.18981,13.86547825,5
CE1,4135,24.1503,37.0474,13.86308907,5
CE1,4136,7.19064,78.0206,13.86136986,5
CE1,4137,52.044,-96.554,13.85801949,5
CE1,4138,-16.2118,47.8614,13.84983909,2
CE1,4139,18.6514,29.2798,13.84756111,5
CE1,4140,-31.0592,171.807,13.84478179,4
CE1,4141,32.8424,46.028,13.84054576,5
CE1,4142,53.4694,81.6584,13.84002802,5
CE1,4143,-17.3171,-151.151,13.83598815,5
CE1,4144,1.84191,49.5185,13.83577927,4
CE1,4145,-1.93776,35.8642,13.83519839,5
CE1,4146,-31.173,-35.448,13.83388325,5
CE1,4147,21.5211,-52.126,13.83175761,5
CE1,4148,-9.92371,-177.927,13.82865559,5
CE1,4149,-2.67604,41.8031,13.82841912,3
CE1,4150,-2.71,26.0068,13.82804869,4
CE1,4151,12.4694,-78.347,13.82629231,5
CE1,4152,12.5455,-152.689,13.82460589,5
CE1,4153,-39.758,109.582,13.81730715,5
CE1,4154,22.8587,-75.39,13.81469724,3
CE1,4155,-3.60069,120.301,13.81269702,5
CE1,4156,-20.5164,1.95295,13.81233038,3
CE1,4157,57.4612,-136.476,13.81103389,2
CE1,4158,-10.7992,97.3851,13.78938636,5
CE1,4159,-53.8824,56.0603,13.7859365,1
CE1,4160,-39.3686,-122.768,13.7856958,5
CE1,4161,-0.128023,-65.261,13.77892518,3
CE1,4162,7.79204,110.64,13.77603087,2
CE1,4163,-18.1016,-160.81,13.77517822,5
CE1,4164,25.9379,-85.072,13.77148215,5
CE1,4165,-35.7017,-61.175,13.76068639,5
CE1,4166,-61.5067,33.9601,13.75765356,5
CE1,4167,49.3866,-130.297,13.75371173,5
CE1,4168,-36.7222,-140.108,13.74234785,5
CE1,4169,-16.9278,-163.217,13.74072639,5
CE1,4170,10.3958,144.569,13.74025432,5
CE1,4171,17.7152,-161.131,13.73301922,5
CE1,4172,4.86949,72.2741,13.72822014,5
CE1,4173,52.7334,-77.766,13.72779054,5
CE1,4174,-14.4059,-156.119,13.72494459,5
CE1,4175,34.5873,-125.157,13.72460422,5
CE1,4176,-27.8459,-1.997,13.71935234,5
CE1,4177,-24.4814,121.459,13.71824299,5
CE1,4178,7.66674,-70.06,13.7169406,5
CE1,4179,58.9063,-140.912,13.71376992,5
CE1,4180,0.543645,-163.871,13.71253422,5
CE1,4181,13.5069,-125.682,13.7094248,5
CE1,4182,-5.75913,36.3847,13.70913473,5
CE1,4183,-38.8143,147.023,13.7065889,5
CE1,4184,-35.7389,28.0528,13.70305285,5
CE1,4185,31.5752,-152.417,13.70168252,5
CE1,4186,3.54443,143.427,13.68812824,5
CE1,4187,-43.9696,-17.362,13.68002696,3
CE1,4188,-46.8592,118.89,13.67919294,5
CE1,4189,-7.45489,-145.102,13.66561057,5
CE1,4190,-25.9916,-28.666,13.65930156,5
CE1,4191,-32.3405,65.5502,13.65718358,5
CE1,4192,5.55231,54.7401,13.64981449,5
CE1,4193,60.9464,163.512,13.64742352,5
CE1,4194,7.93881,-148.897,13.64388311,5
CE1,4195,-30.5647,-55.955,13.64108643,5
CE1,4196,22.8773,133.087,13.63843501,5
CE1,4197,-8.23484,-8.186,13.63702063,3
CE1,4198,45.2177,-166.293,13.6369114,5
CE1,4199,-2.35874,-129.633,13.63688151,5
CE1,4200,8.19847,-140.406,13.63384112,5
CE1,4201,-26.2975,-81.456,13.63211175,5
CE1,4202,-14.0104,49.3946,13.61716704,5
CE1,4203,-55.5545,-121.324,13.61716654,2
CE1,4204,-8.8436,155.222,13.61713016,5
CE1,4205,-11.79,-30.354,13.61517354,4
CE1,4206,21.9608,34.1285,13.61393923,5
CE1,4207,61.7343,45.5408,13.61310108,5
CE1,4208,-13.063,75.6597,13.61281928,3
CE1,4209,20.028,-131.973,13.6030916,5
CE1,4210,-7.52235,156.814,13.59823027,5
CE1,4211,-30.8823,26.5774,13.59699063,5
CE1,4212,-24.5702,-159.495,13.59333517,5
CE1,4213,-15.4976,-134.757,13.59269243,5
CE1,4214,-30.9362,-124.642,13.59223241,5
CE1,4215,-28.903,-46.214,13.58921561,5
CE1,4216,-32.4826,-74.306,13.58358978,5
CE1,4217,-16.561,-143.983,13.58202592,5
CE1,4218,-49.2661,-8.977,13.57911397,3
CE1,4219,-13.7842,-115.977,13.57308015,5
CE1,4220,-14.8719,-85.389,13.57063287,5
CE1,4221,-6.47604,-157.988,13.56417203,5
CE1,4222,-10.1289,169.198,13.56412546,5
CE1,4223,3.35224,-165.958,13.56057744,5
CE1,4224,-34.368,22.6637,13.55799411,5
CE1,4225,-26.2936,159.186,13.55503525,5
CE1,4226,4.0843,74.3623,13.55060964,5
CE1,4227,-49.8385,-67.954,13.53914879,5
CE1,4228,20.0251,76.3876,13.53763584,5
CE1,4229,7.28972,84.1059,13.53682743,2
CE1,4230,-57.2063,-170.384,13.53309886,2
CE1,4231,-51.7996,-175.816,13.53000976,5
CE1,4232,-18.7657,118.288,13.52895934,5
CE1,4233,5.28279,56.191,13.52729107,5
CE1,4234,43.8982,-124.326,13.52709984,5
CE1,4235,31.6845,29.5227,13.52675339,5
CE1,4236,53.5123,-30.869,13.5252538,4
CE1,4237,-33.2762,-146.392,13.5223742,5
CE1,4238,-1.40801,-69.231,13.5150615,5
CE1,4239,-29.4815,-66.298,13.51474014,5
CE1,4240,-37.9477,44.4496,13.51075143,5
CE1,4241,-35.9615,-168.269,13.50984241,2
CE1,4242,-47.8843,-145.179,13.50941863,5
CE1,4243,-13.8613,-140.234,13.50829582,5
CE1,4244,23.0334,139.904,13.50758194,5
CE1,4245,-10.2458,-71.65,13.49756996,5
CE1,4246,14.9398,-119.27,13.49444396,5
CE1,4247,-6.73056,14.5468,13.49220651,5
CE1,4248,16.1151,-150.051,13.48165391,5
CE1,4249,13.0775,117.476,13.4815231,5
CE1,4250,-23.362,140.279,13.48106436,5
CE1,4251,-4.51247,155.886,13.48023195,5
CE1,4252,10.5564,7.4281,13.48017601,4
CE1,4253,-34.5301,105.791,13.47897185,5
CE1,4254,-50.8517,-63.779,13.46769706,5
CE1,4255,5.13064,-51.512,13.46556009,4
CE1,4256,5.12524,-71.466,13.46107295,5
CE1,4257,-22.4324,149.791,13.45449071,5
CE1,4258,1.99313,-175.335,13.44852805,5
CE1,4259,5.89977,69.8176,13.44850637,4
CE1,4260,12.5941,-87.372,13.44263504,5
CE1,4261,-8.42225,-77.548,13.44149834,5
CE1,4262,24.7786,-101.704,13.43683968,5
CE1,4263,35.0392,-165.092,13.43318151,5
CE1,4264,-30.4955,-45.558,13.42204328,5
CE1,4265,61.4985,174.507,13.4173207,3
CE1,4266,-11.9558,-131.506,13.41729059,5
CE1,4267,-37.9545,-49.361,13.41624608,5
CE1,4268,17.0578,165.996,13.41563104,5
CE1,4269,-38.1824,1.90387,13.41324229,5
CE1,4270,11.9837,111.209,13.41312585,5
CE1,4271,-13.2965,-30.075,13.41069059,4
CE1,4272,-40.1857,-97.955,13.40684382,5
CE1,4273,-36.3136,-172.238,13.39918879,5
CE1,4274,-56.4405,-29.714,13.39886446,2
CE1,4275,-24.7176,-159.02,13.39876628,5
CE1,4276,-56.9523,146.831,13.39641479,5
CE1,4277,28.1996,173.414,13.38662161,5
CE1,4278,-15.8407,147.038,13.38306148,5
CE1,4279,33.7413,-24.109,13.37800677,3
CE1,4280,47.3409,163.199,13.37672473,2
CE1,4281,-6.20367,20.6978,13.37505173,5
CE1,4282,-26.0171,-146.351,13.3745644,5
CE1,4283,-15.9035,25.3131,13.37276807,5
CE1,4284,53.2034,164.28,13.37119944,5
CE1,4285,-46.2597,-41.03,13.35253817,5
CE1,4286,-40.2626,-37.316,13.35228844,5
CE1,4287,-4.53508,29.7845,13.35108122,4
CE1,4288,-55.1674,-168.451,13.34047164,2
CE1,4289,-24.1815,27.5263,13.34002205,5
CE1,4290,27.2221,139.157,13.33345363,5
CE1,4291,-23.6779,159.135,13.33205231,5
CE1,4292,-26.3807,99.8556,13.33052347,5
CE1,4293,15.61,-175.685,13.33008707,5
CE1,4294,-19.0815,-79.985,13.32938826,5
CE1,4295,63.0361,173.628,13.32551729,5
CE1,4296,-44.2884,25.7057,13.32171973,2
CE1,4297,40.1997,166.827,13.32049578,5
CE1,4298,-36.7588,30.584,13.31606114,5
CE1,4299,-6.12969,18.0888,13.31583631,5
CE1,4300,28.2868,-77.411,13.31443237,3
CE1,4301,-13.9505,0.686397,13.31214011,2
CE1,4302,57.0329,18.0887,13.30720581,4
CE1,4303,-3.01328,-30.643,13.30599735,4
CE1,4304,8.73681,-3.096,13.29986733,5
CE1,4305,32.8644,138.523,13.2994414,5
CE1,4306,25.5415,-95.164,13.29792437,5
CE1,4307,-22.1731,14.8793,13.29718688,5
CE1,4308,-51.7104,-120.435,13.29708442,2
CE1,4309,-46.697,-38.76,13.29336183,3
CE1,4310,23.4573,108.405,13.28038482,5
CE1,4311,38.5603,-175.91,13.2769982,5
CE1,4312,-50.0408,-53.687,13.27560698,5
CE1,4313,-61.6829,-28.362,13.27335291,5
CE1,4314,-22.478,80.9045,13.27169345,5
CE1,4315,21.7157,-87.249,13.26833371,5
CE1,4316,29.571,-125.448,13.26093149,5
CE1,4317,-25.4968,31.1028,13.25699961,5
CE1,4318,-2.15083,59.4413,13.25474015,3
CE1,4319,2.05287,-129.631,13.25402586,5
CE1,4320,12.7214,132.537,13.2510784,5
CE1,4321,-44.2197,49.0714,13.23830599,5
CE1,4322,43.5583,-160.185,13.23793664,5
CE1,4323,-49.2458,-68.668,13.23773183,5
CE1,4324,-21.2997,40.7611,13.23553854,3
CE1,4325,-52.6933,-109.182,13.23545644,2
CE1,4326,37.4105,-90.421,13.23093417,5
CE1,4327,-22.3202,-160.763,13.22998364,5
CE1,4328,6.92447,-133.431,13.22884764,5
CE1,4329,-38.3944,-133.421,13.22708731,5
CE1,4330,24.6978,-124.323,13.21790833,5
CE1,4331,34.6084,69.3471,13.21735164,5
CE1,4332,7.55778,74.7547,13.21150996,5
CE1,4333,-13.524,3.14662,13.20701162,3
CE1,4334,-24.9163,149.261,13.20288921,5
CE1,4335,-1.31642,81.3712,13.19581749,4
CE1,4336,32.8,-96.066,13.1915925,5
CE1,4337,-5.87982,-72.414,13.18942838,5
CE1,4338,2.61089,-149.869,13.18393189,5
CE1,4339,60.8981,63.5606,13.18195355,5
CE1,4340,-17.6616,140.044,13.18027707,5
CE1,4341,-17.8967,-142.615,13.17929521,5
CE1,4342,18.5088,-84.241,13.17729407,5
CE1,4343,17.7918,-75.605,13.17326231,4
CE1,4344,37.4636,-60.697,13.16817666,4
CE1,4345,4.31063,-100.313,13.15706266,5
CE1,4346,58.7738,177.141,13.15373287,2
CE1,4347,16.3625,99.052,13.15288189,5
CE1,4348,-22.507,-46.122,13.15121527,4
CE1,4349,53.4601,-108.32,13.14855106,2
CE1,4350,-17.4739,20.4815,13.14361342,5
CE1,4351,-39.8881,-29.299,13.13953567,5
CE1,4352,5.5573,140.205,13.13750044,5
CE1,4353,-1.32264,163.894,13.13190766,5
CE1,4354,-35.3905,5.54878,13.12887289,5
CE1,4355,1.90923,-78.998,13.1274301,5
CE1,4356,8.07067,-127.039,13.12698503,5
CE1,4357,-48.6939,8.46153,13.1254413,5
CE1,4358,13.9057,-132.586,13.11827296,5
CE1,4359,-18.6783,171.052,13.117834,5
CE1,4360,46.4317,82.8936,13.11637677,5
CE1,4361,-40.7924,38.28,13.1163192,5
CE1,4362,-16.2349,-133.667,13.11126318,5
CE1,4363,-11.9188,81.1884,13.1060532,5
CE1,4364,-25.4273,-133.492,13.08593441,5
CE1,4365,24.2449,71.9264,13.08384411,5
CE1,4366,-28.8831,42.3914,13.08262726,5
CE1,4367,-21.9639,-35.122,13.08011893,4
CE1,4368,12.4119,75.8016,13.07793387,5
CE1,4369,-52.7388,-119.294,13.07416821,5
CE1,4370,43.3587,67.9123,13.07102819,5
CE1,4371,23.2692,34.6974,13.06800792,5
CE1,4372,-23.9653,-147.661,13.06775663,5
CE1,4373,1.19781,95.1372,13.0662669,5
CE1,4374,-54.8321,-60.884,13.06377415,5
CE1,4375,-32.3896,-118.16,13.05665333,5
CE1,4376,-6.3974,110.666,13.0543779,5
CE1,4377,-47.5067,92.5166,13.04306542,5
CE1,4378,-51.8162,-169.155,13.04188003,5
CE1,4379,-26.3371,92.2939,13.04149193,5
CE1,4380,-30.9461,13.42,13.03994099,5
CE1,4381,4.06175,-94.966,13.0328409,5
CE1,4382,13.4244,114.524,13.02066506,5
CE1,4383,28.8573,-175.284,13.0203073,5
CE1,4384,60.942,176.478,13.01549183,5
CE1,4385,7.76257,94.384,13.01369185,5
CE1,4386,-49.8626,144.623,13.009277,5
CE1,4387,-12.667,6.07436,13.00556065,3
CE1,4388,-57.9212,135.196,13.00442433,5
CE1,4389,5.96277,-2.361,12.99926596,4
CE1,4390,-25.2453,-146.024,12.99570698,5
CE1,4391,-30.7822,72.8545,12.99480148,5
CE1,4392,25.1094,154.939,12.99151971,5
CE1,4393,52.754,69.5401,12.98863439,5
CE1,4394,10.4008,78.3677,12.97946309,5
CE1,4395,56.5198,-87.843,12.97255386,1
CE1,4396,-43.3698,53.9,12.96591859,5
CE1,4397,-7.4305,-150.428,12.96262536,5
CE1,4398,-50.9266,-25.849,12.95891653,5
CE1,4399,23.1848,-109.852,12.95772746,5
CE1,4400,-11.1074,135.465,12.95506501,5
CE1,4401,38.7702,165.379,12.94900429,2
CE1,4402,62.0534,-160.806,12.94712099,2
CE1,4403,-22.2132,-101.838,12.9386396,5
CE1,4404,40.1064,-169.225,12.93517262,5
CE1,4405,-42.419,-135.848,12.93450913,5
CE1,4406,49.6849,-14.572,12.93437639,4
CE1,4407,-30.4996,-126.531,12.92901421,5
CE1,4408,2.66718,9.66104,12.92716059,5
CE1,4409,-25.8677,34.3221,12.92499134,5
CE1,4410,-25.3346,-123.336,12.92355501,5
CE1,4411,-54.7085,4.31128,12.92230025,2
CE1,4412,-27.4121,54.9459,12.92038926,5
CE1,4413,-47.6986,-41.937,12.91793778,5
CE1,4414,24.2188,155.076,12.9134764,5
CE1,4415,37.5091,172.955,12.91257178,5
CE1,4416,-29.7978,-167.706,12.91248664,2
CE1,4417,-26.9954,22.2586,12.91223907,5
CE1,4418,3.94724,94.1925,12.91067229,5
CE1,4419,-14.4885,-140.265,12.90729182,5
CE1,4420,-55.5144,-67.939,12.90686684,2
CE1,4421,-19.0274,64.1778,12.9063946,4
CE1,4422,59.4345,-107.19,12.90055357,5
CE1,4423,-38.8376,26.5961,12.89635702,5
CE1,4424,4.81086,98.344,12.89455878,5
CE1,4425,-5.00998,-3.178,12.89304269,5
CE1,4426,14.6546,113.424,12.89121173,5
CE1,4427,-25.6031,68.1416,12.89021617,5
CE1,4428,35.4656,-86.507,12.88534304,5
CE1,4429,13.9473,73.8539,12.86940425,5
CE1,4430,-27.4048,8.99762,12.86771974,5
CE1,4431,23.5782,4.51948,12.8619299,5
CE1,4432,-48.3014,139.891,12.85995572,5
CE1,4433,3.03386,-136.648,12.85809907,5
CE1,4434,35.3432,77.72,12.85641547,5
CE1,4435,31.8016,-51.75,12.85227442,4
CE1,4436,-25.4531,-131.23,12.85169306,5
CE1,4437,-45.1052,68.2913,12.84997337,5
CE1,4438,18.1199,-174.955,12.84776061,5
CE1,4439,21.868,-115.785,12.84448033,5
CE1,4440,-19.8967,-143.252,12.84305175,5
CE1,4441,27.9874,89.63,12.84132065,5
CE1,4442,20.5774,88.4402,12.83286256,5
CE1,4443,-4.88851,-71.528,12.83067807,5
CE1,4444,-59.6184,-42.12,12.82637788,5
CE1,4445,-34.3071,147.841,12.82542332,5
CE1,4446,32.7492,80.6795,12.8250761,5
CE1,4447,-5.1996,116.379,12.82496862,5
CE1,4448,-58.2531,-152.383,12.8235694,5
CE1,4449,9.16294,-123.836,12.82236981,5
CE1,4450,-40.2926,50.3037,12.82069919,5
CE1,4451,25.0977,-85.728,12.81825257,5
CE1,4452,53.1738,-16.306,12.81763278,5
CE1,4453,-15.9359,3.54452,12.81689426,3
CE1,4454,-15.9749,113.688,12.81573556,5
CE1,4455,11.3253,78.2473,12.81396014,5
CE1,4456,-26.316,-47.418,12.81379294,5
CE1,4457,11.3733,102.086,12.81333263,5
CE1,4458,-16.9547,93.9246,12.81302429,5
CE1,4459,-14.0194,43.4577,12.8055207,5
CE1,4460,10.1168,69.9491,12.80433279,5
CE1,4461,-47.4321,-118.817,12.80351099,5
CE1,4462,-16.1834,109.062,12.8034737,5
CE1,4463,17.8699,-131.648,12.80086081,5
CE1,4464,2.58447,99.8272,12.79939131,5
CE1,4465,6.29515,-118.233,12.79865077,5
CE1,4466,19.5829,-176.275,12.79708357,5
CE1,4467,-39.1002,123.72,12.79677851,5
CE1,4468,26.9774,84.7367,12.78952474,5
CE1,4469,10.4477,-70.247,12.7861809,4
CE1,4470,10.6455,67.9673,12.78250774,5
CE1,4471,-19.047,58.246,12.78239643,5
CE1,4472,-28.1362,143.037,12.78025369,5
CE1,4473,10.6512,-161.644,12.7798352,5
CE1,4474,29.8839,-41.664,12.77926623,4
CE1,4475,-27.1623,-17.553,12.77572094,4
CE1,4476,-38.355,-116.645,12.77493118,5
CE1,4477,3.91519,40.5153,12.77460111,5
CE1,4478,15.5268,-80.734,12.7742015,5
CE1,4479,20.564,92.891,12.77234893,5
CE1,4480,-38.1551,76.991,12.76878527,5
CE1,4481,4.73979,63.7726,12.76839635,5
CE1,4482,-36.9785,-33.183,12.76435676,5
CE1,4483,-5.0197,136.731,12.76433961,5
CE1,4484,5.05276,73.8456,12.76265923,5
CE1,4485,-30.9654,-68.662,12.76239075,5
CE1,4486,28.6746,-112.431,12.75860232,5
CE1,4487,-33.6861,-49.426,12.75779148,5
CE1,4488,-18.6634,-138.581,12.75510137,5
CE1,4489,-40.3727,45.2647,12.7548404,5
CE1,4490,42.7828,146.805,12.75143444,5
CE1,4491,15.9035,-71.79,12.75129028,3
CE1,4492,27.2892,66.0846,12.75082328,5
CE1,4493,-9.91961,19.7284,12.74975305,5
CE1,4494,-5.76406,-79.867,12.74871493,5
CE1,4495,43.476,-128.751,12.74530975,5
CE1,4496,1.48221,61.009,12.74435414,4
CE1,4497,-34.8317,130.188,12.74398676,2
CE1,4498,-55.5977,153.549,12.74205851,2
CE1,4499,-14.1217,9.03645,12.7381299,5
CE1,4500,-36.7827,142.488,12.73490664,5
CE1,4501,-44.4542,-41.613,12.7330218,5
CE1,4502,-36.8766,133.166,12.73300856,5
CE1,4503,-34.9176,-117.148,12.73198458,5
CE1,4504,-15.3443,-98.027,12.7305414,5
CE1,4505,62.6118,157.846,12.72366063,5
CE1,4506,-45.28,56.5277,12.71702584,5
CE1,4507,-14.506,19.0897,12.71611662,5
CE1,4508,35.6002,-96.088,12.70600878,5
CE1,4509,11.0188,-159.738,12.69755969,5
CE1,4510,17.5533,-120.711,12.69634184,5
CE1,4511,-59.0834,54.8795,12.68851483,5
CE1,4512,12.6855,163.186,12.68830939,5
CE1,4513,15.9651,-103.985,12.68589524,5
CE1,4514,-21.0182,-152.228,12.68396081,5
CE1,4515,-42.1372,149.788,12.68244539,5
CE1,4516,-15.1356,-6.868,12.68241414,5
CE1,4517,-40.7923,-41.242,12.68128656,5
CE1,4518,-1.78485,-67.592,12.67822647,5
CE1,4519,-33.4907,62.9369,12.67680012,5
CE1,4520,1.97612,107.884,12.67627191,5
CE1,4521,-26.5997,50.3237,12.66881516,5
CE1,4522,-33.9148,130.091,12.66852514,5
CE1,4523,61.5926,60.8378,12.66770954,5
CE1,4524,28.5533,-106.623,12.66316576,5
CE1,4525,-41.8804,121.383,12.65971729,2
CE1,4526,-8.94359,162.041,12.65809262,5
CE1,4527,-35.3938,-109.326,12.65592647,5
CE1,4528,47.6129,-123.376,12.65486514,2
CE1,4529,-19.9891,166.02,12.6483144,5
CE1,4530,-27.3741,165.287,12.6451681,5
CE1,4531,-15.781,124.622,12.64222092,5
CE1,4532,4.82145,-7.729,12.6388446,4
CE1,4533,21.5753,74.988,12.62729965,5
CE1,4534,-31.5244,46.5446,12.62402351,5
CE1,4535,-5.61154,101.041,12.62286997,5
CE1,4536,-33.8949,63.4722,12.6221315,5
CE1,4537,-47.474,-60.457,12.62105709,5
CE1,4538,31.8953,-96.014,12.62004441,5
CE1,4539,-49.2218,133.042,12.61955337,2
CE1,4540,62.2794,-79.312,12.61908544,2
CE1,4541,37.7477,70.9523,12.61574327,5
CE1,4542,-24.9275,16.8451,12.61437574,5
CE1,4543,59.564,169.606,12.60894176,5
CE1,4544,49.1763,63.4816,12.60853563,5
CE1,4545,-2.65822,-61.589,12.60613893,5
CE1,4546,2.9705,149.33,12.60181572,5
CE1,4547,14.2504,96.2486,12.60119467,5
CE1,4548,-34.3942,-152.937,12.60084125,5
CE1,4549,-8.89024,154.543,12.59702945,5
CE1,4550,29.1246,136.839,12.58831568,5
CE1,4551,-45.9499,136.586,12.58299762,5
CE1,4552,7.06011,-135.503,12.57717828,5
CE1,4553,53.8377,-79.043,12.57664676,5
CE1,4554,-7.53292,-38.127,12.57566462,5
CE1,4555,-20.1661,-173.054,12.57555759,5
CE1,4556,4.82921,138.526,12.57485005,5
CE1,4557,59.6888,53.6065,12.57378366,5
CE1,4558,-56.3847,54.0944,12.56781052,2
CE1,4559,-53.6158,37.8043,12.55738392,2
CE1,4560,17.9387,-87.853,12.55430141,5
CE1,4561,38.3842,-134.707,12.55111908,5
CE1,4562,-8.34774,146.91,12.55059888,5
CE1,4563,-48.0417,-16.1,12.55033353,5
CE1,4564,-34.3476,-27.732,12.54879121,5
CE1,4565,-22.5413,-5.53,12.5478803,3
CE1,4566,-2.03777,167.216,12.54642649,5
CE1,4567,41.8379,29.661,12.54602438,5
CE1,4568,10.3108,-92.318,12.54069161,5
CE1,4569,-52.3892,-65.098,12.53899328,5
CE1,4570,-38.9178,-70.578,12.53871483,5
CE1,4571,-8.8462,-68.205,12.53625352,5
CE1,4572,35.3749,-62.017,12.53191752,4
CE1,4573,59.2459,25.3393,12.53068317,4
CE1,4574,38.502,-90.489,12.53003431,5
CE1,4575,-25.7858,0.738689,12.52592585,5
CE1,4576,54.2358,83.4461,12.51842728,2
CE1,4577,26.8758,56.9689,12.51527427,5
CE1,4578,-51.47,103.49,12.51476487,5
CE1,4579,26.3345,87.1968,12.51334298,5
CE1,4580,22.318,-85.365,12.50121251,5
CE1,4581,-51.2309,132.567,12.50022293,5
CE1,4582,-36.3275,-22.77,12.49873452,5
CE1,4583,5.53605,50.1311,12.49578257,2
CE1,4584,-26.6265,-163.01,12.49532765,5
CE1,4585,-26.095,14.0987,12.49397157,5
CE1,4586,12.8561,-115.856,12.49048599,5
CE1,4587,-0.699664,143.976,12.48961074,5
CE1,4588,14.0602,-162.619,12.48916302,5
CE1,4589,15.1666,114.914,12.48870848,5
CE1,4590,-36.798,-6.458,12.48590235,5
CE1,4591,-18.9482,48.69,12.48499022,5
CE1,4592,-29.6366,49.7703,12.4814895,5
CE1,4593,24.4342,-142.22,12.47819358,5
CE1,4594,-6.37367,36.3686,12.4767203,5
CE1,4595,-39.4748,-1.146,12.47589574,5
CE1,4596,13.1374,162.037,12.47521169,5
CE1,4597,-26.8298,161.233,12.47438569,5
CE1,4598,10.3961,-81.363,12.4724436,5
CE1,4599,-37.5047,10.926,12.47207569,5
CE1,4600,-33.0537,37.7647,12.47088696,5
CE1,4601,3.3051,14.8963,12.47024165,3
CE1,4602,-32.7085,-165.798,12.46980109,2
CE1,4603,-28.3778,19.4294,12.46841829,5
CE1,4604,-19.3081,163.088,12.46214723,5
CE1,4605,-45.8525,-132.162,12.46172679,5
CE1,4606,60.4175,61.5842,12.45398883,5
CE1,4607,55.475,71.3889,12.45344005,5
CE1,4608,-9.35974,-64.345,12.45269631,5
CE1,4609,48.8302,-115.78,12.44944656,5
CE1,4610,-24.3019,-152.676,12.44793464,5
CE1,4611,52.0891,-177.681,12.44631142,5
CE1,4612,26.9854,-55.13,12.44377419,4
CE1,4613,-16.9692,2.54305,12.44221135,5
CE1,4614,-41.77,-21.774,12.43500897,5
CE1,4615,26.5818,63.9283,12.43124979,5
CE1,4616,-20.5076,-142.9,12.43108402,5
CE1,4617,-5.93571,-43.804,12.42457358,4
CE1,4618,-39.4862,49.9527,12.42375366,5
CE1,4619,-1.73472,139.874,12.42079385,5
CE1,4620,20.4486,-144.618,12.42008949,5
CE1,4621,-53.7295,-109.889,12.41865939,5
CE1,4622,44.5689,176.574,12.41464911,5
CE1,4623,-8.6476,-158.207,12.40676722,5
CE1,4624,-24.6923,13.8306,12.40465862,5
CE1,4625,-13.4696,134.022,12.40019711,5
CE1,4626,21.4467,-82.984,12.39878773,5
CE1,4627,27.3924,72.2533,12.39682614,5
CE1,4628,-9.18953,-63.367,12.396272,5
CE1,4629,-44.281,3.10205,12.39531974,5
CE1,4630,58.3094,174.335,12.39468403,5
CE1,4631,-40.4796,-22.113,12.39305707,5
CE1,4632,-24.7687,143.016,12.39272814,5
CE1,4633,18.4202,93.0471,12.39237423,5
CE1,4634,54.7129,109.953,12.39228927,4
CE1,4635,-60.6912,0.370455,12.39181241,2
CE1,4636,-4.2703,67.0952,12.39120764,4
CE1,4637,-42.5268,-50.247,12.38812295,2
CE1,4638,-13.703,19.7959,12.38512069,5
CE1,4639,-37.4188,119.533,12.38250969,5
CE1,4640,-46.3285,-160.824,12.3671526,5
CE1,4641,-5.79123,-72.949,12.3633504,5
CE1,4642,-23.9719,148.066,12.36180392,5
CE1,4643,-52.0626,-20.598,12.36077178,5
CE1,4644,23.8704,-179.333,12.35596711,5
CE1,4645,-33.1555,172.01,12.35569611,5
CE1,4646,-19.057,-35.445,12.34864558,4
CE1,4647,6.5248,61.7456,12.34597143,5
CE1,4648,2.93092,-106.06,12.34551856,5
CE1,4649,-63.1362,0.657682,12.34392762,2
CE1,4650,-36.7132,131.369,12.34357714,5
CE1,4651,25.2893,34.6206,12.33726046,5
CE1,4652,24.6932,56.206,12.33537062,5
CE1,4653,-4.02589,-74.32,12.332078,5
CE1,4654,10.8087,-130.29,12.32961742,5
CE1,4655,-14.9091,10.6009,12.32161458,5
CE1,4656,-13.8006,-68.091,12.32014874,5
CE1,4657,12.4804,91.6415,12.32007967,5
CE1,4658,-49.6459,-144.473,12.31715245,2
CE1,4659,-5.06508,-90.007,12.31496238,5
CE1,4660,-28.7101,132.53,12.31263776,5
CE1,4661,-32.6716,-98.582,12.30662336,5
CE1,4662,-31.9185,63.3062,12.30369656,5
CE1,4663,-28.7808,-21.929,12.30289266,5
CE1,4664,-33.4718,-56.584,12.30134692,5
CE1,4665,-43.2048,19.773,12.29994099,5
CE1,4666,8.06052,63.616,12.29963348,5
CE1,4667,-10.0866,-80.931,12.29927176,5
CE1,4668,-26.2652,135.428,12.29702842,5
CE1,4669,62.3499,172.394,12.29608284,4
CE1,4670,-50.0192,-84.135,12.29589139,2
CE1,4671,14.2041,45.983,12.29556852,5
CE1,4672,1.03727,149.924,12.29436277,5
CE1,4673,-33.1573,-176.351,12.29124399,2
CE1,4674,-32.7978,61.1236,12.29088836,5
CE1,4675,-35.0438,-15.086,12.28874853,5
CE1,4676,20.7171,-34.306,12.28285444,4
CE1,4677,-42.114,39.4598,12.28187786,5
CE1,4678,22.7638,89.6327,12.27723833,5
CE1,4679,-16.6827,106.856,12.27711989,5
CE1,4680,-23.5626,54.9421,12.27370154,5
CE1,4681,19.2592,-177.621,12.27290545,5
CE1,4682,6.95278,150.667,12.27062468,5
CE1,4683,-20.1538,121.025,12.26888792,5
CE1,4684,-7.31239,20.9303,12.26242713,5
CE1,4685,53.5294,96.2671,12.26129789,5
CE1,4686,-39.6192,70.9736,12.25856539,5
CE1,4687,26.0552,-128.105,12.25649603,5
CE1,4688,-21.833,91.4533,12.25609529,5
CE1,4689,-9.51544,37.7913,12.25604535,5
CE1,4690,-11.2069,104.321,12.2544547,5
CE1,4691,-37.2417,-22.917,12.2528687,5
CE1,4692,23.7454,-178.011,12.25259911,5
CE1,4693,4.9013,62.5968,12.25256369,5
CE1,4694,-39.4265,-112.422,12.24735582,5
CE1,4695,9.73146,54.5565,12.24689465,5
CE1,4696,-26.838,46.5833,12.24621453,5
CE1,4697,55.1709,-22.358,12.24417638,5
CE1,4698,8.01981,93.7393,12.24093108,5
CE1,4699,12.9336,43.5777,12.23659967,5
CE1,4700,-11.6901,148.182,12.23244587,5
CE1,4701,-6.02272,9.72818,12.23007439,5
CE1,4702,42.9747,7.34221,12.22923154,5
CE1,4703,-38.3319,-147.173,12.22900016,2
CE1,4704,-16.4862,-121.489,12.22832249,5
CE1,4705,-36.4562,-118.822,12.22452571,5
CE1,4706,-61.0315,-21.957,12.22060058,2
CE1,4707,-41.616,-28.906,12.2170043,5
CE1,4708,-64.2694,-58.32,12.21667235,5
CE1,4709,3.22747,79.784,12.21404453,5
CE1,4710,-14.7112,39.6787,12.20572909,5
CE1,4711,-37.8946,62.9337,12.19786249,5
CE1,4712,-4.72664,-166.123,12.19253391,5
CE1,4713,53.627,-52.289,12.19227524,4
CE1,4714,-34.6353,-6.208,12.19022928,5
CE1,4715,-12.6555,112.403,12.18959635,5
CE1,4716,60.4583,-38.155,12.18753607,5
CE1,4717,-19.6873,147.435,12.18701678,5
CE1,4718,-21.2312,118.54,12.18683151,5
CE1,4719,17.9538,-98.175,12.18669461,5
CE1,4720,-37.3672,55.0813,12.18265222,5
CE1,4721,-39.4543,-143.569,12.18141759,5
CE1,4722,-42.6265,-65.938,12.18093063,5
CE1,4723,17.0553,-149.181,12.18088941,5
CE1,4724,-16.2352,12.071,12.18076744,5
CE1,4725,-12.886,67.1357,12.17516012,5
CE1,4726,-41.9432,-127.451,12.17311734,5
CE1,4727,-29.0069,120.565,12.16749461,5
CE1,4728,34.3486,30.0083,12.16466471,5
CE1,4729,1.01316,144.755,12.16302491,5
CE1,4730,-14.4173,-60.74,12.16215236,5
CE1,4731,-15.6243,127.808,12.15698046,5
CE1,4732,-2.91636,90.2422,12.15336342,4
CE1,4733,-25.9837,147.224,12.15278569,5
CE1,4734,-22.3534,105.842,12.15131029,4
CE1,4735,-29.1793,-140.853,12.15124738,5
CE1,4736,-8.87523,-143.75,12.15111482,5
CE1,4737,-27.1259,-122.906,12.14967251,5
CE1,4738,-48.0107,-32.355,12.14963676,5
CE1,4739,-26.7194,121.474,12.14108276,2
CE1,4740,-18.7241,5.70106,12.13376445,5
CE1,4741,-40.8968,-125.337,12.12661596,5
CE1,4742,9.64046,30.9881,12.12376678,4
CE1,4743,-9.84529,153.993,12.11832059,5
CE1,4744,17.2512,-150.952,12.10794077,5
CE1,4745,-5.62551,127.147,12.10714051,5
CE1,4746,-48.5787,-95.564,12.10452921,5
CE1,4747,-46.6893,-15.108,12.10333692,5
CE1,4748,-48.033,-33.419,12.10246303,5
CE1,4749,8.39346,-74.666,12.10061909,5
CE1,4750,25.8742,71.642,12.09873504,5
CE1,4751,-39.985,-3.169,12.09607263,5
CE1,4752,22.3225,-108.908,12.08680191,5
CE1,4753,33.3615,-116.345,12.08366204,5
CE1,4754,-6.86784,97.6773,12.0820494,5
CE1,4755,-27.8872,-145.162,12.07918945,5
CE1,4756,22.4379,-153.646,12.07633001,5
CE1,4757,9.29671,62.4497,12.07103766,4
CE1,4758,-50.5501,97.2381,12.06569684,5
CE1,4759,11.1585,76.8719,12.06394403,5
CE1,4760,12.6062,109.837,12.06322083,5
CE1,4761,-25.8233,166.337,12.06187229,5
CE1,4762,-22.0163,170.001,12.06117868,5
CE1,4763,-33.2856,121.681,12.06045422,5
CE1,4764,-13.9964,-58.077,12.0599925,5
CE1,4765,19.7643,-41.728,12.05696436,4
CE1,4766,-19.0043,25.7873,12.05442157,5
CE1,4767,-42.5909,-173.947,12.05126549,5
CE1,4768,25.8235,-98.266,12.04911728,5
CE1,4769,8.02352,133.724,12.04863365,5
CE1,4770,-10.0234,93.1422,12.04858014,5
CE1,4771,-8.34427,11.082,12.04291843,5
CE1,4772,22.8257,-73.081,12.04265804,4
CE1,4773,-14.3479,-154.001,12.04256286,5
CE1,4774,42.7394,35.3552,12.04218131,5
CE1,4775,0.306226,-117.635,12.04011879,5
CE1,4776,5.9759,-20.185,12.03819389,5
CE1,4777,-34.6106,3.50197,12.03789959,5
CE1,4778,-1.23111,-93.705,12.03644174,5
CE1,4779,-41.8996,-125.586,12.0342726,5
CE1,4780,-28.6716,76.9283,12.0320383,4
CE1,4781,44.6419,-157.994,12.03069174,5
CE1,4782,8.71293,1.35614,12.02607669,2
CE1,4783,-6.68701,-65.549,12.02347745,5
CE1,4784,-6.68658,94.2944,12.02318461,4
CE1,4785,-44.1245,-59.784,12.02049657,5
CE1,4786,-3.41912,69.5247,12.01931447,5
CE1,4787,18.5412,177.229,12.01910424,5
CE1,4788,10.5089,107.764,12.01685209,5
CE1,4789,46.8214,-88.475,12.01542747,5
CE1,4790,3.68555,97.3146,12.0150445,5
CE1,4791,33.1906,24.1531,12.00732734,4
CE1,4792,-57.1334,137.962,12.00384269,5
CE1,4793,-50.0002,11.7551,12.00246414,5
CE1,4794,-16.1204,73.5565,12.00174761,5
CE1,4795,19.6473,-88.339,12.00075722,5
CE1,4796,-34.9446,-146.213,11.99207181,4
CE1,4797,-42.1026,68.8816,11.98463875,2
CE1,4798,64.0674,-141.902,11.98098752,5
CE1,4799,28.081,-76.567,11.97959361,5
CE1,4800,35.6467,-38.751,11.97791859,5
CE1,4801,-55.2349,-80.587,11.97638804,5
CE1,4802,-48.603,-23.277,11.9641668,5
CE1,4803,-23.1848,31.0808,11.95906423,5
CE1,4804,-55.9147,-23.946,11.95541619,2
CE1,4805,-50.0744,-50.918,11.95423996,5
CE1,4806,-33.3301,108.573,11.95203355,5
CE1,4807,-52.643,-123.194,11.94868146,5
CE1,4808,48.0853,-77.637,11.94791911,5
CE1,4809,-36.5637,63.0148,11.94764274,5
CE1,4810,-57.415,71.1842,11.94665333,5
CE1,4811,7.12471,76.1183,11.94431915,5
CE1,4812,-11.1296,170.208,11.94182141,5
CE1,4813,-39.1302,48.0719,11.94052419,5
CE1,4814,-21.2287,-138.001,11.93869913,5
CE1,4815,57.3415,-33.11,11.93796101,4
CE1,4816,-18.9386,152.209,11.93734596,5
CE1,4817,-36.7137,-92.174,11.92774117,5
CE1,4818,45.7994,38.7062,11.92486325,5
CE1,4819,-57.5175,131.601,11.92358525,5
CE1,4820,-59.3123,132.577,11.91930245,2
CE1,4821,24.811,67.8729,11.91498313,5
CE1,4822,-8.52668,-71.368,11.90869451,5
CE1,4823,-56.8359,-62.549,11.90679365,5
CE1,4824,-29.76,92.405,11.90541214,5
CE1,4825,15.6226,132.577,11.90394204,5
CE1,4826,-37.8807,-162.427,11.89669012,5
CE1,4827,43.9857,105.937,11.89548741,5
CE1,4828,-6.7156,64.801,11.89453822,5
CE1,4829,-30.4187,2.32031,11.88818107,5
CE1,4830,18.7303,95.1629,11.88460094,5
CE1,4831,36.2471,47.9632,11.88212882,5
CE1,4832,-40.1552,121.635,11.88109076,5
CE1,4833,44.0514,56.9994,11.87884159,5
CE1,4834,61.5965,32.4765,11.87695322,4
CE1,4835,-34.594,114.951,11.87462297,5
CE1,4836,-54.1252,133.242,11.87380902,2
CE1,4837,-7.57532,-66.713,11.87323984,4
CE1,4838,56.3848,-135.714,11.87311681,2
CE1,4839,-9.65079,67.1227,11.87041483,5
CE1,4840,-36.0847,138.733,11.86812361,5
CE1,4841,33.0152,-112.534,11.86774464,5
CE1,4842,-12.7888,-121.392,11.8664057,5
CE1,4843,7.74858,6.26041,11.86599519,4
CE1,4844,-38.7093,96.5514,11.86325331,3
CE1,4845,-24.9303,147.051,11.85914224,5
CE1,4846,-22.3432,117.325,11.85834693,5
CE1,4847,-38.4864,150.179,11.85495501,5
CE1,4848,14.2436,114.448,11.854945,5
CE1,4849,-24.3237,13.3953,11.85383006,5
CE1,4850,-40.011,-69.208,11.85338394,5
CE1,4851,-54.9808,120.771,11.84895836,5
CE1,4852,26.6529,137.899,11.84844947,5
CE1,4853,46.3559,179.011,11.84681742,5
CE1,4854,61.07,77.272,11.84464341,5
CE1,4855,-27.912,-141.755,11.84309028,5
CE1,4856,35.0701,-82.402,11.84218727,5
CE1,4857,-33.6654,-173.208,11.84089048,2
CE1,4858,17.6163,9.10358,11.84042532,3
CE1,4859,-60.0239,-154.641,11.83466192,2
CE1,4860,27.3485,61.8633,11.8325845,5
CE1,4861,-48.6724,116.944,11.83013952,2
CE1,4862,-29.9546,-3.86,11.82982967,5
CE1,4863,-43.4491,-138.906,11.82913049,5
CE1,4864,-44.1423,124.502,11.82722793,5
CE1,4865,-17.9635,175.535,11.82560805,5
CE1,4866,-60.8641,163.547,11.82560526,4
CE1,4867,-20.4671,42.8877,11.82497834,2
CE1,4868,63.1539,-28.855,11.81609476,5
CE1,4869,-30.0494,134.626,11.81571648,5
CE1,4870,-9.66199,98.9874,11.80740081,5
CE1,4871,-9.89024,4.54438,11.79957245,2
CE1,4872,-32.4344,-134.126,11.79694056,5
CE1,4873,56.8622,140.19,11.7959544,5
CE1,4874,-30.2673,177.906,11.79423929,5
CE1,4875,-41.6794,141.501,11.79155078,5
CE1,4876,-28.8574,8.18651,11.79051455,5
CE1,4877,-21.6663,55.1102,11.78972691,5
CE1,4878,-44.5581,109.377,11.78804413,5
CE1,4879,31.1146,-120.199,11.78782678,5
CE1,4880,-26.8035,-75.815,11.78616976,5
CE1,4881,-23.0981,33.3623,11.78299733,2
CE1,4882,-37.3867,33.5006,11.77597341,5
CE1,4883,27.3681,-9.452,11.77221089,3
CE1,4884,18.5419,-134.749,11.77165412,5
CE1,4885,55.0875,84.5369,11.76811532,2
CE1,4886,23.2769,62.1126,11.7653336,5
CE1,4887,-33.1851,6.82186,11.75519829,5
CE1,4888,-22.796,23.4804,11.7545565,5
CE1,4889,-33.1198,49.8828,11.75332388,5
CE1,4890,12.5854,31.0715,11.74901528,4
CE1,4891,-12.7114,103.424,11.74545313,5
CE1,4892,-29.7895,26.6482,11.74028094,5
CE1,4893,-34.4422,-35.333,11.74016462,5
CE1,4894,-14.1915,52.7045,11.73477837,4
CE1,4895,51.2876,89.2401,11.73271512,5
CE1,4896,-21.6273,-37.094,11.73169827,4
CE1,4897,-51.5302,56.0032,11.72973666,5
CE1,4898,-16.5354,6.7532,11.72880615,5
CE1,4899,-14.3467,6.88004,11.72732773,2
CE1,4900,52.6837,71.0875,11.72383619,5
CE1,4901,26.8411,144.669,11.71403385,4
CE1,4902,13.2566,109.846,11.71290943,5
CE1,4903,-35.4585,-170.275,11.70395534,2
CE1,4904,39.831,83.3637,11.70249555,5
CE1,4905,-24.0002,70.2822,11.70118911,5
CE1,4906,-19.7009,40.6602,11.70016458,5
CE1,4907,-35.8453,10.3017,11.70015812,5
CE1,4908,39.0366,102.682,11.68113872,5
CE1,4909,-60.0324,90.0094,11.68017484,5
CE1,4910,48.7534,-38.556,11.67757931,2
CE1,4911,15.2463,-85.955,11.67492364,5
CE1,4912,-30.3267,-121.18,11.67468837,5
CE1,4913,-25.0083,-47.145,11.67351483,5
CE1,4914,52.2751,-106.145,11.66924601,5
CE1,4915,-34.597,129.272,11.66825067,5
CE1,4916,52.593,-79.86,11.6574896,5
CE1,4917,-48.8429,-163.581,11.65711253,4
CE1,4918,-29.0613,114.432,11.65436433,5
CE1,4919,-23.2885,66.7724,11.65232607,4
CE1,4920,-41.6684,-63.098,11.64726146,5
CE1,4921,-46.9622,-106.255,11.64701459,5
CE1,4922,-13.4817,103.618,11.64422958,5
CE1,4923,-46.3585,20.3311,11.6438721,5
CE1,4924,-28.652,102.152,11.64249288,5
CE1,4925,-50.624,-85.728,11.64203372,2
CE1,4926,-35.4835,-121.837,11.64052336,5
CE1,4927,-25.3865,37.5711,11.63511216,5
CE1,4928,-56.2991,2.81337,11.63263167,2
CE1,4929,-18.0663,-1.495,11.63189425,5
CE1,4930,36.572,107.444,11.62610325,5
CE1,4931,36.6014,-152.012,11.62267532,5
CE1,4932,38.5643,-120.137,11.62230353,5
CE1,4933,36.1905,140.816,11.62190165,5
CE1,4934,40.6852,-117.309,11.61377164,5
CE1,4935,-40.4831,-46.718,11.61342937,5
CE1,4936,43.0138,-10.311,11.61284256,4
CE1,4937,23.7235,173.268,11.61060015,5
CE1,4938,-34.9931,100.412,11.60903902,2
CE1,4939,-31.8119,-147.632,11.60642183,5
CE1,4940,-25.156,50.3786,11.59943497,5
CE1,4941,17.5593,-21.747,11.59864005,4
CE1,4942,54.0314,-161.225,11.5957772,5
CE1,4943,-48.9502,-121.545,11.59432771,5
CE1,4944,-41.7445,-45.471,11.58602248,5
CE1,4945,-27.6478,119.494,11.58352198,5
CE1,4946,-36.5853,-4.878,11.583298,5
CE1,4947,45.2771,-103.518,11.58188911,5
CE1,4948,-49.9769,179.464,11.58038229,3
CE1,4949,-34.1521,69.9313,11.57009693,5
CE1,4950,27.7893,4.76173,11.55772272,4
CE1,4951,-19.2319,43.1311,11.55198667,3
CE1,4952,23.7244,160.205,11.55063591,5
CE1,4953,-45.7368,-140.345,11.54821719,5
CE1,4954,-52.1212,19.8903,11.54801061,5
CE1,4955,62.069,60.9136,11.53751609,5
CE1,4956,-61.842,144.989,11.53519677,5
CE1,4957,34.2901,-120.029,11.53368711,5
CE1,4958,50.879,-177.528,11.53228537,5
CE1,4959,-59.5435,-2.012,11.5307423,2
CE1,4960,25.1941,138.029,11.53044463,5
CE1,4961,-38.0312,-72.077,11.52711367,5
CE1,4962,-42.5751,13.9425,11.52448486,5
CE1,4963,21.9532,4.97114,11.52250453,3
CE1,4964,-26.0197,36.5335,11.51565886,5
CE1,4965,46.4996,146.664,11.51147719,5
CE1,4966,-44.6154,116.625,11.50052253,5
CE1,4967,-35.4081,-46.827,11.49935957,5
CE1,4968,-35.3923,0.174888,11.49785235,5
CE1,4969,-18.2309,41.091,11.49721387,5
CE1,4970,-17.3098,51.6443,11.49497469,5
CE1,4971,-30.897,-11.99,11.49281676,5
CE1,4972,-57.0222,-78.669,11.48817089,5
CE1,4973,-60.8974,-114.475,11.48428537,5
CE1,4974,-16.4699,57.798,11.48187738,2
CE1,4975,35.8063,138.64,11.48081386,5
CE1,4976,20.9653,-79.173,11.4782497,4
CE1,4977,-47.8748,40.515,11.47729988,5
CE1,4978,40.0162,3.8729,11.47700837,4
CE1,4979,-46.8477,119.568,11.47392987,5
CE1,4980,-47.1762,139.264,11.47330581,5
CE1,4981,42.282,-178.262,11.47182007,5
CE1,4982,-25.8261,-67.463,11.47033964,5
CE1,4983,23.2175,130.925,11.46796649,5
CE1,4984,31.9533,-168.025,11.46504234,5
CE1,4985,-44.3126,-47.531,11.46344916,5
CE1,4986,-38.4029,106.4,11.45866515,5
CE1,4987,-50.3574,46.4013,11.45560931,5
CE1,4988,62.83,66.2839,11.45124695,5
CE1,4989,-53.2334,129.537,11.44320611,5
CE1,4990,-43.9952,93.361,11.43695472,3
CE1,4991,-41.3924,-124.186,11.40820169,5
CE1,4992,27.0608,149.121,11.40462312,4
CE1,4993,22.639,-82.078,11.40278593,5
CE1,4994,63.6097,-77.701,11.39934654,5
CE1,4995,-49.3987,-7.416,11.39879122,5
CE1,4996,-29.3421,139.195,11.39239002,5
CE1,4997,-59.6095,-78.808,11.38906351,5
CE1,4998,-25.6098,15.1223,11.38628767,5
CE1,4999,-35.8474,29.1006,11.38481651,5
CE1,5000,-56.5272,54.8626,11.38407178,2
CE1,5001,-24.4337,26.1861,11.376925,5
CE1,5002,-63.4492,148.131,11.37477121,5
CE1,5003,45.9238,127.515,11.36386776,5
CE1,5004,-60.9829,-20.331,11.36274028,2
CE1,5005,-43.9546,-19.603,11.36066974,5
CE1,5006,35.5375,-102.023,11.35920546,5
CE1,5007,-21.0573,-142.996,11.35833292,5
CE1,5008,-24.0016,-130.982,11.3566798,5
CE1,5009,-34.9698,33.3522,11.35285573,5
CE1,5010,-37.1137,26.5718,11.35054819,3
CE1,5011,30.2089,-111.956,11.34617652,5
CE1,5012,-24.8045,4.99864,11.34074089,5
CE1,5013,-26.1057,-58.452,11.3382481,5
CE1,5014,-42.5585,-38.307,11.33477817,5
CE1,5015,40.0112,-126.777,11.33294508,5
CE1,5016,-34.3146,-39.138,11.33293294,5
CE1,5017,27.19,-159.127,11.33188286,5
CE1,5018,26.8136,-80.232,11.31489347,4
CE1,5019,36.5993,-111.283,11.31123143,5
CE1,5020,-60.8135,-94.212,11.30278197,2
CE1,5021,-34.926,123.116,11.30225563,5
CE1,5022,48.8407,172.391,11.30055196,5
CE1,5023,-23.3319,-164.07,11.2985261,5
CE1,5024,-38.8054,138.558,11.29665644,5
CE1,5025,27.0686,-9.09,11.2922005,4
CE1,5026,-37.5118,-140.195,11.288886,5
CE1,5027,56.8068,125.662,11.28721559,5
CE1,5028,39.0549,22.9393,11.28579129,3
CE1,5029,32.1203,141.088,11.28292335,5
CE1,5030,-24.1627,39.6805,11.28078875,4
CE1,5031,-45.9812,119.757,11.27445901,5
CE1,5032,-53.9202,-59.385,11.26911581,5
CE1,5033,49.2413,166.175,11.25955994,5
CE1,5034,-62.0701,154.326,11.25727552,5
CE1,5035,-30.0862,141.933,11.25689097,5
CE1,5036,52.392,69.6368,11.25540504,5
CE1,5037,-45.3983,73.114,11.24859928,5
CE1,5038,32.006,-112.094,11.24133447,5
CE1,5039,36.0661,-129.019,11.23716394,5
CE1,5040,7.48594,-22.363,11.23462606,5
CE1,5041,48.2212,79.3506,11.23006153,5
CE1,5042,-26.6085,83.7917,11.22707107,5
CE1,5043,-27.2224,156.526,11.22461298,5
CE1,5044,42.0552,-45.986,11.22446403,3
CE1,5045,-26.0841,-67.901,11.21953288,5
CE1,5046,-21.379,-148.972,11.21739333,5
CE1,5047,40.7161,127.026,11.21555253,5
CE1,5048,-29.9672,-107.308,11.21426572,5
CE1,5049,-35.2289,-53.821,11.21238611,5
CE1,5050,-38.695,-24.671,11.20924297,5
CE1,5051,-33.213,-127.793,11.20527807,5
CE1,5052,-28.5155,130.31,11.20437852,5
CE1,5053,28.9778,-85.975,11.19958344,5
CE1,5054,-39.1291,42.7326,11.19417042,5
CE1,5055,-43.1359,-48.86,11.18961142,5
CE1,5056,-41.2276,-166.524,11.18471006,4
CE1,5057,39.7363,-12.353,11.17876741,4
CE1,5058,-47.926,10.4969,11.17110026,5
CE1,5059,-37.6903,-159.101,11.16576155,4
CE1,5060,-40.4823,-140.08,11.16385058,5
CE1,5061,-43.4943,-127.37,11.16270654,5
CE1,5062,-35.2035,137.271,11.16119181,5
CE1,5063,-56.3476,-27.453,11.15894635,5
CE1,5064,30.3799,67.3198,11.15758964,5
CE1,5065,-31.8606,51.6504,11.15580711,5
CE1,5066,-45.6889,55.1841,11.1547351,5
CE1,5067,36.6504,-149.953,11.15185117,5
CE1,5068,-38.4508,142.232,11.15091352,5
CE1,5069,-30.5513,-150.231,11.15029111,5
CE1,5070,-29.0538,66.7538,11.14773402,5
CE1,5071,43.7989,-98.659,11.14753579,5
CE1,5072,-52.204,163.814,11.14532511,5
CE1,5073,-53.3845,21.1319,11.14442834,5
CE1,5074,52.6736,-23.995,11.13978605,5
CE1,5075,-36.4889,23.5992,11.13497635,5
CE1,5076,-26.4428,105.359,11.13149777,3
CE1,5077,-62.0277,-33.46,11.1300007,5
CE1,5078,46.1982,56.6006,11.12531684,5
CE1,5079,-24.4204,-57.202,11.12409101,5
CE1,5080,-45.4016,120.562,11.12297469,5
CE1,5081,-41.1168,-82.127,11.12083569,5
CE1,5082,-42.972,-146.757,11.12077505,2
CE1,5083,-38.6119,14.5598,11.12071213,5
CE1,5084,25.9021,-47.895,11.11336806,5
CE1,5085,-21.9274,137.019,11.10873771,5
CE1,5086,-29.4279,85.4991,11.10616527,5
CE1,5087,-30.4503,-1.441,11.10320539,5
CE1,5088,-52.9476,148.263,11.09981699,5
CE1,5089,-24.8528,33.5248,11.0992095,5
CE1,5090,-37.5096,-66.376,11.09473042,5
CE1,5091,-54.7108,-125.773,11.09282105,5
CE1,5092,-41.8819,146.555,11.08122824,5
CE1,5093,-28.654,-31.367,11.07448152,5
CE1,5094,39.1777,-120.649,11.07320728,5
CE1,5095,-45.4229,-49.883,11.07275327,5
CE1,5096,-40.2379,-64.792,11.0701291,5
CE1,5097,28.6356,74.318,11.06979553,5
CE1,5098,-24.5686,124.547,11.06949277,5
CE1,5099,46.748,142.501,11.0680576,5
CE1,5100,-13.814,62.3544,11.06466509,5
CE1,5101,30.7118,-86.218,11.0624458,5
CE1,5102,39.516,80.2757,11.06237124,5
CE1,5103,-28.2906,103.215,11.05618083,4
CE1,5104,35.1014,42.0543,11.05292727,5
CE1,5105,-33.207,-59.713,11.04864114,5
CE1,5106,-34.4855,-91.283,11.04390264,5
CE1,5107,-46.4433,118.375,11.04344727,5
CE1,5108,-40.1162,-62.041,11.03786335,5
CE1,5109,-29.0266,164.082,11.0375073,5
CE1,5110,23.5566,35.4109,11.03306454,5
CE1,5111,-40.4624,-2.879,11.0309943,5
CE1,5112,-37.6002,151.249,11.02942046,5
CE1,5113,-31.617,-176.553,11.02741054,5
CE1,5114,-59.4806,142.938,11.02592682,5
CE1,5115,-36.2043,27.6722,11.02362336,5
CE1,5116,-50.4585,52.2726,11.02106127,5
CE1,5117,-34.2741,55.281,11.01725569,5
CE1,5118,45.2531,162.081,11.01077902,5
CE1,5119,-24.5463,68.7216,11.00760097,5
CE1,5120,-46.6186,50.5718,11.00565238,5
CE1,5121,-34.8136,-157.679,11.00397576,3
CE1,5122,31.7251,-92.344,11.00002657,5
CE1,5123,-29.3948,25.726,10.99866933,5
CE1,5124,-37.4577,41.8957,10.99577383,5
CE1,5125,-43.6675,-128.748,10.9883271,5
CE1,5126,64.0481,-29.744,10.98601268,5
CE1,5127,41.5683,-118.4,10.97512803,5
CE1,5128,-45.2467,127.043,10.97371445,5
CE1,5129,-44.3186,151.176,10.96963164,5
CE1,5130,29.6096,146.585,10.96413818,5
CE1,5131,-35.5171,78.965,10.95869186,5
CE1,5132,-28.7217,-69.311,10.95699684,5
CE1,5133,-33.1121,-145.809,10.95332973,5
CE1,5134,44.5913,56.8133,10.95245582,5
CE1,5135,-25.3195,94.0524,10.94467413,5
CE1,5136,-60.1141,-56.693,10.93980113,5
CE1,5137,-24.026,38.8337,10.93869472,5
CE1,5138,55.5487,-61.836,10.93593192,5
CE1,5139,43.9036,96.0918,10.93540287,5
CE1,5140,-27.9509,27.6901,10.9283364,5
CE1,5141,-34.6078,38.1723,10.92290057,5
CE1,5142,-26.2343,49.5821,10.91767984,5
CE1,5143,45.4235,-43.143,10.91697318,3
CE1,5144,49.7893,-142.134,10.91415827,5
CE1,5145,43.002,174.058,10.91079888,5
CE1,5146,-49.7448,142.625,10.90889688,5
CE1,5147,-41.1597,46.1723,10.90426924,5
CE1,5148,-47.5679,-13.177,10.90297607,5
CE1,5149,27.6041,-36.624,10.89306035,4
CE1,5150,-43.9961,-41.545,10.88650036,5
CE1,5151,64.6128,145.63,10.88503477,5
CE1,5152,-54.4837,44.1318,10.88125528,5
CE1,5153,-48.7144,74.9818,10.88008616,4
CE1,5154,-36.4448,53.9825,10.87791924,5
CE1,5155,30.92,112.164,10.87647028,5
CE1,5156,-35.8266,12.9726,10.86364096,5
CE1,5157,-25.5992,7.4378,10.86289373,5
CE1,5158,38.2492,-114.541,10.86280856,5
CE1,5159,-52.2972,105.644,10.86019248,5
CE1,5160,-26.8996,27.9066,10.85780855,5
CE1,5161,52.1034,-158.694,10.85626258,5
CE1,5162,47.7426,-75.332,10.85576915,5
CE1,5163,45.0722,-135.271,10.85297332,5
CE1,5164,-47.6096,-22.673,10.85269283,3
CE1,5165,-28.0933,-60.754,10.85256453,5
CE1,5166,-25.7089,124.481,10.85226557,5
CE1,5167,-52.2888,103.904,10.85160428,5
CE1,5168,-43.635,10.2758,10.85112719,5
CE1,5169,-45.4043,-33.019,10.84955943,5
CE1,5170,44.1219,36.4434,10.84932548,5
CE1,5171,35.4678,36.9073,10.84878342,5
CE1,5172,-27.0435,141.434,10.84628329,5
CE1,5173,-25.1874,101.746,10.84367334,5
CE1,5174,-41.5909,127.153,10.8405088,5
CE1,5175,-59.8134,-112.69,10.84041983,5
CE1,5176,-45.9706,151.151,10.83767288,5
CE1,5177,32.1876,70.8979,10.83577067,5
CE1,5178,45.9605,-99.185,10.82311072,5
CE1,5179,-35.7735,-72.018,10.81956153,5
CE1,5180,59.4952,31.0843,10.81743816,2
CE1,5181,29.4656,58.9544,10.81359313,5
CE1,5182,-48.6469,144.023,10.81078125,4
CE1,5183,-38.7195,148.941,10.80597157,5
CE1,5184,53.866,-25.646,10.79219748,5
CE1,5185,-41.0436,-76.806,10.79076301,5
CE1,5186,-54.5999,-48.796,10.79074289,5
CE1,5187,-47.3506,175.672,10.78403028,5
CE1,5188,-63.3589,-9.028,10.7832327,2
CE1,5189,38.4424,125.833,10.78302817,5
CE1,5190,-52.1949,-177.007,10.78249038,5
CE1,5191,-47.0949,27.9453,10.78237131,5
CE1,5192,-53.6127,7.58627,10.77904824,5
CE1,5193,46.8681,-99.51,10.77701431,5
CE1,5194,54.7816,-79.624,10.77615733,5
CE1,5195,-37.9213,-110.041,10.77586807,5
CE1,5196,39.862,167.935,10.76824234,5
CE1,5197,-51.2533,-38.316,10.76644051,5
CE1,5198,34.1016,36.021,10.76209263,4
CE1,5199,56.7007,-52.99,10.76177911,5
CE1,5200,-36.237,-159.654,10.75718793,4
CE1,5201,-50.4376,-54.478,10.75344244,5
CE1,5202,-27.3645,26.2738,10.75220768,5
CE1,5203,-41.8038,75.4935,10.75159816,5
CE1,5204,-55.221,47.1094,10.75133753,5
CE1,5205,40.3071,-45.173,10.74702404,5
CE1,5206,-42.1194,70.6822,10.74564402,2
CE1,5207,-36.3665,32.8346,10.73996024,5
CE1,5208,-34.7991,-164.673,10.73951449,5
CE1,5209,-41.3416,-52.555,10.73784013,5
CE1,5210,-40.1332,-28.525,10.73050703,5
CE1,5211,-26.3745,28.249,10.72932605,5
CE1,5212,-50.5558,0.763222,10.72547766,5
CE1,5213,-58.4443,-161.893,10.72086406,5
CE1,5214,41.6563,117.59,10.72053779,5
CE1,5215,37.8513,99.0162,10.71896088,5
CE1,5216,43.0188,43.645,10.71815766,5
CE1,5217,-47.7922,-121.486,10.71756781,5
CE1,5218,-27.8787,-144.62,10.71543027,5
CE1,5219,41.3674,3.75608,10.71102447,5
CE1,5220,-36.5577,41.9906,10.71055064,5
CE1,5221,-36.5667,51.0923,10.70850086,5
CE1,5222,-46.4598,69.5522,10.69998508,5
CE1,5223,-49.2041,126.358,10.69468595,5
CE1,5224,-53.3247,-22.705,10.69297908,5
CE1,5225,-37.3732,-29.499,10.69265286,5
CE1,5226,-40.7483,153.298,10.69122379,5
CE1,5227,-50.0069,-2.856,10.686836,5
CE1,5228,-57.159,166.203,10.68578068,5
CE1,5229,-40.1926,-65.775,10.68502279,5
CE1,5230,-51.6455,-21.668,10.68292485,5
CE1,5231,43.017,128.946,10.67979271,5
CE1,5232,-48.8958,165.488,10.67360971,5
CE1,5233,43.2716,-45.327,10.67249742,2
CE1,5234,-30.323,17.5118,10.6718237,5
CE1,5235,-50.0825,-127.837,10.67005899,5
CE1,5236,-57.7974,-81.114,10.66917863,5
CE1,5237,-33.9898,19.403,10.66323987,5
CE1,5238,-57.0038,-74.132,10.65741479,5
CE1,5239,-47.3148,8.16331,10.65668509,5
CE1,5240,-42.7046,161.909,10.65658711,5
CE1,5241,30.9371,-108.078,10.6533343,5
CE1,5242,-52.1058,137.388,10.6524717,5
CE1,5243,-44.5312,-28.252,10.64841246,5
CE1,5244,48.5248,84.5266,10.64663113,5
CE1,5245,-29.0073,50.4139,10.64206249,5
CE1,5246,42.3756,-74.75,10.64068473,5
CE1,5247,-37.7613,64.0976,10.63989727,5
CE1,5248,49.3599,5.79079,10.63628537,5
CE1,5249,-31.6811,26.5002,10.63294222,5
CE1,5250,-41.107,-37.666,10.6294487,5
CE1,5251,-30.7041,-20.414,10.62871887,5
CE1,5252,-33.9795,-153.324,10.62859851,5
CE1,5253,-31.2988,23.4719,10.62762874,5
CE1,5254,-50.8784,154.483,10.61565282,5
CE1,5255,-29.897,64.9848,10.60982394,5
CE1,5256,47.6943,21.7257,10.60243266,5
CE1,5257,-39.0852,136.478,10.60213393,5
CE1,5258,-56.5012,0.807695,10.59525383,2
CE1,5259,-45.5722,2.20789,10.58908116,5
CE1,5260,-60.7433,158.204,10.57409723,4
CE1,5261,-31.2088,-38.44,10.57293085,4
CE1,5262,-63.237,-60.83,10.57108528,5
CE1,5263,-28.0853,95.3159,10.56942953,5
CE1,5264,-33.1908,163.956,10.56666189,5
CE1,5265,-28.1187,65.9885,10.56451494,5
CE1,5266,-41.2982,-54.679,10.55738104,2
CE1,5267,-34.1717,-147.974,10.55301524,4
CE1,5268,-54.6381,-119.385,10.55003563,5
CE1,5269,-33.267,60.0483,10.54997967,5
CE1,5270,-30.9935,158.093,10.54972889,5
CE1,5271,-35.0365,110.292,10.54925802,5
CE1,5272,33.2522,-82.104,10.54582641,4
CE1,5273,52.5249,93.2689,10.54378584,5
CE1,5274,-56.5482,-60.87,10.54344352,5
CE1,5275,-53.7915,-51.872,10.54291241,5
CE1,5276,-26.6442,122.542,10.53581132,5
CE1,5277,-47.061,-67.404,10.53428334,5
CE1,5278,-41.4404,144.138,10.53117234,5
CE1,5279,47.8695,36.6965,10.52831431,5
CE1,5280,-54.1687,-105.812,10.52028003,5
CE1,5281,31.6509,-31.112,10.5197012,4
CE1,5282,54.2682,81.9487,10.51170502,5
CE1,5283,-39.3284,-20.46,10.51043847,5
CE1,5284,-40.5957,30.2637,10.50743343,5
CE1,5285,-53.922,-118.824,10.5013865,5
CE1,5286,-31.3782,126.266,10.49920816,5
CE1,5287,-41.9437,-144.098,10.49720016,5
CE1,5288,-31.4031,56.09,10.49403299,5
CE1,5289,-53.2317,-120.6,10.49241925,5
CE1,5290,-47.2597,9.68004,10.48923201,5
CE1,5291,52.1326,-6.284,10.48785485,3
CE1,5292,-42.0019,-162.629,10.4853657,5
CE1,5293,52.766,-175.921,10.47650205,5
CE1,5294,-51.131,-163.23,10.47439588,5
CE1,5295,-51.2704,33.6004,10.47255263,5
CE1,5296,58.5105,33.9601,10.47055152,5
CE1,5297,-38.6763,-66.065,10.46639085,5
CE1,5298,-45.9652,116.661,10.46139705,5
CE1,5299,44.5149,67.0144,10.45359713,5
CE1,5300,-35.7899,32.3979,10.45149288,5
CE1,5301,-34.141,144.517,10.4481084,5
CE1,5302,-45.6672,149.767,10.44705049,5
CE1,5303,-35.782,69.4408,10.44646381,5
CE1,5304,41.5847,-90.614,10.44094448,5
CE1,5305,-58.0911,-90.12,10.43980127,5
CE1,5306,63.0471,167.467,10.43819553,5
CE1,5307,42.2197,-91.859,10.43180379,5
CE1,5308,-50.5878,-105.06,10.42689689,5
CE1,5309,-61.5819,-74.831,10.42346371,5
CE1,5310,-40.6029,-11.853,10.42007519,5
CE1,5311,-42.3838,-23.163,10.41862991,5
CE1,5312,-46.2939,153.75,10.41841197,5
CE1,5313,-35.6665,-58.372,10.41432025,5
CE1,5314,31.6214,-1.513,10.41293682,4
CE1,5315,33.4381,100.877,10.40895173,5
CE1,5316,39.9635,171.136,10.4062719,5
CE1,5317,-56.2746,-19.105,10.40482708,5
CE1,5318,-37.0619,-60.564,10.38622392,5
CE1,5319,-36.2921,73.5667,10.38519819,5
CE1,5320,-34.6562,135.763,10.38339595,5
CE1,5321,-42.5852,-133.144,10.38335556,5
CE1,5322,-35.5241,-84.369,10.38115889,5
CE1,5323,-48.4714,-43.167,10.37639715,5
CE1,5324,49.04,-4.594,10.36898549,5
CE1,5325,-32.1074,59.5022,10.36763627,5
CE1,5326,-52.4656,-127.275,10.361863,5
CE1,5327,36.3905,153.306,10.36155354,5
CE1,5328,-30.6542,-27.829,10.35952146,5
CE1,5329,-38.0211,-57.452,10.35903314,5
CE1,5330,59.5191,138.324,10.35662502,5
CE1,5331,-51.864,-25.543,10.34971115,5
CE1,5332,-40.3709,67.2146,10.34892327,5
CE1,5333,-54.4358,126.543,10.34681095,5
CE1,5334,-49.2566,118.128,10.34357272,5
CE1,5335,-49.0212,65.4085,10.34012888,5
CE1,5336,-38.7922,62.8957,10.33990296,5
CE1,5337,30.2307,145.851,10.33799622,5
CE1,5338,59.6443,-170.887,10.33605938,5
CE1,5339,-32.3495,63.8679,10.33594454,5
CE1,5340,-38.1409,127.597,10.33418622,5
CE1,5341,-35.0789,49.4087,10.33350414,5
CE1,5342,53.1219,-134.609,10.33280266,5
CE1,5343,-52.4738,-65.868,10.32851868,5
CE1,5344,-38.9862,-7.397,10.31802304,5
CE1,5345,39.9211,128.084,10.31308863,5
CE1,5346,42.3913,97.9094,10.31018394,5
CE1,5347,-54.2889,-86.456,10.30521262,5
CE1,5348,-27.2528,-2.267,10.30223416,5
CE1,5349,-35.3483,-136.43,10.30151416,5
CE1,5350,-44.4396,-49.499,10.3010448,5
CE1,5351,-27.9462,179.446,10.30065215,5
CE1,5352,-47.6036,-83.15,10.29764829,5
CE1,5353,47.7601,144.558,10.29593918,5
CE1,5354,-43.9326,115.818,10.29559034,5
CE1,5355,63.4748,108.516,10.29088993,5
CE1,5356,45.6545,17.3582,10.28789953,5
CE1,5357,60.5601,-27.802,10.2857968,5
CE1,5358,54.4311,148.802,10.28454501,5
CE1,5359,-50.1269,0.678238,10.28001551,5
CE1,5360,-34.7056,-144.803,10.2770159,5
CE1,5361,56.933,-75.989,10.26751267,5
CE1,5362,-59.551,128.592,10.26656863,5
CE1,5363,-49.6097,74.9903,10.26629326,5
CE1,5364,44.8171,-42.177,10.26532782,4
CE1,5365,-33.4833,1.73984,10.25960854,5
CE1,5366,-42.5113,21.8149,10.25771822,5
CE1,5367,-51.9076,-85.519,10.2571092,5
CE1,5368,-62.9308,149.92,10.25328243,5
CE1,5369,41.8753,-169.755,10.2530142,5
CE1,5370,-12.4168,61.4545,10.24852864,5
CE1,5371,-58.2006,130.782,10.24754075,5
CE1,5372,51.8268,-76.972,10.24268777,5
CE1,5373,-42.8854,-172.179,10.24264394,5
CE1,5374,35.2843,92.8568,10.24183142,5
CE1,5375,40.1006,-117.846,10.2370385,5
CE1,5376,-36.5929,4.57981,10.23637492,5
CE1,5377,-32.9551,-160.729,10.21690217,5
CE1,5378,-50.8388,7.46481,10.21277534,5
CE1,5379,-47.5803,23.5401,10.21012618,5
CE1,5380,56.7971,-174.789,10.20809538,5
CE1,5381,-63.6307,-8.344,10.20614989,5
CE1,5382,55.2852,-7.703,10.19404076,4
CE1,5383,32.0924,-86.816,10.19342923,5
CE1,5384,47.2039,161.692,10.18791096,5
CE1,5385,62.804,-106.882,10.18025395,5
CE1,5386,-49.4219,73.359,10.17883333,5
CE1,5387,37.7596,144.945,10.17813924,5
CE1,5388,-60.8477,-155.748,10.17750486,5
CE1,5389,55.6836,-51.555,10.17630451,5
CE1,5390,-49.2517,-30.31,10.17038385,5
CE1,5391,42.6403,57.1492,10.1682128,5
CE1,5392,50.0306,-110.666,10.16361404,5
CE1,5393,47.5222,-89.263,10.16329871,5
CE1,5394,-36.7957,61.3333,10.15834939,5
CE1,5395,18.1604,-1.561,10.15565779,4
CE1,5396,-38.7108,10.7525,10.15457475,5
CE1,5397,-29.9637,-162.727,10.15309717,5
CE1,5398,-50.1429,65.7862,10.14994906,5
CE1,5399,-47.8805,19.1021,10.14953643,2
CE1,5400,34.3342,-117.528,10.14670192,5
CE1,5401,-36.1353,-106.868,10.14391041,5
CE1,5402,-55.0556,126.489,10.14348982,5
CE1,5403,-58.7935,-57.753,10.13764306,5
CE1,5404,-38.8219,-139.538,10.13680069,5
CE1,5405,45.5496,-114.103,10.13530003,5
CE1,5406,-58.0002,-24.268,10.13344354,5
CE1,5407,47.6687,84.3119,10.13334559,5
CE1,5408,-50.471,-50.738,10.12289148,5
CE1,5409,32.7405,41.402,10.12266561,5
CE1,5410,-40.3103,41.5313,10.11770591,5
CE1,5411,54.6111,-4.84,10.11547957,5
CE1,5412,60.3434,-170.834,10.11444074,2
CE1,5413,-44.453,1.0104,10.11042031,5
CE1,5414,35.5572,34.2547,10.10292713,4
CE1,5415,-40.4788,-101.244,10.10174447,5
CE1,5416,-41.3585,-21.965,10.09900474,5
CE1,5417,43.7358,-26.936,10.09858457,4
CE1,5418,56.1674,-169.522,10.09406463,5
CE1,5419,-37.369,-14.768,10.08726931,5
CE1,5420,-38.8031,66.852,10.08425167,5
CE1,5421,-47.3192,-167.138,10.08409129,2
CE1,5422,-51.6297,-54.305,10.07933224,5
CE1,5423,42.0424,-46.901,10.07773075,4
CE1,5424,50.1985,-129.007,10.07612685,5
CE1,5425,-42.1672,154.616,10.07499398,5
CE1,5426,-64.4666,-115.604,10.07070826,5
CE1,5427,-52.5739,163.302,10.07056773,5
CE1,5428,-58.9741,134.388,10.06871175,2
CE1,5429,-53.8593,-136.82,10.06641818,5
CE1,5430,-34.2527,-51.372,10.06620712,5
CE1,5431,-38.4443,-140.217,10.05784881,5
CE1,5432,52.3419,166.855,10.05651295,5
CE1,5433,-51.7322,16.2894,10.05274104,5
CE1,5434,-52.2784,10.0266,10.05001713,5
CE1,5435,-53.81,-173.854,10.04923073,5
CE1,5436,51.9381,58.4827,10.04861958,5
CE1,5437,32.9159,-122.636,10.04667384,5
CE1,5438,50.928,-92.169,10.04656461,5
CE1,5439,44.7849,39.7282,10.04293627,4
CE1,5440,46.0602,40.4081,10.04129507,4
CE1,5441,44.2575,36.9593,10.04091414,5
CE1,5442,42.8698,72.5835,10.0404821,5
CE1,5443,-37.3766,-31.237,10.03466952,5
CE1,5444,-54.6123,-108.954,10.03099668,5
CE1,5445,-52.7325,-86.746,10.02867113,5
CE1,5446,64.6513,168.191,10.02790188,5
CE1,5447,-39.5777,21.5381,10.02718098,5
CE1,5448,-45.7052,-71,10.02650457,5
CE1,5449,55.0979,-29.412,10.02646071,2
CE1,5450,-45.4976,126.122,10.01665759,5
CE1,5451,-53.303,144.004,10.01557505,5
CE1,5452,34.1833,-94.452,10.012063,5
CE1,5453,-52.9245,41.379,10.0093982,5
CE1,5454,44.7679,153.971,10.00601449,5
CE1,5455,-44.3355,-19.811,10.00104161,5
CE1,5456,-45.1088,-108.59,9.999143633,5
CE1,5457,-48.6557,-24.929,9.998505661,5
CE1,5458,-43.8389,23.5866,9.988328784,5
CE1,5459,61.7831,-146.445,9.984826501,2
CE1,5460,49.2857,-87.709,9.981504184,5
CE1,5461,14.4614,27.8322,9.974683217,4
CE1,5462,-49.5999,-53.944,9.971793839,5
CE1,5463,-45.5309,-42.549,9.969975426,5
CE1,5464,-56.0242,119.09,9.967989976,5
CE1,5465,48.7086,-112.449,9.965615251,5
CE1,5466,44.9366,-93.068,9.964908432,5
CE1,5467,-51.8248,167.672,9.962906626,5
CE1,5468,-45.4326,-13.065,9.941983827,5
CE1,5469,-55.56,117.995,9.941336218,5
CE1,5470,-47.3944,-26.634,9.93762082,5
CE1,5471,64.1279,-48.502,9.935016847,5
CE1,5472,56.2342,-43.774,9.929504019,5
CE1,5473,41.7719,-75.658,9.928158155,5
CE1,5474,-50.0396,-27.163,9.924979486,5
CE1,5475,52.7643,-50.983,9.914991018,5
CE1,5476,1.02376,-81.513,9.91408277,5
CE1,5477,-43.4191,125.604,9.911311377,5
CE1,5478,-49.559,-166.476,9.906361552,5
CE1,5479,47.7168,101.639,9.905332314,5
CE1,5480,36.7238,48.8665,9.901572426,5
CE1,5481,-3.08142,-123.752,9.898286763,5
CE1,5482,-49.4623,-70.202,9.892506872,5
CE1,5483,61.7135,-165.568,9.892121635,5
CE1,5484,61.5472,-98.334,9.885337377,5
CE1,5485,-64.5813,101.391,9.878876182,5
CE1,5486,-38.5604,61.9201,9.872431875,5
CE1,5487,-37.0874,119.932,9.869561274,5
CE1,5488,-49.3494,-171.207,9.867803343,5
CE1,5489,63.9566,-104.578,9.850041443,5
CE1,5490,37.1642,-40.571,9.844719562,4
CE1,5491,-38.1674,170.894,9.829475327,5
CE1,5492,55.5242,37.0259,9.828108002,5
CE1,5493,-32.5969,106.643,9.821319314,5
CE1,5494,-51.9309,-54.763,9.811044787,5
CE1,5495,-30.0236,162.838,9.807210336,5
CE1,5496,-53.2101,-51.778,9.802855894,5
CE1,5497,-57.8688,-35.729,9.802067199,5
CE1,5498,51.3249,-79.572,9.796085459,5
CE1,5499,-37.2876,89.201,9.79126119,4
CE1,5500,-56.3297,141.307,9.787027252,5
CE1,5501,-36.5439,20.8157,9.784069802,5
CE1,5502,-43.9684,-99.525,9.779306745,5
CE1,5503,-42.8424,145.936,9.774453255,5
CE1,5504,52.5236,-80.482,9.766671129,5
CE1,5505,-45.939,-155.872,9.764062306,4
CE1,5506,-27.5982,1.21897,9.760848349,5
CE1,5507,-29.4312,-1.922,9.758981455,5
CE1,5508,-51.0901,-175.319,9.755885758,5
CE1,5509,-53.443,-72.707,9.75446278,5
CE1,5510,50.5824,8.92203,9.752259506,5
CE1,5511,44.0561,-46.528,9.752072748,4
CE1,5512,52.867,94.5175,9.740248237,5
CE1,5513,-55.6719,-69.176,9.735387688,5
CE1,5514,-51.1952,-49.52,9.734032488,5
CE1,5515,1.41518,75.0026,9.719203332,4
CE1,5516,-62.1688,-68.105,9.719013595,5
CE1,5517,-53.2552,-15.418,9.715747245,5
CE1,5518,53.7992,-53.343,9.71391338,5
CE1,5519,-48.5885,61.2269,9.706791868,5
CE1,5520,-31.1375,-104.987,9.700119755,5
CE1,5521,-43.2103,-18.444,9.696996955,5
CE1,5522,-54.3373,-54.667,9.693950733,5
CE1,5523,63.5137,-11.239,9.693148839,5
CE1,5524,-51.3924,-7.75,9.688418803,5
CE1,5525,-55.4451,-22.076,9.684229334,5
CE1,5526,53.1032,-15.508,9.676991562,5
CE1,5527,-46.4546,-22.712,9.672819131,5
CE1,5528,-56.5278,-26.278,9.648220543,5
CE1,5529,54.9125,-28.198,9.639386014,5
CE1,5530,-52.2618,-45.876,9.625539856,4
CE1,5531,-56.5529,138.928,9.622936947,5
CE1,5532,41.6539,162.043,9.616028151,5
CE1,5533,-59.5797,-24.854,9.613892999,5
CE1,5534,61.4916,-132.437,9.610744786,5
CE1,5535,-51.4185,-104.743,9.610167766,5
CE1,5536,-57.2923,146.924,9.602677939,5
CE1,5537,-56.4721,-53.276,9.593142187,5
CE1,5538,-47.6561,-141.552,9.589014343,5
CE1,5539,52.3139,-15.474,9.585649409,5
CE1,5540,-48.3526,-4.772,9.584690385,5
CE1,5541,-49.2849,7.14793,9.575708,5
CE1,5542,-51.7551,-19.42,9.575114328,5
CE1,5543,49.745,149.016,9.562658618,5
CE1,5544,50.9144,57.9263,9.560408095,5
CE1,5545,-49.6057,-17.059,9.559026659,5
CE1,5546,-48.0589,-59.098,9.553747721,5
CE1,5547,-51.911,-51.543,9.54796552,5
CE1,5548,-53.6642,-75.14,9.546964233,5
CE1,5549,-39.8609,-40.682,9.5468019,5
CE1,5550,-52.4589,-26.318,9.543284969,5
CE1,5551,-52.2736,-47.834,9.5431634,5
CE1,5552,54.5781,-11.281,9.531201838,4
CE1,5553,-49.0771,57.6341,9.531085755,5
CE1,5554,-63.1909,64.4558,9.529928042,5
CE1,5555,-59.3365,-63.561,9.51466803,2
CE1,5556,-51.0939,3.96068,9.510148357,5
CE1,5557,-44.7783,85.8258,9.503756052,5
CE1,5558,-7.86394,13.2996,9.502801609,5
CE1,5559,-45.8858,6.6156,9.501645397,5
CE1,5560,57.0734,114.895,9.497894856,5
CE1,5561,-45.1259,-58.174,9.494090676,5
CE1,5562,-51.7457,-35.504,9.491924194,5
CE1,5563,-46.3941,94.839,9.490753697,4
CE1,5564,-54.288,151.225,9.486983312,5
CE1,5565,-59.116,-19.151,9.484775609,5
CE1,5566,-15.8396,108.674,9.479100996,5
CE1,5567,51.5546,166.407,9.479088687,5
CE1,5568,-52.3574,-87.643,9.473201589,5
CE1,5569,-51.1078,143.741,9.471015329,5
CE1,5570,-52.4533,-54.073,9.470321428,5
CE1,5571,-45.2915,-15.915,9.467457697,5
CE1,5572,47.9876,-144.566,9.464245325,5
CE1,5573,-55.2843,-25.445,9.45525756,5
CE1,5574,-13.5791,-4.35,9.451452846,4
CE1,5575,53.7768,-18.462,9.448432943,5
CE1,5576,-48.6633,-162.772,9.447626259,4
CE1,5577,-46.703,-121.546,9.444916529,5
CE1,5578,-49.4923,58.7092,9.444370532,5
CE1,5579,58.0811,-54.005,9.443841286,5
CE1,5580,-52.1859,131.12,9.441881978,5
CE1,5581,-58.9281,75.0144,9.441083147,5
CE1,5582,-58.1927,146.582,9.437757304,5
CE1,5583,-41.3019,-41.553,9.436914857,5
CE1,5584,-39.2676,153.147,9.434211715,5
CE1,5585,-48.0239,105.144,9.426336458,5
CE1,5586,-53.6744,-87.298,9.426059177,5
CE1,5587,52.3166,59.2496,9.422960907,5
CE1,5588,-60.1008,-21.794,9.422791811,5
CE1,5589,-8.94706,-100.787,9.413849759,5
CE1,5590,-52.1756,-157.655,9.400739464,5
CE1,5591,53.8991,157.992,9.398364929,5
CE1,5592,52.6597,-15.004,9.395154012,5
CE1,5593,55.1834,-25.648,9.3901168,5
CE1,5594,51.1786,52.2076,9.386313001,5
CE1,5595,49.7597,-16.192,9.386308125,4
CE1,5596,54.5801,-129.414,9.374618006,5
CE1,5597,54.7743,-18.166,9.368485136,5
CE1,5598,-54.4595,-83.481,9.364326065,5
CE1,5599,53.4953,27.2658,9.362938148,5
CE1,5600,-41.195,73.7407,9.353289803,5
CE1,5601,-53.1288,-155.628,9.348954806,5
CE1,5602,-58.8892,-72.719,9.348767477,5
CE1,5603,-51.4906,-112.053,9.345078506,5
CE1,5604,-61.4253,173.067,9.34422956,5
CE1,5605,56.0061,52.0474,9.339259388,5
CE1,5606,55.5503,17.5434,9.337341324,5
CE1,5607,53.0943,117.572,9.336113279,5
CE1,5608,-53.9042,-166.712,9.334508598,5
CE1,5609,63.0796,-32.199,9.329952221,5
CE1,5610,-47.153,126.261,9.329403097,5
CE1,5611,-50.642,100.885,9.320026896,5
CE1,5612,53.3595,-33.081,9.316382086,5
CE1,5613,-52.8238,101.807,9.300618422,5
CE1,5614,-55.2366,157.064,9.298786464,5
CE1,5615,62.5124,-99.439,9.294553987,5
CE1,5616,-53.0798,-80.448,9.291547271,5
CE1,5617,-49.2955,135.034,9.283678614,5
CE1,5618,53.8786,-114.665,9.280881903,5
CE1,5619,59.6555,23.248,9.278223886,5
CE1,5620,-53.6865,-57.784,9.272177735,5
CE1,5621,51.7349,-21.059,9.269645121,5
CE1,5622,-55.9884,153.704,9.267078259,5
CE1,5623,-55.9722,-117.39,9.258228602,5
CE1,5624,49.9491,-107.178,9.257240512,5
CE1,5625,-58.958,109.101,9.251966937,5
CE1,5626,57.289,159.826,9.245867779,5
CE1,5627,-58.0223,-16.219,9.239466897,5
CE1,5628,-48.4072,-110.467,9.23736165,5
CE1,5629,-53.1253,14.9627,9.236030796,5
CE1,5630,-57.5077,-41.192,9.234328773,5
CE1,5631,-58.5878,-95.336,9.215555131,5
CE1,5632,-45.144,97.9984,9.215250028,5
CE1,5633,-53.6338,-75.955,9.207689165,5
CE1,5634,53.0177,-172.123,9.207338794,5
CE1,5635,-53.799,-132.279,9.202874698,5
CE1,5636,-52.4029,-91.027,9.201184234,5
CE1,5637,-61.7081,16.7501,9.179347511,5
CE1,5638,-42.9566,66.1553,9.174161895,5
CE1,5639,55.5012,-85.431,9.166518706,5
CE1,5640,49.4176,-121.402,9.153735317,5
CE1,5641,63.5934,3.22173,9.150933667,5
CE1,5642,63.3612,-21.676,9.147612063,5
CE1,5643,-51.3174,-170.336,9.146705932,5
CE1,5644,57.6556,-88.612,9.14347637,5
CE1,5645,55.1872,163.893,9.137888782,5
CE1,5646,-57.7211,127.253,9.137562158,5
CE1,5647,-60.7136,-80.23,9.136075043,4
CE1,5648,-57.3027,80.8401,9.133490901,5
CE1,5649,-50.1244,136.58,9.131344002,5
CE1,5650,-56.2345,10.8571,9.129528131,5
CE1,5651,-48.5414,-33.452,9.124506038,5
CE1,5652,-44.6297,-102.636,9.119090388,5
CE1,5653,-54.1347,142.572,9.112466751,5
CE1,5654,50.7732,-75.41,9.106288074,5
CE1,5655,-59.8885,27.4534,9.105377879,5
CE1,5656,-60.2318,-108.002,9.103511173,5
CE1,5657,-56.7939,-55.47,9.101985643,5
CE1,5658,50.3928,-71.367,9.097332332,5
CE1,5659,-46.4126,111.659,9.097248499,5
CE1,5660,46.9139,-153.879,9.095221375,5
CE1,5661,55.0275,-21.335,9.093650734,5
CE1,5662,-56.8343,-80.145,9.089450824,5
CE1,5663,-59.3499,-4.309,9.087896042,5
CE1,5664,58.1826,-70.155,9.078361697,5
CE1,5665,1.00693,3.80612,9.076917516,4
CE1,5666,-42.7733,133.009,9.075908778,5
CE1,5667,55.727,0.531422,9.074636567,3
CE1,5668,-53.5114,173.105,9.071954657,5
CE1,5669,-55.5961,-48.482,9.071086447,5
CE1,5670,-44.6558,23.4207,9.069634937,5
CE1,5671,-48.4787,-2.777,9.051961222,5
CE1,5672,62.9338,31.2332,9.051393228,5
CE1,5673,-46.4831,0.052718,9.046872709,5
CE1,5674,-49.9038,-109.755,9.046093802,5
CE1,5675,-60.2295,170.193,9.045703965,5
CE1,5676,52.879,85.0247,9.038762095,5
CE1,5677,-55.3758,-148.808,9.036732762,5
CE1,5678,61.011,-40.211,9.02787753,5
CE1,5679,55.8241,-61.191,9.01893186,5
CE1,5680,-11.7044,-2.93,9.01673965,5
CE1,5681,56.582,-58.991,9.016124793,5
CE1,5682,49.518,172.623,9.016093612,5
CE1,5683,62.0881,19.6192,9.013987036,5
CE1,5684,54.2323,-26.703,9.010583558,5
CE1,5685,-55.1938,-33.658,9.010396312,5
CE1,5686,59.1189,151.13,9.006787665,5
CE1,5687,-62.3172,78.0827,9.003835793,5
CE1,5688,-52.0312,-23.318,9.002665192,5
CE1,5689,-54.732,123.054,9.001487287,5
CE1,5690,57.2356,-68.805,8.999225408,5
CE1,5691,-52.0048,49.8645,8.99390574,5
CE1,5692,-63.3122,150.421,8.991949759,5
CE1,5693,-57.2819,8.86442,8.982684472,5
CE1,5694,-47.9207,-43.511,8.982364553,5
CE1,5695,-54.6635,-24.909,8.98230502,5
CE1,5696,-56.4198,-46.484,8.975732604,5
CE1,5697,-56.7972,-125.608,8.974731434,5
CE1,5698,57.3348,-147.326,8.974511988,5
CE1,5699,43.6864,-144.62,8.969645294,5
CE1,5700,57.3898,-31.092,8.966192519,5
CE1,5701,-53.699,-80.226,8.963589749,5
CE1,5702,-56.0077,132.892,8.96319144,5
CE1,5703,59.8288,-44.1,8.956890387,5
CE1,5704,57.7007,58.8377,8.956789664,5
CE1,5705,-48.3637,133.004,8.945443972,5
CE1,5706,-60.2389,-17.805,8.942371529,5
CE1,5707,-53.6344,-41.977,8.939473413,5
CE1,5708,-50.5482,170.665,8.932961304,5
CE1,5709,-55.7083,-43.004,8.927194652,5
CE1,5710,29.3012,37.5239,8.923758984,5
CE1,5711,-62.9615,-162.832,8.922851836,5
CE1,5712,-58.6325,-48.607,8.919772623,5
CE1,5713,62.6342,72.9623,8.914205906,5
CE1,5714,45.8691,-49.06,8.910997327,5
CE1,5715,53.3161,93.2077,8.90517793,5
CE1,5716,-53.9306,49.9109,8.900357858,5
CE1,5717,59.9909,18.9619,8.896111623,5
CE1,5718,-58.6484,-43.999,8.888473798,5
CE1,5719,-23.9845,108.007,8.885562803,3
CE1,5720,-1.23091,73.7262,8.883530038,5
CE1,5721,-61.7044,-34.972,8.882852307,5
CE1,5722,-55.802,-25.345,8.869679947,5
CE1,5723,-57.9343,-94.57,8.864874721,5
CE1,5724,-62.3511,-56.491,8.859586516,5
CE1,5725,53.7025,-98.894,8.855225812,5
CE1,5726,51.851,-128.256,8.852225848,5
CE1,5727,-57.0823,-77.032,8.852168558,5
CE1,5728,-51.3789,-15.982,8.844723386,5
CE1,5729,-51.2042,-62.362,8.844039452,5
CE1,5730,-51.4422,-136.705,8.840252828,5
CE1,5731,58.4598,-61.604,8.82812981,4
CE1,5732,51.712,-17.409,8.824568322,5
CE1,5733,44.7174,-96.833,8.824019357,5
CE1,5734,-48.0685,133.485,8.823892843,5
CE1,5735,53.9317,76.5056,8.817485759,5
CE1,5736,54.6986,-77.244,8.797553864,5
CE1,5737,-55.8127,9.46514,8.79636485,5
CE1,5738,-54.1616,-157.907,8.786436368,4
CE1,5739,-54.4806,108.889,8.783953134,5
CE1,5740,-60.1047,63.6546,8.783551752,5
CE1,5741,-63.0296,-6.417,8.782795887,5
CE1,5742,53.5636,79.3327,8.776887254,5
CE1,5743,-56.3558,-116.272,8.772460538,5
CE1,5744,-56.5734,5.07482,8.762805033,5
CE1,5745,-57.4924,-100.968,8.760040499,5
CE1,5746,-61.2404,-179.591,8.758237941,5
CE1,5747,-49.9255,-5.926,8.754517741,5
CE1,5748,-53.7361,48.4463,8.75335729,5
CE1,5749,55.2524,17.5599,8.749842649,5
CE1,5750,58.1232,142.144,8.747124087,5
CE1,5751,-47.7795,-4.888,8.745884651,5
CE1,5752,-61.9186,-67.564,8.734983481,5
CE1,5753,60.1385,-33.029,8.727330074,5
CE1,5754,45.9061,87.1483,8.725017034,5
CE1,5755,58.0017,-44.136,8.716921875,5
CE1,5756,-55.5033,3.52862,8.713790041,5
CE1,5757,50.8891,-109.779,8.712958092,5
CE1,5758,-55.7025,-97.964,8.710332369,5
CE1,5759,-57.9204,157.806,8.692502147,5
CE1,5760,-55.1029,-113.808,8.689445655,5
CE1,5761,-56.1196,175.622,8.686128071,5
CE1,5762,-54.9946,78.4362,8.67770903,5
CE1,5763,-54.7417,166.644,8.671030328,5
CE1,5764,57.9063,-136.156,8.666661222,5
CE1,5765,-49.4865,-3.786,8.652484382,5
CE1,5766,-55.8676,-83.581,8.649148138,5
CE1,5767,-59.455,-27.524,8.645889193,5
CE1,5768,59.8925,-88.583,8.634701919,5
CE1,5769,-55.2714,150.584,8.633524189,5
CE1,5770,-53.3272,-65.005,8.629941989,5
CE1,5771,-32.5845,-8.679,8.629632122,5
CE1,5772,-60.0364,144.878,8.627137264,5
CE1,5773,-54.385,122.184,8.627038137,5
CE1,5774,-53.7181,4.90963,8.61614472,5
CE1,5775,-59.7078,-101.105,8.609529118,5
CE1,5776,53.6432,-26.859,8.601769543,5
CE1,5777,-53.2607,-76.014,8.597441465,5
CE1,5778,-49.6229,70.2556,8.593757082,5
CE1,5779,-17.7861,114.381,8.585951957,5
CE1,5780,63.1339,40.8246,8.583611486,5
CE1,5781,61.7454,-37.22,8.576403873,5
CE1,5782,-58.8782,-162.666,8.575631111,5
CE1,5783,57.1303,-54.091,8.575600953,5
CE1,5784,-60.6827,-91.743,8.573597206,4
CE1,5785,-51.3485,23.2326,8.571697586,5
CE1,5786,-40.0923,-13.691,8.569966588,5
CE1,5787,-48.0596,-52.378,8.562691316,5
CE1,5788,-61.2846,78.4503,8.558122094,5
CE1,5789,59.4582,154.632,8.555544169,5
CE1,5790,61.3775,-89.575,8.555402349,5
CE1,5791,-49.8372,-135.244,8.547300918,5
CE1,5792,32.1887,9.54971,8.546616103,4
CE1,5793,63.0836,-30.062,8.541284324,5
CE1,5794,-62.5858,-77.627,8.539685104,5
CE1,5795,-56.1745,-54.464,8.534293046,5
CE1,5796,58.8804,-73.269,8.532943154,5
CE1,5797,-5.2291,-159.771,8.528505402,5
CE1,5798,52.5272,163.218,8.526470434,5
CE1,5799,-52.4542,134.961,8.526089168,5
CE1,5800,-59.9236,59.544,8.514608179,5
CE1,5801,11.7626,-15.17,8.509441964,4
CE1,5802,-46.8489,73.9673,8.502387828,4
CE1,5803,-57.3867,-39.606,8.501014752,5
CE1,5804,-51.955,-9.182,8.496168059,5
CE1,5805,-8.35489,6.52526,8.473721693,5
CE1,5806,60.2963,-50.271,8.468919414,5
CE1,5807,-57.3918,-63.531,8.46698385,5
CE1,5808,-53.2878,67.0483,8.464024254,5
CE1,5809,-58.7283,-47.163,8.452964469,5
CE1,5810,-51.7485,53.4736,8.444427399,5
CE1,5811,-57.3488,135.728,8.443068198,5
CE1,5812,46.0123,78.9882,8.442720608,5
CE1,5813,-23.6417,94.4561,8.435630551,5
CE1,5814,-53.6955,-172.852,8.43018932,5
CE1,5815,-56.8083,153.391,8.427693108,5
CE1,5816,-56.4861,29.2745,8.425085974,5
CE1,5817,-36.7089,113.643,8.419580089,5
CE1,5818,55.4864,-166.936,8.416328934,5
CE1,5819,55.1496,67.1051,8.410377925,5
CE1,5820,-56.4029,124.505,8.408003126,5
CE1,5821,-36.4038,110.284,8.400227738,5
CE1,5822,38.1524,53.1243,8.39703363,5
CE1,5823,59.2974,-29.763,8.392970075,5
CE1,5824,-55.3387,-74.938,8.392587012,5
CE1,5825,-49.126,-33.598,8.389505449,5
CE1,5826,-52.5318,-124.465,8.387926127,5
CE1,5827,61.5655,-164.975,8.386635604,5
CE1,5828,-56.0822,150.663,8.38017502,5
CE1,5829,-63.3398,-73.838,8.375523536,5
CE1,5830,-61.2675,117.387,8.374544592,5
CE1,5831,-62.4392,-95.668,8.370714235,5
CE1,5832,51.6661,51.0588,8.366927914,5
CE1,5833,-46.8586,-134.958,8.364054913,5
CE1,5834,52.7728,78.8361,8.362141711,5
CE1,5835,63.6581,116.479,8.359946336,5
CE1,5836,60.0161,-164.1,8.353472879,5
CE1,5837,51.4008,143.347,8.352257138,5
CE1,5838,-17.4618,113.251,8.352173924,5
CE1,5839,-59.7139,144.573,8.346974697,5
CE1,5840,-52.8739,166.038,8.3271864,5
CE1,5841,-58.5362,-99.266,8.325361607,5
CE1,5842,-41.2899,128.183,8.323245522,5
CE1,5843,-56.618,-86.479,8.322726696,5
CE1,5844,57.3021,48.583,8.322562158,5
CE1,5845,-56.9524,-82.738,8.322449403,5
CE1,5846,-52.4765,120.071,8.320116897,5
CE1,5847,-60.9464,-46.106,8.319074981,5
CE1,5848,-55.4944,-108.843,8.318638242,5
CE1,5849,-13.836,-83.308,8.315165854,5
CE1,5850,-57.9219,-73.726,8.310781601,5
CE1,5851,-53.3966,-63.777,8.308228203,5
CE1,5852,-56.3813,-95.21,8.307036863,5
CE1,5853,-30.7434,122.009,8.303438699,5
CE1,5854,-62.5866,-11.557,8.301794239,5
CE1,5855,56.4812,127.009,8.300697433,5
CE1,5856,-52.318,104.863,8.300004689,5
CE1,5857,1.80102,82.265,8.299608896,4
CE1,5858,-39.5139,119.176,8.299184237,5
CE1,5859,-34.4149,61.3626,8.292757196,5
CE1,5860,58.4662,-143.599,8.290712992,5
CE1,5861,-63.3736,81.7791,8.274238371,5
CE1,5862,-59.7286,-177.168,8.27183131,5
CE1,5863,55.278,-49.137,8.271460006,5
CE1,5864,-55.7229,-81.894,8.268483616,5
CE1,5865,-58.4396,148.499,8.261370201,5
CE1,5866,-54.9455,-7.672,8.260607456,5
CE1,5867,-55.9434,7.40321,8.257782714,5
CE1,5868,-33.0776,102.953,8.256017917,5
CE1,5869,64.4549,-10.625,8.238309317,5
CE1,5870,-54.535,-15.207,8.227273193,5
CE1,5871,-58.6939,28.2754,8.224550969,5
CE1,5872,-30.4475,-67.618,8.220037482,5
CE1,5873,55.1961,-148.042,8.219056235,5
CE1,5874,-51.7825,123.053,8.207345278,5
CE1,5875,-54.6661,-100.115,8.200461698,5
CE1,5876,-54.8136,109.227,8.195333028,5
CE1,5877,-47.9949,134.525,8.190077584,5
CE1,5878,-56.0919,40.5962,8.18782021,5
CE1,5879,-59.0099,33.2363,8.186664389,5
CE1,5880,-53.7482,-109.244,8.186353481,5
CE1,5881,55.3779,-135.968,8.176334953,5
CE1,5882,-58.8209,149.709,8.173190206,5
CE1,5883,-49.641,-11.584,8.173086667,5
CE1,5884,-61.2833,67.6948,8.167230158,5
CE1,5885,-58.2756,152.19,8.163542472,5
CE1,5886,-64.1023,-65.929,8.157875899,5
CE1,5887,-22.6377,54.5878,8.143174673,5
CE1,5888,-63.6928,-47.937,8.142501704,5
CE1,5889,-27.8492,120.954,8.14223855,5
CE1,5890,-60.4779,-146.397,8.141828514,5
CE1,5891,-27.1083,98.4855,8.138917164,5
CE1,5892,64.3025,-136.236,8.138145083,5
CE1,5893,53.7014,-19.01,8.136536456,5
CE1,5894,-52.8863,112.235,8.121685309,5
CE1,5895,-52.4225,85.6198,8.121083533,5
CE1,5896,-31.5848,68.3191,8.120660806,5
CE1,5897,-32.2839,103.324,8.114742298,5
CE1,5898,-57.8926,21.5137,8.106652831,5
CE1,5899,50.7177,20.6078,8.104027984,4
CE1,5900,-58.286,-177.839,8.087547177,5
CE1,5901,55.3467,174.545,8.078927947,5
CE1,5902,-59.2699,169.286,8.076549007,5
CE1,5903,64.0841,-20.147,8.075104826,5
CE1,5904,-58.1945,-88.376,8.070717998,5
CE1,5905,-55.5359,-87.612,8.058816069,5
CE1,5906,-31.0452,108.627,8.056444506,5
CE1,5907,6.90497,-23.319,8.053601647,5
CE1,5908,55.4728,-61.023,8.049791897,5
CE1,5909,-63.4816,110.997,8.043847837,5
CE1,5910,58.584,39.9011,8.036267749,5
CE1,5911,-26.1327,116.569,8.035726909,3
CE1,5912,-61.7421,-8.652,8.027270904,5
CE1,5913,-58.8309,135.474,8.02680554,5
CE1,5914,-59.8484,22.9833,8.02089777,5
CE1,5915,-34.4583,89.2366,8.020443908,5
CE1,5916,-50.1074,-79.547,8.015912285,5
CE1,5917,57.3096,-72.892,8.014704743,5
CE1,5918,-46.313,4.46282,8.013885898,5
CE1,5919,-16.7352,95.343,8.013029851,5
CE1,5920,-58.3182,-79.745,8.012565058,5
CE1,5921,-59.3163,-100.991,8.012408005,5
CE1,5922,-54.4781,103.977,8.00663084,5
CE1,5923,-52.2601,24.1501,8.005169864,5
CE1,5924,-11.9331,107.711,8.003021143,5
CE1,5925,-56.2695,-83.43,8.002410216,5
CE1,5926,-57.8958,-25.691,8.000779817,5
CE1,6594,-47.5967,45.7682,19.76152037,2
CE1,6595,19.4694,142.65,19.7248432,2
CE1,6596,12.4561,157.038,19.43489789,5
CE1,6597,-20.3671,-141.585,19.25761275,2
CE1,6598,-9.85544,-127.04,19.0944909,2
CE1,6599,19.3138,-88.477,18.94307329,2
CE1,6600,-44.8587,-0.666,18.661874,2
CE1,6601,2.95558,106.648,18.12498704,5
CE1,6602,3.95368,174.971,18.0464125,5
CE1,6603,8.83374,46.3192,17.9335078,2
CE1,6604,-47.3654,-115.955,17.84159895,2
CE1,6605,-3.62088,90.4074,17.66221567,5
CE1,6606,4.51308,-69.68,17.58647528,4
CE1,6607,-14.22,-144.093,17.3981275,5
CE1,6608,15.7414,14.7739,17.34606249,2
CE1,6609,4.10262,-160.296,17.33951525,5
CE1,6610,13.8927,-98.053,17.30383306,2
CE1,6611,-23.1735,-16.477,17.04025091,2
CE1,6612,12.3754,139.918,16.91635042,5
CE1,6613,-49.6533,72.6759,16.184054,5
CE1,6614,-30.7124,101.071,16.17180292,2
CE1,6615,-5.3726,-138.291,16.02744976,5
CE1,6616,15.3356,-109.194,15.8278371,5
CE1,6617,-45.8167,-124.094,15.26034089,2
CE1,6618,22.6115,150.759,14.91942421,5
CE1,6619,-25.8635,8.4948,14.88918057,5
CE1,6620,-30.9008,-10.911,14.75243759,5
CE1,6621,-12.4524,-149.514,14.73848838,5
CE1,6622,34.3003,-164.905,14.72344362,5
CE1,6623,-58.0529,35.2745,14.68138144,2
CE1,6624,-15.221,-168.359,14.66582192,5
CE1,6625,-24.4344,-138.471,14.55039896,5
CE1,6626,5.52411,156.039,14.54575909,5
CE1,6627,-46.576,-80.397,14.45206953,5
CE1,6628,-29.3922,-68.799,14.35557041,5
CE1,6629,-4.92243,-145.575,14.30637185,5
CE1,6630,-8.00349,176.898,14.28560824,5
CE1,6631,-22.8774,-1.566,14.12218086,5
CE1,6632,-13.2324,91.0268,14.10119568,5
CE1,6633,-6.35379,-64.877,14.08013746,5
CE1,6634,25.0177,-87.482,14.04287745,5
CE1,6635,0.409769,34.0816,14.03536141,5
CE1,6636,17.8652,-123.478,14.0180312,5
CE1,6637,-22.9558,31.9093,13.9918551,2
CE1,6638,11.4464,-80.292,13.81785578,5
CE1,6639,20.3322,169.956,13.74752317,5
CE1,6640,17.318,128.469,13.64115488,5
CE1,6641,46.0132,-179.094,13.61422124,5
CE1,6642,-13.3138,137.776,13.53723381,5
CE1,6643,5.1758,114.375,13.46404806,5
CE1,6644,-28.8838,49.6094,13.36366454,5
CE1,6645,28.035,-159.267,13.23027115,5
CE1,6646,-25.0957,-127.492,13.18300808,5
CE1,6647,-17.9652,150.649,13.17083174,5
CE1,6648,-0.479187,-105.482,13.13401374,5
CE1,6649,17.7806,155.193,13.03527245,5
CE1,6650,-12.4317,-170.268,13.0190098,5
CE1,6651,-27.3673,-134.182,12.86962295,5
CE1,6652,32.1563,-113.118,12.74506134,5
CE1,6653,-4.65125,-112.144,12.64336251,5
CE1,6654,61.9097,-168.567,12.59134259,2
CE1,6655,-20.8919,-120.414,12.5129896,5
CE1,6656,7.74142,158.56,12.49089005,5
CE1,6657,22.0322,126.912,12.34246359,5
CE1,6658,-14.1823,-74.374,12.29933712,5
CE1,6659,-38.3803,27.6352,12.22182682,5
CE1,6660,-40.2468,-108.468,12.1886072,2
CE1,6661,0.642153,97.417,12.1682649,5
CE1,6662,-28.2557,40.0938,12.0792455,5
CE1,6663,-35.8303,124.761,12.06441281,5
CE1,6664,0.586044,131.134,12.03545395,5
CE1,6665,-10.0057,106.385,11.98295241,3
CE1,6666,-46.8471,97.3932,11.97560402,5
CE1,6667,-24.3409,50.3513,11.96887656,5
CE1,6668,4.21715,73.5787,11.94241346,5
CE1,6669,-31.2022,117.812,11.94158498,5
CE1,6670,17.218,138.286,11.92868234,5
CE1,6671,31.586,36.871,11.89614134,5
CE1,6672,-26.2125,175.844,11.84776355,5
CE1,6673,-38.2946,53.8107,11.82486494,5
CE1,6674,-34.3578,59.5683,11.75135624,5
CE1,6675,28.0441,105.466,11.69834633,5
CE1,6676,-14.4482,70.3275,11.65837921,5
CE1,6677,-24.6029,-0.034,11.59648601,5
CE1,6678,-60.7718,35.922,11.55885103,5
CE1,6679,28.329,-85.763,11.55534814,5
CE1,6680,-30.9352,-154.484,11.4949425,4
CE1,6681,-25.7673,12.6607,11.48672657,5
CE1,6682,31.8863,131.614,11.3667976,5
CE1,6683,-19.4947,164.789,11.29493182,5
CE1,6684,-28.2856,133.515,11.28430099,5
CE1,6685,-34.6634,-121.739,11.28121058,5
CE1,6686,38.6511,130.605,11.25818234,5
CE1,6687,-29.1581,-25.204,11.24225977,2
CE1,6688,22.4796,-73.71,11.23744239,5
CE1,6689,28.2656,47.996,11.2207541,5
CE1,6690,-62.7763,147.856,11.21915734,5
CE1,6691,-31.567,118.102,11.19430792,5
CE1,6692,-46.0794,153.094,11.1295018,5
CE1,6693,-23.9566,145.098,11.12491089,5
CE1,6694,-36.6154,11.3061,11.11262311,5
CE1,6695,-41.2482,-18.463,11.08654154,5
CE1,6696,31.9062,84.5803,11.02949863,5
CE1,6697,-48.7544,162.388,10.97292653,5
CE1,6698,-36.5428,-61.201,10.76637377,5
CE1,6699,42.517,-106.696,10.76619533,5
CE1,6700,-35.2968,25.1504,10.72599672,5
CE1,6701,-26.5611,83.368,10.71202716,5
CE1,6702,-41.9226,-15.047,10.63557805,5
CE1,6703,34.4502,-86.011,10.61577755,5
CE1,6704,42.1579,-109.661,10.58237626,5
CE1,6705,-26.7008,178.714,10.53337883,5
CE1,6706,53.4217,-174.706,10.50324313,5
CE1,6707,-61.7073,48.959,10.48742096,5
CE1,6708,-36.3423,151.011,10.43135376,5
CE1,6709,41.4247,-149.355,10.32740712,5
CE1,6710,-37.5463,134.522,10.26302912,5
CE1,6711,39.6619,-84.114,10.25258437,5
CE1,6712,-46.6742,-113.169,10.24817821,5
CE1,6713,-49.4693,156.321,10.21955907,5
CE1,6714,-44.498,59.0298,10.13988304,5
CE1,6715,-33.8111,-169.823,10.0632133,2
CE1,6716,-48.789,111.02,10.05588673,5
CE1,6717,-56.8379,158.124,10.04520374,5
CE1,6718,-54.1559,-125.814,10.03318555,2
CE1,6719,-34.9993,53.1333,9.974904176,5
CE1,6720,56.1041,-111.751,9.962873713,5
CE1,6721,-48.2445,-16.717,9.905541521,5
CE1,6722,-43.5423,-51.258,9.899044039,5
CE1,6723,-39.1026,54.7888,9.890440381,5
CE1,6724,-51.9853,-169.945,9.88543934,5
CE1,6725,57.6147,158.446,9.881980496,5
CE1,6726,40.8327,42.5298,9.877522078,5
CE1,6727,-48.4361,65.2441,9.647856917,5
CE1,6728,49.5873,176.525,9.631333766,5
CE1,6729,-39.0301,-135.451,9.610485531,5
CE1,6730,-49.5994,155.903,9.569647331,5
CE1,6731,45.107,97.4126,9.488672577,5
CE1,6732,-60.3365,8.35407,9.462504595,2
CE1,6733,-35.3672,-105.398,9.456334953,5
CE1,6734,-42.5636,-23.792,9.436161082,5
CE1,6735,-41.9425,-165.682,9.388247095,4
CE1,6736,-28.4204,-60.931,9.342839471,5
CE1,6737,56.0616,-19.455,9.286338803,5
CE1,6738,-57.6251,70.1641,9.1951772,5
CE1,6739,-55.5304,123.277,9.17672704,5
CE1,6740,-53.3794,-88.603,9.106146787,5
CE1,6741,44.9321,-90.954,9.05541142,5
CE1,6742,-34.6284,-151.184,8.950205153,4
CE1,6743,-54.24,178.463,8.922612131,5
CE1,6744,48.6474,-167.71,8.91731214,5
CE1,6745,-26.4344,-49.531,8.880924763,5
CE1,6746,51.4887,-27.744,8.879210922,3
CE1,6747,-54.8413,145.057,8.790718836,5
CE1,6748,-30.8266,125.428,8.627233147,5
CE1,6749,44.6828,-46.068,8.626738693,3
CE1,6750,-46.6499,117.329,8.61552566,5
CE1,6751,-61.6117,-44.733,8.608366803,5
CE1,6752,-57.0775,38.7774,8.538819883,5
CE1,6753,63.7876,-162.969,8.465009394,5
CE1,6754,-49.5372,-56.333,8.401071905,5
CE1,6755,-54.8093,-58.961,8.395586138,5
CE1,6756,-39.1854,25.6173,8.235035981,5
CE1,6757,52.05,-107.227,8.178516566,5
CE1,6758,-61.0408,176.927,8.07289386,5
CE1,6759,-13.2236,80.4638,8.023844146,4
CE1,6822,40.3428,41.7839,19.74742806,2
CE1,6823,32.8755,-39.774,19.29713732,4
CE1,6824,7.16072,177.83,18.77900482,5
CE1,6825,64.2717,-90.364,16.54547427,2
CE1,6826,3.09882,-163.478,16.19901702,5
CE1,6827,-50.4821,-122.073,14.67965163,5
CE1,6828,17.4891,141.855,14.42921639,5
CE1,6829,25.9493,170.248,14.35652263,5
CE1,6830,9.00605,-176.523,14.3038203,5
CE1,6831,-45.2706,8.16889,12.99974522,5
CE1,6832,18.562,156.012,12.81612687,5
CE1,6833,-29.0758,-42.825,11.81317695,2
CE1,6834,17.962,-178.143,11.57575305,5
CE1,6835,-64.5232,14.636,10.69150694,5
CE1,6836,-63.2211,-42.386,10.02153276,5
CE1,6837,56.7247,-9.593,8.465318236,5
CE1,6838,-57.3454,-165.199,8.020239468,5
CE1,6843,-36.1653,-0.739,19.72843527,2
CE1,6844,16.8684,157.016,19.4045244,5
CE1,6845,-45.3107,-0.58,18.10300031,2
CE1,6846,16.5282,46.2391,17.59295981,5
CE1,6847,7.5573,2.03969,17.54765739,2
CE1,6848,37.5385,139.199,17.23436392,2
CE1,6849,1.37762,159.294,16.92872771,5
CE1,6850,15.9426,20.0589,16.84316077,3
CE1,6851,-48.0148,-166.314,16.42607999,2
CE1,6852,-56.3696,-112.391,16.40663924,5
CE1,6853,27.3927,143.675,15.70364642,5
CE1,6854,-0.99069,147.646,15.57908033,5
CE1,6855,-21.4684,-5.355,13.65650002,5
CE1,6856,-61.4162,-173.335,13.58725745,5
CE1,6857,31.8755,48.5264,13.43693468,5
CE1,6858,18.0144,140.374,12.61017935,5
CE1,6859,-50.0105,58.0542,12.20170843,5
CE1,6860,-37.4841,-115.588,11.64864022,5
CE1,6861,32.9768,-16.022,10.85383462,4
CE1,6862,-59.6893,60.3393,10.65897796,2
CE1,6863,-57.7783,-128.452,10.24567202,3
CE1,6864,-44.8652,39.4328,10.18269257,5
CE1,6865,-64.6274,-43.826,9.847017215,5
CE1,6866,50.9378,113.473,8.88605025,5
CE1,6867,15.7669,48.7683,8.117651405,5
CE1,6869,-16.19812,13.072403,19.84553618,4
CE1,6870,-0.880953,-57.473103,19.82861309,4
CE1,6871,-5.224403,-161.257063,19.61487384,5
CE1,6872,-54.123802,-6.534307,19.59988233,2
CE1,6873,-57.771439,-46.155946,18.55395066,2
CE1,6874,3.034159,31.294215,17.23117167,2
CE1,6875,18.693947,-93.152101,15.91089268,5
CE1,6876,-44.666952,-2.164086,14.73883632,2
CE1,6877,34.465878,-92.777362,14.71093772,5
CE1,6878,59.055267,-132.812584,14.14075439,2
CE1,6879,-28.46269,-136.929968,13.99033725,5
CE1,6880,-13.559976,-179.330786,13.64841723,5
CE1,6881,-45.978291,3.101923,13.40577439,5
CE1,6882,43.956888,-153.424976,12.21185833,5
CE1,6883,-33.365522,118.025966,11.29953335,5
CE1,6884,-58.281199,-176.961666,9.982567333,5
CE1,6885,-50.746742,-13.617122,9.816538209,5
CE1,6886,-56.603806,48.319028,9.175994043,5
CE1,6887,-54.718994,36.038725,8.926804326,5
CE1,6889,-28.955131,38.420353,19.53708689,2
CE1,6890,-28.747761,143.807868,19.36717984,5
CE1,6891,-54.724034,68.884327,19.15569614,2
CE1,6892,37.47,-154.261133,18.90339278,5
CE1,6893,27.450713,-96.102721,18.16297586,5
CE1,6894,-52.502467,-10.090973,17.54463806,5
CE1,6895,9.518189,-178.841056,17.45673358,5
CE1,6896,27.438011,-158.83409,16.95447266,5
CE1,6897,42.241461,-101.841347,16.95206497,2
CE1,6898,12.847699,68.916804,16.94850461,3
CE1,6899,-50.337581,-3.677945,16.64491365,2
CE1,6900,11.7995,65.820554,16.56276674,5
CE1,6901,-1.795003,178.463786,16.41088352,5
CE1,6902,20.520911,161.930388,16.21999452,5
CE1,6903,-11.933998,177.724147,16.00211032,5
CE1,6904,36.719364,131.829837,15.99175496,5
CE1,6905,31.644235,-172.989729,15.96777099,5
CE1,6906,4.326157,-118.256203,15.91646168,5
CE1,6907,5.892562,-171.699465,15.81769017,5
CE1,6908,-10.901665,-154.610993,15.61674104,5
CE1,6909,-57.815742,19.715189,15.19754926,2
CE1,6910,-49.271425,66.048531,15.151285,2
CE1,6911,19.781267,50.302596,15.14719537,5
CE1,6912,13.892733,-114.570084,14.6251839,5
CE1,6913,-4.895046,35.037454,14.49949222,4
CE1,6914,-54.628001,60.162618,14.2244528,5
CE1,6915,18.666916,-163.61231,13.90504569,5
CE1,6916,44.229785,-146.146801,13.87542022,5
CE1,6917,-52.353965,-36.516254,13.73751569,2
CE1,6918,-59.401174,43.157328,13.66853833,2
CE1,6919,8.327235,-84.956592,12.61304197,5
CE1,6920,-58.136215,40.800118,12.05741363,5
CE1,6921,-56.984257,10.821809,10.72870373,5
CE1,6922,-52.410638,-35.5921,10.05492543,5
CE1,6924,-27.522747,-170.18575,19.12659447,3
CE1,6925,38.075057,-89.629857,15.26387468,2
CE1,6926,16.409039,-169.624313,13.02996306,5
CE1,6927,-56.11095,-6.903636,11.77734102,2
CE1,6928,16.438795,45.200161,11.67335621,5
CE1,6929,16.96308,4.697818,11.5129509,3
CE1,6930,37.391879,-44.381062,10.32807335,4
CE1,6931,37.87599,-45.165101,10.05395263,3
CE1,6932,-50.777361,-1.264439,10.02186195,5
CE1,6933,-51.253241,43.973836,9.185925027,5
CE1,6934,-55.274797,-112.899127,8.546776861,5
CE1,6935,16.40625,102.03125,19.07184687,1
CE1,6936,-27.166016,-72.134765,18.78056794,2
CE1,6937,-17.697266,-5.181637,18.75688465,2
CE1,6938,2.992187,-151.539062,18.51771158,5
CE1,6939,36.441407,63.316406,18.16162059,2
CE1,6940,-46.429687,4.070312,17.92485738,2
CE1,6941,33.859375,37.59375,17.87869106,5
CE1,6942,1.208984,4.208984,17.12271625,1
CE1,6943,28.0625,168.84375,17.09787143,5
CE1,6944,-10.184376,179.031248,17.049891,5
CE1,6945,9.304687,-175.726562,16.96354609,5
CE1,6946,-36.585937,171.492187,16.19171052,2
CE1,6947,15.103515,47.958984,16.09752476,5
CE1,6948,-8.029296,25.970701,15.92736734,5
CE1,6949,-51.61953,10.529692,15.82804751,2
CE1,6950,11.742187,155.242187,15.63055543,5
CE1,6951,-35.875,138.84375,15.57388062,5
CE1,6952,-21.71289,-76.798828,15.4913339,5
CE1,6953,-28.005859,-11.201171,15.32346299,3
CE1,6954,25.080078,72.611328,15.26959198,5
CE1,6955,-12.570312,-133.289062,14.14435413,5
CE1,6956,-57.03125,24.215625,14.05619761,2
CE1,6957,-41.16875,-151.0875,13.57835988,2
CE1,6958,49.210937,108.148437,13.13440602,5
CE1,6959,13.570312,-177.382812,12.89164754,5
CE1,6960,-63.226562,-59.242187,12.46531038,2
CE1,6961,19.21875,140.796875,12.40369545,5
CE1,6962,9.36914,61.033202,11.94071052,5
CE1,6963,-18.40625,-119.09375,11.67109113,5
CE1,6964,-43.412108,1.197265,11.41689788,5
CE1,6965,-55.675781,178.707031,11.32741885,5
CE1,6966,-47.074218,-71.941406,9.210037746,5
CE1,6967,-50.34375,-104.1875,8.881635979,5
CE1,6968,-62.449219,-35.73828,8.552223932,5
CE1,6969,-62.007812,-83.601562,8.494174791,4
CE1,6970,-60.697265,169.587891,8.098583549,5
CE1,6971,-50.660155,-18.003906,8.086301838,5
CE1,6972,-58.722656,137.597656,8.051658528,5
CE1,6975,-37.910156,61.660156,19.74560728,2
CE1,6976,-21.503906,-70.847656,19.64768073,2
CE1,6977,3.488282,-1.386719,19.6243381,2
CE1,6978,-3.242187,172.085937,18.89347744,5
CE1,6979,-61.867187,-94.804687,18.31564979,3
CE1,6980,-63.957032,31.996099,17.85981475,2
CE1,6981,64.007812,-94.492187,17.31468143,3
CE1,6982,15.976562,-170.742187,17.02072709,5
CE1,6983,-45.927734,21.568358,16.6604292,2
CE1,6984,3.039062,163.804687,16.39242064,5
CE1,6985,1.011719,143.107423,15.38611964,5
CE1,6986,8.867187,144.273437,14.69273984,5
CE1,6987,-63.349609,20.251951,13.89433524,4
CE1,6988,-62.453125,-176.4375,10.92937871,2
CE1,6989,-61.697266,55.935548,10.07259129,5
CE1,6990,-54.570312,-23.679687,9.529723368,5
CE1,6991,-53.015625,27.34375,8.0834944,5
CE1,6992,15.796875,144.6875,12.26517319,5
CE1,6993,-21.546872,22.884376,17.75776624,2
CE1,6994,-62.294922,-12.029296,14.40118129,3
CE1,6995,-50.873047,-2.326171,13.74794315,2
CE1,6996,47.671875,171.53125,12.87279175,5
CE1,6997,-19.02539,15.220703,8.522670184,5
CE1,7000,-28.308593,-17.300777,17.85173837,3
CE1,7001,36.143997,126.251874,17.35587904,2
CE1,7002,13.441018,157.185581,15.58975697,5
CE1,7003,18.603372,69.664364,12.19309529,5
CE1,7004,15.873661,166.340604,11.76398193,5
CE1,7005,-58.474672,138.551559,10.3644362,5
CE1,7006,32.573351,136.117467,17.63029553,2
CE1,7007,30.861094,69.538128,16.41286546,5
CE1,7008,2.109548,178.427298,16.34240483,5
CE1,7009,20.648941,141.250822,15.60477993,5
CE1,7010,-40.81728474,-99.23180614,19.9627175,2
CE1,7011,50.21964011,1.91834529,19.93157531,2
CE1,7012,35.08017483,126.4066652,19.85624496,2
CE1,7013,-23.93648635,62.46735017,19.7704506,2
CE1,7014,-15.67931304,-56.1298045,19.57957067,2
CE1,7015,38.09344893,55.67257406,19.57594708,2
CE1,7016,-26.63469073,-102.6457093,19.28083742,2
CE1,7017,22.2293712,-79.50808105,19.12996015,2
CE1,7018,43.2154568,-36.37304924,19.08166981,3
CE1,7019,21.06056253,179.4295118,18.9736688,5
CE1,7020,-35.93782832,-173.3373331,18.91512127,2
CE1,7021,6.47356506,41.97449417,18.90216907,3
CE1,7022,-32.70609212,33.11533296,18.85310761,1
CE1,7023,17.70498919,-177.2773595,18.76578848,5
CE1,7024,63.22620056,124.4036218,18.72801994,1
CE1,7025,-32.03056742,35.24813768,18.68773222,2
CE1,7026,10.31925846,-150.9122126,18.62376532,2
CE1,7027,-5.33675984,-100.8502841,18.59102643,5
CE1,7028,50.39593502,77.74615922,18.59004655,2
CE1,7029,18.97250077,32.3910287,18.44466795,2
CE1,7030,12.10348581,155.6336397,18.38151822,5
CE1,7031,-23.21425874,150.2237711,18.33802306,5
CE1,7032,32.24516754,45.87677184,18.29473434,2
CE1,7033,-2.84718439,-51.05495609,18.23450358,2
CE1,7034,-57.93028759,-103.4077623,18.21914363,2
CE1,7035,35.83732393,16.89516429,18.16457645,4
CE1,7036,34.72414863,-5.30818222,18.1386699,4
CE1,7037,-9.97457079,-14.07533084,18.12542322,2
CE1,7038,-9.89323341,-44.46543884,18.11261226,3
CE1,7039,-21.04202478,-27.47613928,18.08582203,2
CE1,7040,-3.29951676,-173.1131998,18.06189857,2
CE1,7041,7.69569151,14.45801022,18.0547594,2
CE1,7042,-48.49818395,107.348262,17.9951642,2
CE1,7043,-33.71278913,173.1679369,17.98453428,2
CE1,7044,36.80297415,56.12791843,17.88363035,2
CE1,7045,17.15124821,73.07946924,17.78040946,2
CE1,7046,45.40471922,0.50040763,17.66862258,1
CE1,7047,-20.25386698,-26.23043032,17.62376805,2
CE1,7048,51.79889996,54.07202201,17.51575309,2
CE1,7049,26.85258663,-41.43610116,17.29002761,4
CE1,7050,-49.99961171,-16.0854521,17.25473298,2
CE1,7051,-61.41249569,36.22393824,17.09302548,2
CE1,7052,29.20769411,43.55994193,17.07590481,4
CE1,7053,23.30620389,2.69691338,16.97047815,4
CE1,7054,-6.59446895,177.803956,16.94874315,5
CE1,7055,27.88550205,-1.20064569,16.83609479,4
CE1,7056,62.3272372,90.1678593,16.79514248,5
CE1,7057,-49.09342303,50.84073327,16.64848267,1
CE1,7058,0.31781839,160.7485961,16.6112507,5
CE1,7059,30.64101366,-80.98264184,16.56306438,2
CE1,7060,11.07733295,58.69955244,16.55477262,4
CE1,7061,47.08189968,110.3941147,16.47984845,5
CE1,7062,-32.60677501,-76.41976093,16.43230064,2
CE1,7063,-13.12474951,17.03200353,16.42697407,5
CE1,7064,-3.65275967,31.30575196,16.38233729,3
CE1,7065,-20.21180636,132.0217927,16.36910108,5
CE1,7066,9.03548707,-39.88604286,16.34116925,4
CE1,7067,39.14412853,62.45319438,16.22559407,5
CE1,7068,25.73579582,3.69489612,16.22528781,4
CE1,7069,20.34772999,35.54304984,16.17865707,2
CE1,7070,30.35234114,42.87810502,16.10347963,4
CE1,7071,42.40023698,1.88531513,16.06982841,5
CE1,7072,10.51649274,-179.0255988,16.01630832,5
CE1,7073,0.64338952,-74.28459691,15.95881274,5
CE1,7074,19.54045904,-3.78879478,15.94467752,4
CE1,7075,11.25093172,-172.4596745,15.84957389,5
CE1,7076,-38.35956027,-5.35772746,15.84820216,2
CE1,7077,63.93681183,27.67007488,15.83200189,1
CE1,7078,-15.66568355,-104.9884915,15.79422673,5
CE1,7079,14.67612481,-173.082529,15.75254507,5
CE1,7080,-39.48288037,-97.83038357,15.74957004,2
CE1,7081,22.21626691,-170.1499225,15.73597908,5
CE1,7082,-30.6888681,169.3104859,15.72163417,2
CE1,7083,61.52228111,113.3149247,15.65323066,2
CE1,7084,-50.09959913,-14.38203948,15.65069665,2
CE1,7085,-44.64194586,-178.2588272,15.62040036,4
CE1,7086,10.34943178,55.26913423,15.58113923,5
CE1,7087,51.4899896,108.8393378,15.55449603,2
CE1,7088,39.96451171,-37.34272042,15.53871551,3
CE1,7089,4.64204369,177.4075941,15.53069146,5
CE1,7090,27.99596889,80.48294405,15.40454548,5
CE1,7091,18.24134255,-169.312372,15.34803314,5
CE1,7092,-15.35423078,-103.9433228,15.3329505,5
CE1,7093,-40.9029339,-20.50677517,15.3295381,3
CE1,7094,-46.01031733,5.50211783,15.26224126,2
CE1,7095,26.69671712,66.34131627,15.24280711,5
CE1,7096,-54.47230135,-40.95952312,15.22030453,2
CE1,7097,21.64943899,171.4928359,15.19654544,5
CE1,7098,38.52664247,150.7593315,15.19587809,5
CE1,7099,-63.80129462,55.23846336,15.11408233,2
CE1,7100,-14.38055036,41.52150909,15.09358705,5
CE1,7101,-4.24588808,46.24482221,15.08286711,4
CE1,7102,-50.53197296,-103.3110311,14.93725631,2
CE1,7103,-28.02842209,-94.60522421,14.88926769,2
CE1,7104,-62.70243193,130.8067546,14.83751284,5
CE1,7105,-40.11006783,-91.26681859,14.82045255,2
CE1,7106,56.67689659,93.13113666,14.7086156,2
CE1,7107,11.89809759,63.33321226,14.67986748,4
CE1,7108,-8.26480334,-113.2507505,14.65479431,5
CE1,7109,20.12414924,31.30339266,14.63002419,5
CE1,7110,16.12725526,68.68173915,14.59696792,4
CE1,7111,48.18834988,12.31812761,14.58859292,2
CE1,7112,2.02317137,-162.1660606,14.54253061,5
CE1,7113,-59.75827387,-0.61553997,14.51056287,2
CE1,7114,53.94858733,93.92857913,14.50696274,2
CE1,7115,43.37000804,2.95879538,14.49492056,1
CE1,7116,34.3061894,63.90888079,14.46675013,2
CE1,7117,17.3833034,-26.31536502,14.43674561,4
CE1,7118,-15.80420757,-123.6057061,14.43506443,2
CE1,7119,42.28165357,-166.8162355,14.43391952,2
CE1,7120,8.51552461,-176.9234649,14.39061799,5
CE1,7121,-41.63881843,-94.77509362,14.38134984,2
CE1,7122,-0.22953633,104.7270827,14.35817918,5
CE1,7123,1.72841757,177.0112321,14.34829803,5
CE1,7124,-59.07891905,-6.06551664,14.34407904,2
CE1,7125,26.17702639,-41.78763645,14.33036325,4
CE1,7126,15.69389383,41.58756942,14.31892861,2
CE1,7127,-29.05020117,-91.91798464,14.29653286,5
CE1,7128,24.42165763,-70.88249027,14.24616578,2
CE1,7129,-38.18359707,-73.23235034,14.16959203,2
CE1,7130,1.65295293,-170.2655281,14.15704092,5
CE1,7131,-19.73284892,-25.58398287,14.12120584,4
CE1,7132,0.2305254,82.75494731,14.10062716,4
CE1,7133,-28.70519257,-104.1768932,14.05660499,5
CE1,7134,13.40127609,155.4590517,14.02786603,5
CE1,7135,-26.02359124,-98.00733086,14.00201857,5
CE1,7136,-42.33152208,-13.56336333,13.9825137,5
CE1,7137,21.93641796,51.63817574,13.97381603,5
CE1,7138,-35.73317123,61.38207343,13.9526716,5
CE1,7139,-61.0674116,132.9867453,13.94814142,2
CE1,7140,-28.51256668,-75.06316501,13.80322578,2
CE1,7141,-26.00238836,-105.5806751,13.77306736,5
CE1,7142,28.5445281,92.95418936,13.74421791,5
CE1,7143,0.23524395,176.9428125,13.71429586,5
CE1,7144,33.70772412,7.13947012,13.71038428,4
CE1,7145,-47.1470556,-92.41815565,13.70658928,2
CE1,7146,-33.74810749,-47.51129161,13.70560746,5
CE1,7147,-28.41093374,56.33789589,13.69760605,5
CE1,7148,-32.12852134,-1.92259065,13.6861994,5
CE1,7149,48.16317721,98.74154554,13.63533783,5
CE1,7150,-25.49237602,-22.85427594,13.59785988,3
CE1,7151,-37.45676438,-82.57044889,13.59532659,5
CE1,7152,16.83085199,22.02191724,13.55848825,4
CE1,7153,15.66436422,143.7852488,13.45304403,5
CE1,7154,63.20706399,112.4962486,13.4242107,5
CE1,7155,-29.25212637,52.95230432,13.36959961,5
CE1,7156,-4.85501702,17.72091833,13.33901927,5
CE1,7157,-40.43408564,-133.6185637,13.32138235,5
CE1,7158,-33.71278913,-34.13879474,13.28277297,2
CE1,7159,-26.43627908,-91.38006486,13.14525048,5
CE1,7160,-60.17862269,52.21620357,13.09418566,5
CE1,7161,-11.64768548,66.51118567,13.05362363,5
CE1,7162,4.08451305,8.0218473,12.97262784,5
CE1,7163,-20.51703941,-117.4927669,12.96508696,5
CE1,7164,-10.90497662,81.08928344,12.95972159,4
CE1,7165,-26.13378441,-83.32306472,12.94370626,5
CE1,7166,-29.12030181,-110.5941818,12.9328701,5
CE1,7167,21.75684952,68.09663343,12.91645834,5
CE1,7168,52.09121503,158.1911179,12.89442452,1
CE1,7169,12.60589995,48.62299385,12.86272181,5
CE1,7170,60.77665392,-169.9824124,12.81993979,1
CE1,7171,8.31480964,157.1317934,12.80190882,5
CE1,7172,33.69987316,103.3917204,12.79985997,5
CE1,7173,-28.40055754,-14.15554695,12.79571646,2
CE1,7174,-37.51292846,-80.70660406,12.76464366,5
CE1,7175,-38.1279412,51.30079624,12.76367166,5
CE1,7176,1.05857913,32.71425242,12.7459222,4
CE1,7177,30.19952822,178.5848834,12.73763438,5
CE1,7178,17.30673498,-4.90238309,12.72466363,4
CE1,7179,33.52893738,150.7428165,12.66660116,5
CE1,7180,-24.4186088,-28.58736828,12.66312879,4
CE1,7181,5.36593277,52.73053038,12.62861188,4
CE1,7182,19.00150291,141.6241325,12.60183467,5
CE1,7183,-29.53784785,-53.20663519,12.59821274,5
CE1,7184,-61.87860882,43.45377355,12.46700729,2
CE1,7185,6.91174611,61.95302337,12.46417627,5
CE1,7186,-62.82660058,136.5280505,12.43738514,2
CE1,7187,-27.64036613,80.51597421,12.43251914,5
CE1,7188,-54.38171661,-88.17377988,12.41049323,2
CE1,7189,3.18037244,-80.71368195,12.40350635,5
CE1,7190,14.09794458,68.25942494,12.36413483,5
CE1,7191,52.67157285,-0.74294202,12.32564953,5
CE1,7192,62.67474053,-59.43517996,12.32477224,3
CE1,7193,-25.45403707,-108.199495,12.32460881,5
CE1,7194,-29.06876186,-33.7377142,12.32148901,5
CE1,7195,-57.72552095,40.61082035,12.31757597,5
CE1,7196,-46.47047269,137.8610534,12.2836442,3
CE1,7197,52.70732416,58.40699958,12.24939451,5
CE1,7198,-36.26950605,-85.33790458,12.24729136,5
CE1,7199,15.11160998,175.454096,12.24431329,5
CE1,7200,-41.85884348,24.10281742,12.22399896,5
CE1,7201,-28.53329608,-54.63165074,12.21639334,5
CE1,7202,36.97845788,9.69458906,12.19041389,5
CE1,7203,-64.53829293,178.4362477,12.15105539,5
CE1,7204,-61.69569138,155.9285518,12.15019639,2
CE1,7205,37.42195748,-94.23245525,12.11036585,5
CE1,7206,-36.22574394,-73.37626747,12.09950352,5
CE1,7207,2.09862004,-80.72783773,12.09606859,5
CE1,7208,62.01997585,77.30261134,12.07955656,2
CE1,7209,39.78525914,16.31241787,11.97339968,5
CE1,7210,30.12813418,50.02441642,11.96993472,5
CE1,7211,-33.77948938,-81.43090831,11.93341821,5
CE1,7212,18.64420385,87.39332572,11.89653766,5
CE1,7213,-33.92056559,-107.9989548,11.86089433,5
CE1,7214,43.41972422,15.40408843,11.83976529,5
CE1,7215,-64.25793625,42.83091907,11.82831021,5
CE1,7216,-27.43744403,-66.07660175,11.82776042,5
CE1,7217,-36.73414406,96.14867785,11.81662707,5
CE1,7218,5.42230516,142.5135876,11.79361116,5
CE1,7219,-37.5596996,-100.7181634,11.7877694,5
CE1,7220,-34.85896365,178.6721774,11.7809151,4
CE1,7221,-11.02310445,-156.6335085,11.75446026,5
CE1,7222,-62.6742865,-172.7357123,11.7323155,2
CE1,7223,-41.1823041,-172.7003228,11.72675013,5
CE1,7224,-19.39493958,131.1724457,11.72019735,5
CE1,7225,61.70510828,95.98116775,11.70963878,2
CE1,7226,-62.66345421,134.6877986,11.70886507,5
CE1,7227,25.96510278,-134.621265,11.68829492,5
CE1,7228,52.46507502,0.74341525,11.60480898,5
CE1,7229,-29.63017533,-69.67688937,11.57873948,5
CE1,7230,48.29833504,-2.71295523,11.51589381,5
CE1,7231,-59.36143648,-50.21504627,11.51179649,5
CE1,7232,-26.61570873,-97.49300406,11.50772898,5
CE1,7233,-37.07184796,-111.0070588,11.50722914,5
CE1,7234,33.01410201,-91.45320308,11.50003447,5
CE1,7235,-34.14736428,-110.2969103,11.40291423,5
CE1,7236,-44.43004816,-71.49354826,11.39959359,5
CE1,7237,-44.93329877,-35.55673239,11.39547327,2
CE1,7238,-23.48285435,-101.0814952,11.39378839,5
CE1,7239,-61.29713286,-175.9821053,11.37959646,5
CE1,7240,25.16273095,-5.14303141,11.3639589,4
CE1,7241,49.40362744,-2.23165859,11.35261667,5
CE1,7242,-41.68288376,-105.2999187,11.29216575,5
CE1,7243,49.67461627,113.1828041,11.28983618,5
CE1,7244,-43.47553044,-88.01570697,11.2557456,5
CE1,7245,38.79009637,81.92211537,11.24137002,5
CE1,7246,33.75481481,-4.74195088,11.23741218,4
CE1,7247,44.45602051,63.33557156,11.21364975,5
CE1,7248,-43.77269571,-102.7094103,11.20487418,5
CE1,7249,-59.74044524,138.6065913,11.19008848,2
CE1,7250,-38.21511654,-75.02069766,11.18004267,5
CE1,7251,-42.12537742,152.8119202,11.12679682,5
CE1,7252,61.61102542,82.09434407,11.08053221,5
CE1,7253,-51.92213828,-2.61386475,11.07727988,5
CE1,7254,-50.17369752,-82.22599149,11.05051097,2
CE1,7255,5.09809373,-24.00089441,11.03011336,5
CE1,7256,-62.46452226,133.3878258,11.01286955,5
CE1,7257,57.81287019,-151.0089438,10.96175829,2
CE1,7258,-34.40081351,173.4038666,10.94355887,5
CE1,7259,53.81508088,92.49884499,10.90995599,5
CE1,7260,56.86178378,38.18546277,10.90325569,5
CE1,7261,58.77500564,98.62122138,10.88775268,5
CE1,7262,50.60902241,156.223464,10.86624741,5
CE1,7263,-33.78537221,-74.14303908,10.8632616,5
CE1,7264,25.6060838,48.5781672,10.85406614,5
CE1,7265,-39.99448758,-107.1944344,10.84807021,5
CE1,7266,46.17952048,162.4213379,10.83261451,5
CE1,7267,50.98332777,-36.96523286,10.82276899,2
CE1,7268,-51.98466199,39.9667322,10.78603947,2
CE1,7269,46.71919503,160.8382494,10.77077215,5
CE1,7270,49.9562483,39.48307626,10.77023726,4
CE1,7271,51.94456847,114.8980132,10.75534297,5
CE1,7272,54.19914436,-36.42967238,10.72911746,2
CE1,7273,-62.23349684,137.1013597,10.70827293,5
CE1,7274,-41.18763083,20.81395704,10.7076475,5
CE1,7275,-47.92275742,-40.29656059,10.69936015,5
CE1,7276,-63.53233055,44.76790212,10.69535752,5
CE1,7277,-63.18214706,137.2051688,10.68855107,5
CE1,7278,49.93954843,56.60449648,10.68852021,5
CE1,7279,-62.94488214,133.9658536,10.62774685,5
CE1,7280,-51.68726298,-12.80602891,10.61770895,5
CE1,7281,45.6839656,5.18597199,10.60206477,5
CE1,7282,45.5684697,155.9474262,10.59175357,5
CE1,7283,9.29402576,-40.56552047,10.54726837,4
CE1,7284,51.23514039,-137.7685676,10.51589037,5
CE1,7285,28.62325422,64.01268987,10.51187384,5
CE1,7286,55.49090194,-10.88792024,10.50540315,3
CE1,7287,48.22137026,3.88128061,10.50304658,5
CE1,7288,56.03511739,104.6704596,10.50171579,5
CE1,7289,-23.65801345,-107.3147586,10.49711562,5
CE1,7290,48.33128447,103.0095143,10.48676755,5
CE1,7291,12.85674057,-90.04470261,10.48296758,5
CE1,7292,40.78410026,146.6140462,10.43309526,5
CE1,7293,-21.42686907,-85.09961555,10.42842596,5
CE1,7294,-40.22725333,-102.5820083,10.41990217,5
CE1,7295,48.45191705,-0.94584159,10.41686447,5
CE1,7296,42.4959864,-39.38823114,10.39595713,3
CE1,7297,42.48902774,74.91500251,10.39277648,5
CE1,7298,62.77528972,75.0117337,10.36588379,5
CE1,7299,58.43209228,71.93049148,10.34682438,5
CE1,7300,48.62375337,-42.79269709,10.34135716,5
CE1,7301,-51.60821072,145.1866714,10.30144448,5
CE1,7302,36.63087413,146.1704984,10.27924519,5
CE1,7303,60.77780574,102.8679565,10.24050359,5
CE1,7304,59.89277356,109.5990315,10.23844905,5
CE1,7305,-58.7744929,-28.83745379,10.21398629,5
CE1,7306,-19.2168095,125.0500693,10.21366438,5
CE1,7307,60.22366801,4.1502405,10.19985665,5
CE1,7308,-54.5353178,-140.3095307,10.19860039,2
CE1,7309,54.08443576,19.18840123,10.19770723,4
CE1,7310,59.8276189,151.1155854,10.19338732,5
CE1,7311,60.15329279,-67.73046913,10.18995152,4
CE1,7312,33.21763708,72.15226542,10.17376556,5
CE1,7313,-43.57987628,-69.70756023,10.16781008,5
CE1,7314,-47.12940204,6.76670116,10.16294217,5
CE1,7315,-33.44547013,-45.25816272,10.15401888,5
CE1,7316,-63.94984985,27.45537883,10.15115837,5
CE1,7317,-3.5044138,33.21678274,10.07254117,5
CE1,7318,-44.81291731,0.65376196,10.04859947,5
CE1,7319,55.72677565,63.70362193,10.04060157,5
CE1,7320,63.47487992,-69.00684894,10.03343253,3
CE1,7321,-37.7968436,-74.17135065,9.97216109,5
CE1,7322,-42.75911541,-109.6740558,9.972081165,5
CE1,7323,-59.92303386,53.37461853,9.966793288,5
CE1,7324,2.93535507,-83.01635607,9.966778945,5
CE1,7325,-8.09199098,-126.1938552,9.94445906,5
CE1,7326,60.02741548,48.75511449,9.89054064,5
CE1,7327,-64.14190323,114.515807,9.879209418,5
CE1,7328,-19.97472691,-85.47946241,9.862156411,5
CE1,7329,55.88853042,110.9414717,9.857658559,5
CE1,7330,-9.03451026,-28.3136898,9.854420962,4
CE1,7331,-51.18870398,41.2572678,9.843744749,5
CE1,7332,50.57906826,36.48676874,9.829211497,5
CE1,7333,62.18886053,9.90220721,9.822862008,2
CE1,7334,64.40552554,76.85434486,9.812165713,5
CE1,7335,61.41184003,91.713199,9.790647967,5
CE1,7336,42.53250666,56.44170497,9.772207152,5
CE1,7337,23.92445147,58.5674318,9.769303278,5
CE1,7338,48.98890545,4.69759746,9.759270334,5
CE1,7339,-54.16128527,-162.8974427,9.688649146,5
CE1,7340,-40.29386854,-16.9489549,9.674713446,5
CE1,7341,51.3944033,164.8868035,9.672093027,5
CE1,7342,4.10804575,8.46539518,9.632471992,5
CE1,7343,48.05447847,8.60931232,9.597424278,4
CE1,7344,-24.95666303,56.90648653,9.573592606,5
CE1,7345,61.03820071,-11.04363386,9.571245168,5
CE1,7346,56.52364571,116.1932674,9.552085233,5
CE1,7347,-60.8877071,132.1326797,9.550283614,5
CE1,7348,-60.70467597,44.69004531,9.546141072,5
CE1,7349,51.66593132,49.65400675,9.501779028,5
CE1,7350,-34.12393048,-78.50066112,9.434259306,5
CE1,7351,50.29053797,156.4051299,9.419545987,5
CE1,7352,56.66134014,70.39222966,9.412562881,5
CE1,7353,61.46823644,96.84702984,9.410067005,5
CE1,7354,-28.40263287,-88.29174475,9.399023527,5
CE1,7355,-61.59596889,-138.1672888,9.341177945,5
CE1,7356,-50.52147402,-79.60953083,9.333262681,5
CE1,7357,33.01212363,78.9753531,9.333066599,5
CE1,7358,-42.0395772,-43.76236826,9.321747051,5
CE1,7359,53.64480074,51.81748234,9.312750783,5
CE1,7360,-59.86386156,-4.4635538,9.301863521,2
CE1,7361,-5.48708174,51.36449726,9.293203057,4
CE1,7362,64.72772745,-109.1455732,9.27788847,5
CE1,7363,62.29325107,-2.46051043,9.273448256,5
CE1,7364,-62.82444559,23.24875181,9.263161623,5
CE1,7365,38.6446717,20.36097197,9.253158857,5
CE1,7366,32.28506736,67.37468847,9.251109438,5
CE1,7367,51.3546394,156.0583132,9.245140306,5
CE1,7368,60.21429336,98.42775901,9.239190239,5
CE1,7369,-32.43967415,75.6109952,9.237222047,5
CE1,7370,9.33360505,0.6136539,9.210628366,2
CE1,7371,54.94583852,-50.92519474,9.208210145,4
CE1,7372,15.14121818,42.10189622,9.197715281,4
CE1,7373,56.95195632,95.63906964,9.195389138,5
CE1,7374,-2.99562691,71.24157668,9.189225322,5
CE1,7375,-51.70773551,43.42074339,9.176485841,5
CE1,7376,-28.83548006,86.78226773,9.164578319,4
CE1,7377,-53.67217687,-14.23104446,9.153171513,5
CE1,7378,58.43085714,-174.6420245,9.133493102,5
CE1,7379,27.56806682,-52.85038131,9.131631184,5
CE1,7380,28.4761129,-27.17414923,9.112061044,4
CE1,7381,8.70913813,71.93049148,9.101042843,4
CE1,7382,63.71096809,79.11219234,9.084075294,5
CE1,7383,-10.17898615,59.37195216,9.056967521,5
CE1,7384,58.07707412,-155.8572997,9.056436919,5
CE1,7385,54.67391122,-126.0853276,8.994763902,5
CE1,7386,55.43740047,48.02845094,8.9857655,5
CE1,7387,-15.82917725,-103.1104908,8.981954749,5
CE1,7388,-45.78537353,40.43151376,8.979667486,5
CE1,7389,-17.45439502,-78.81444765,8.960175417,5
CE1,7390,-41.96769604,-11.22529975,8.952236772,5
CE1,7391,52.84291229,110.507361,8.944763049,5
CE1,7392,29.92182198,132.349735,8.928132502,5
CE1,7393,57.38557592,107.1571589,8.918814728,5
CE1,7394,-55.09270328,-93.23447251,8.916387475,5
CE1,7395,-62.46234079,-40.26824902,8.892342447,5
CE1,7396,58.63652468,46.82285004,8.872900814,5
CE1,7397,45.67077811,8.52909621,8.860724917,5
CE1,7398,-60.70005791,135.7636381,8.854285827,5
CE1,7399,-25.36026824,-112.3754512,8.843011703,5
CE1,7400,23.16528828,5.44549469,8.820048718,4
CE1,7401,55.66161925,102.4456422,8.819637195,5
CE1,7402,-62.88149951,139.1044031,8.804204624,5
CE1,7403,58.55784853,93.65725995,8.790556952,5
CE1,7404,-64.36531951,-132.7220308,8.772509108,5
CE1,7405,56.79724144,-101.2961912,8.743919253,5
CE1,7406,-44.77775862,3.77275293,8.728612072,5
CE1,7407,-57.16822608,17.42836547,8.72732744,5
CE1,7408,49.85291999,34.77863752,8.716367206,4
CE1,7409,64.27885172,122.1693673,8.700499729,5
CE1,7410,39.94280908,-69.45983402,8.687690292,3
CE1,7411,47.30794439,-23.43466307,8.687058993,4
CE1,7412,59.80152129,4.9217307,8.678689817,5
CE1,7413,43.4077275,147.739431,8.675738142,5
CE1,7414,49.85291999,78.98007169,8.675540905,5
CE1,7415,-26.17613876,-74.80128301,8.667624423,5
CE1,7416,59.73262049,103.4577808,8.662153046,5
CE1,7417,60.62656392,79.98985092,8.653268291,5
CE1,7418,-37.76887396,-95.79902863,8.652597122,5
CE1,7419,8.89099693,58.27251964,8.650561206,5
CE1,7420,55.64431463,98.07150512,8.645166693,5
CE1,7421,46.74345169,-129.3293613,8.643988362,5
CE1,7422,50.0290527,87.42163729,8.643881748,5
CE1,7423,60.98903799,95.5918837,8.612858002,5
CE1,7424,57.51631907,-144.9738614,8.609788437,5
CE1,7425,58.1007696,-55.44560829,8.607505081,5
CE1,7426,-31.12206964,-88.40027242,8.598041848,5
CE1,7427,-26.47007549,-107.6427009,8.587822202,5
CE1,7428,37.9354523,-129.8366102,8.582136423,5
CE1,7429,48.67051661,3.86712482,8.574036498,5
CE1,7430,-59.640429,-37.53382349,8.55877706,5
CE1,7431,53.30921717,-135.9235971,8.540294043,5
CE1,7432,-63.55755591,-14.55662748,8.479850708,5
CE1,7433,46.68845428,2.56951133,8.479729051,5
CE1,7434,60.56401267,96.09441402,8.476638753,5
CE1,7435,-4.45761254,4.37437373,8.473456468,5
CE1,7436,4.95473008,43.51039668,8.467406292,4
CE1,7437,58.66475571,108.3037773,8.466199939,5
CE1,7438,48.08285683,160.3451563,8.465005777,5
CE1,7439,52.70589467,-56.07554066,8.464985868,5
CE1,7440,-36.7171251,179.0968509,8.458852197,4
CE1,7441,47.75397441,9.36192814,8.397579134,4
CE1,7442,-46.49321674,-84.10635141,8.372062579,5
CE1,7443,63.66600035,86.98988589,8.362926295,5
CE1,7444,47.22469245,62.64429746,8.30771584,5
CE1,7445,64.29625279,-152.5094569,8.291738746,5
CE1,7446,-64.59806987,11.0346699,8.276993764,5
CE1,7447,62.38197265,-55.72400537,8.266681871,5
CE1,7448,-15.32692795,-103.3251869,8.25874236,5
CE1,7449,-52.36229802,-102.7400812,8.255566177,5
CE1,7450,-57.86508961,-27.73094338,8.253869531,5
CE1,7451,-33.0468986,174.1092965,8.253194865,5
CE1,7452,-63.77211485,51.45886915,8.248990383,5
CE1,7453,0.75662732,36.81471106,8.240896468,4
CE1,7454,59.47956434,7.26687218,8.239102683,5
CE1,7455,-60.53916799,136.2213418,8.232617923,5
CE1,7456,-61.73928872,-177.0791785,8.231136904,5
CE1,7457,-27.49605794,56.84986339,8.22449663,5
CE1,7458,63.48962706,-47.36973377,8.219452148,5
CE1,7459,-58.46120515,-178.4334152,8.216718685,5
CE1,7460,-46.46884775,-2.17739476,8.159347334,5
CE1,7461,1.12462746,-78.38977415,8.11025516,5
CE1,7462,58.35914517,67.6035403,8.106551972,5
CE1,7463,5.96695875,-161.8735077,8.068884554,5
CE1,7464,59.79796094,107.4143223,8.0645835,5
CE1,7465,23.35819661,-3.05741263,8.039051858,5
CE1,7466,-29.91074003,152.889777,8.036066279,5
CE1,7467,-15.14254083,-117.3087418,8.017368628,5
CE1,7468,7.48053706,-168.3356229,8.016386096,5
CE1,7469,58.95676404,15.01008578,8.002025929,5
CE1,7913,41.21855146,140.0198104,19.9056858,5
CE1,7914,27.39643603,-135.7277755,19.77816981,5
CE1,7915,-30.62798249,15.24129691,19.21910713,2
CE1,7916,-60.66655717,57.7015697,19.13718207,2
CE1,7917,9.52445352,60.70495511,19.11340627,2
CE1,7918,22.39743404,142.5230248,18.7497184,2
CE1,7919,-32.07056129,-10.42313868,18.48990869,3
CE1,7920,11.72489699,164.7617608,17.83603415,5
CE1,7921,-60.31911397,53.07970637,17.75224748,2
CE1,7922,-61.3333709,47.12012149,17.70586737,2
CE1,7923,-64.05223644,29.56930917,17.69033867,3
CE1,7924,53.39793411,63.42522486,17.35136723,2
CE1,7925,-57.54365345,16.00570923,17.19112125,2
CE1,7926,-31.46077457,-41.27802825,17.07868619,2
CE1,7927,26.87784259,135.206844,16.99986603,5
CE1,7928,60.24240927,-157.1832247,16.77698134,2
CE1,7929,26.82311422,146.3875537,16.71279076,4
CE1,7930,11.17224647,-176.4303718,16.67189044,5
CE1,7931,32.54398796,-84.94626123,16.60320429,2
CE1,7932,-45.62885552,-88.44981766,16.38963936,4
CE1,7933,17.93184756,-172.098702,16.1610038,5
CE1,7934,64.75390281,-97.75347527,16.03165826,2
CE1,7935,-63.24806535,18.51364221,15.91348617,3
CE1,7936,18.66655724,140.3524713,15.36780657,5
CE1,7937,8.69980964,173.7436054,15.07771039,5
CE1,7938,-60.47179655,50.86668554,15.04050303,2
CE1,7939,-62.71433155,169.9734484,14.89952803,2
CE1,7940,0.704727,-75.91487132,14.8722753,5
CE1,7941,-47.7596539,-91.14413513,14.74151329,2
CE1,7942,41.63250444,115.8464507,14.6773168,5
CE1,7943,9.9523078,169.3458753,14.51942245,5
CE1,7944,-3.83168387,170.501931,14.51850541,5
CE1,7945,-60.78308146,178.1932401,14.2958864,5
CE1,7946,-64.37960569,48.61119736,13.80945298,5
CE1,7947,-59.11163666,40.90337321,13.71278802,5
CE1,7948,-46.10691024,-6.0112528,13.70293736,2
CE1,7949,-56.93726118,-153.0804068,13.66404291,5
CE1,7950,-58.7120599,1.18460384,13.64311899,4
CE1,7951,-54.49286087,-42.08018931,13.5724456,2
CE1,7952,-62.77267845,53.18823404,13.56894517,5
CE1,7953,-62.44379181,25.77555918,13.43227697,2
CE1,7954,4.67496474,57.50102944,13.40840324,5
CE1,7955,-45.93817194,-114.7418263,12.89090115,5
CE1,7956,-62.51138547,21.02865309,12.86688067,2
CE1,7957,-51.33191544,36.6943869,12.7451943,5
CE1,7958,-44.48898598,8.51494043,12.62953421,5
CE1,7959,-6.37880327,33.89154175,12.60437121,3
CE1,7960,-44.55122698,-167.5948036,12.43383709,2
CE1,7961,-63.99126334,58.3904845,12.3384433,5
CE1,7962,-63.0102693,54.59673451,11.99104538,5
CE1,7963,-58.32271507,173.2198414,11.96778059,2
CE1,7964,8.07428337,-175.3380172,11.92095434,5
CE1,7965,40.8822798,-151.4359766,11.82849403,5
CE1,7966,24.80559811,168.9353576,11.80571334,5
CE1,7967,-26.84117914,-58.17295593,11.77611076,5
CE1,7968,-62.00511853,-162.0457364,11.7558056,5
CE1,7969,4.44213334,53.69312366,11.68263925,4
CE1,7970,-42.85777386,-6.23302675,11.60135218,5
CE1,7971,-61.13582048,142.992525,11.58860094,5
CE1,7972,-62.69377465,172.3704944,11.22365426,5
CE1,7973,-16.17389511,93.13585525,11.06904422,5
CE1,7974,-47.22882736,37.84100537,10.97459472,5
CE1,7975,-33.4513758,175.5626236,10.52897588,5
CE1,7976,-46.35660979,-19.91459156,10.25359244,5
CE1,7977,-57.0092709,-179.0940184,10.25074598,5
CE1,7978,-62.33663775,41.64655185,10.07410285,5
CE1,7979,-44.31199406,50.25326825,9.904587782,5
CE1,7980,-52.43427648,-61.61045203,9.537010687,5
CE1,7981,-63.0979365,38.12176174,9.319729782,5
CE1,7982,-26.21636114,86.36703141,8.833203417,3
CE1,7983,-56.437111,-162.4161461,8.813933545,2
CE1,7984,-57.13879392,38.13591753,8.803039283,5
CE1,7985,50.24378739,163.1173306,8.768352651,5
CE1,7986,-62.32129873,30.38090743,8.697263111,5
CE1,7987,-57.14007406,-21.37027797,8.628527997,5
CE1,7988,-62.04606614,159.3896409,8.450220055,3
CE1,7989,-10.74276405,-57.94882269,8.413230057,4
CE1,7990,-13.08338802,161.6474884,8.403973596,5
CE1,7991,-54.06862916,-15.11106234,8.387974869,5
CE1,7992,37.57170425,42.21750179,8.266722091,5
CE1,7993,60.42923312,117.722092,8.164673519,5
CE1,7994,-60.54728956,177.4052348,8.009345009,5
CE1,8036,11.4059249,51.95904017,12.43241203,5
CE1,8041,1.76850695,-89.67429294,19.0387825,2
CE1,8042,24.11193813,145.2338574,14.27995815,4
CE1,8043,-47.0924711,176.4119706,10.9534357,2
CE1,8044,47.34792275,105.8524675,10.42567114,5
CE1,8045,50.51010137,102.0775919,9.99101956,5
CE1,8046,-49.11350309,-0.61553997,9.899851762,5
CE1,8047,-24.30254968,54.2569957,9.506468884,4
CE1,8048,-51.268485,42.99606988,8.822436611,5
CE1,8049,-53.27901243,-66.49183806,8.660038528,5
CE1,8050,-40.45024576,-90.5708259,8.276871981,5
CE1,8059,-32.67630857,154.8479937,10.83890867,5
CE1,8060,54.92821883,46.22594783,8.952115973,5
CE1,8061,62.20976756,-29.33762481,8.675882248,5
CE1,8071,12.8199355,-137.0725749,8.663995595,5
CE1,8074,-42.97699194,-112.9794313,12.05627192,2
CE1,8075,19.7915087,33.24037571,12.29488239,4
CE1,8076,56.70928523,50.97993181,10.42425952,5
CE1,8079,54.19224319,-146.7975982,13.18144063,2
CE1,8080,-7.96583779,-66.98964979,19.74739473,2
CE1,8084,9.51281945,159.668038,15.74649727,5
CE1,8085,63.9782446,-15.03556482,48.32874178,2
CE1,8086,63.94613955,8.89478728,31.41811879,2
CE1,8087,64.1021755,129.0089701,51.56987645,1
CE1,8088,64.03821328,130.9247195,24.26315786,2
CE1,8089,63.8683136,133.1283031,27.18713598,2
CE1,8090,63.18578628,-175.8193138,26.21427506,2
CE1,8091,62.90345103,-114.1944694,26.41591602,2
CE1,8092,63.13678817,151.8894349,34.56282615,1
CE1,8093,62.95606108,162.7044536,20.10635054,2
CE1,8094,62.9303047,164.2592305,21.56531353,2
CE1,8095,61.97123341,-175.4347483,54.7384003,1
CE1,8096,61.53577762,-92.71778641,32.28208194,2
CE1,8097,61.83344835,84.25546036,55.79750404,2
CE1,8098,60.59646177,72.48964493,57.81613271,1
CE1,8099,61.16361966,105.7675328,24.15096618,3
CE1,8100,60.70862298,158.6771331,21.1357522,2
CE1,8101,59.47596968,-156.3787044,60.25392706,1
CE1,8102,59.33066558,-96.61298618,27.39035815,2
CE1,8103,59.48914826,121.404955,23.42298059,2
CE1,8104,57.88819729,-173.0400616,24.88657074,3
CE1,8105,58.28108575,-81.00859411,55.10091009,1
CE1,8106,57.72730886,126.9917709,24.89054511,2
CE1,8107,58.33562159,134.3716528,39.51183931,1
CE1,8108,58.30340603,150.5918214,52.90134116,1
CE1,8109,58.10326294,156.3720997,26.22705758,1
CE1,8110,56.92878989,164.3583209,61.85445743,1
CE1,8111,55.6416517,-161.3049171,65.98001361,1
CE1,8112,55.73607485,-159.2829993,26.23732372,3
CE1,8113,55.56167962,-80.35742806,21.8930315,2
CE1,8114,55.28720987,127.0885021,42.72064648,2
CE1,8115,54.3836666,-123.1857512,20.58140991,2
CE1,8116,53.96940922,-92.90417089,42.19091097,1
CE1,8117,54.69164214,140.262818,30.58129667,2
CE1,8118,53.60002287,156.0323609,22.25616317,3
CE1,8119,52.44782296,-91.32344173,20.05323705,2
CE1,8120,52.64867665,-88.16906129,45.45110986,1
CE1,8121,53.22737794,-75.97149446,46.90096276,2
CE1,8122,52.03754881,-75.99036883,21.52897069,2
CE1,8123,52.30667804,76.57122919,24.53774329,4
CE1,8124,52.48519388,88.69093921,20.65524397,2
CE1,8125,53.1538716,124.2172374,27.34588885,2
CE1,8126,53.32331156,131.5121845,21.28261649,2
CE1,8127,52.70446513,167.9869201,23.71239305,2
CE1,8128,50.58506061,-165.8984688,25.54844908,2
CE1,8129,51.3693708,-116.2918846,20.54063559,2
CE1,8130,50.67335929,-89.71440099,21.34006509,3
CE1,8131,51.64104764,46.09854578,20.77804019,2
CE1,8132,51.25876979,97.96533674,58.4083405,1
CE1,8133,51.29419112,101.0607348,59.97248855,2
CE1,8134,51.79014484,103.4247506,54.05065404,2
CE1,8135,50.68232953,176.5346541,23.64537673,2
CE1,8136,50.39593502,-173.2523984,21.0096419,3
CE1,8137,50.14863672,-165.0231695,50.41846224,2
CE1,8138,50.34176003,-149.7278454,28.76577332,4
CE1,8139,50.06086998,-97.51895633,30.91160972,2
CE1,8140,50.08055582,121.5936988,21.52482589,2
CE1,8141,49.56915527,128.7801183,32.02781215,2
CE1,8142,48.91453724,-170.7090759,54.70675935,1
CE1,8143,48.39085317,-162.6473572,37.65760929,2
CE1,8144,48.12382017,-138.7712689,25.39516375,2
CE1,8145,47.49637667,-134.0621116,21.08581826,2
CE1,8146,48.89437677,1.05248319,23.32005641,2
CE1,8147,48.47381952,63.48892588,21.55159674,2
CE1,8148,48.7172365,68.17449024,49.28704428,2
CE1,8149,47.95661099,73.23518286,20.80330856,2
CE1,8150,48.24180078,119.5269544,24.01481364,2
CE1,8151,47.96609015,132.6800366,20.64702036,3
CE1,8152,46.38984853,-165.5610893,20.20315175,2
CE1,8153,47.41821119,-164.098325,28.43744379,1
CE1,8154,46.14356998,-155.7133826,26.67018498,1
CE1,8155,46.88876255,-149.6617851,58.31051913,1
CE1,8156,45.99133782,-134.2484961,24.31116035,2
CE1,8157,46.84521052,-135.366803,20.52061608,2
CE1,8158,45.88304738,-109.1243396,21.0173838,3
CE1,8159,45.89782671,-8.86600249,21.77743721,5
CE1,8160,47.01920665,13.45530889,77.80107637,1
CE1,8161,46.84359681,15.88066647,80.73804326,1
CE1,8162,47.00794626,85.73473975,22.02317141,2
CE1,8163,46.81777075,98.35226149,72.60951093,1
CE1,8164,44.91896524,-177.2183771,57.35517167,1
CE1,8165,44.4930576,-171.3083374,21.26512752,4
CE1,8166,44.67285738,-162.9682216,21.56032921,2
CE1,8167,44.41727477,-108.0485,28.55328878,4
CE1,8168,44.60402785,-99.93251743,26.44551065,2
CE1,8169,44.17749307,-88.04165924,22.74086497,3
CE1,8170,45.13573705,-82.26138095,20.88869146,4
CE1,8171,45.37158052,13.50249483,28.0020718,2
CE1,8172,45.0391249,51.52021088,57.63889767,1
CE1,8173,45.44446002,77.46776215,74.89889376,1
CE1,8174,45.18065594,112.7486934,20.99915082,2
CE1,8175,45.5833325,124.8188582,37.01373675,2
CE1,8176,42.61590139,-177.1169273,20.7060756,2
CE1,8177,43.58913761,-170.5462844,20.28622902,3
CE1,8178,43.489943,-123.9029776,38.53472227,2
CE1,8179,43.11564902,-108.5345152,22.03518286,2
CE1,8180,43.02602756,-83.99310514,20.38132921,2
CE1,8181,43.14491992,55.40597347,20.52069482,3
CE1,8182,43.26529953,69.37065395,21.91852543,2
CE1,8183,43.64379581,76.7340207,22.83074568,2
CE1,8184,43.53785043,82.1556858,21.09747884,2
CE1,8185,43.28934695,104.7813465,38.28450879,2
CE1,8186,43.22577243,113.6475856,20.82764312,2
CE1,8187,43.91974042,127.4235223,30.53821901,4
CE1,8188,43.21201787,152.0427892,22.80184291,2
CE1,8189,41.8191526,-176.0363691,21.23349064,2
CE1,8190,41.21145241,-168.9655553,28.53619289,2
CE1,8191,40.57117808,-159.9318061,23.7694477,4
CE1,8192,41.95264196,-154.550249,59.63970147,2
CE1,8193,41.82266905,-150.4639461,20.43240818,2
CE1,8194,41.92807277,-119.6586018,23.48496763,2
CE1,8195,41.97018558,-82.35103425,24.3958057,2
CE1,8196,40.76623381,-0.87270337,22.16011526,4
CE1,8197,40.77874083,55.78346103,22.52370289,4
CE1,8198,41.86660839,75.16272872,23.39228014,2
CE1,8199,41.16351364,78.69931532,48.2302267,1
CE1,8200,41.52308161,83.48397016,22.94436789,3
CE1,8201,41.98947799,94.0394661,67.04182195,1
CE1,8202,40.85016432,96.82107757,21.23147985,3
CE1,8203,42.05082403,111.031125,20.27167617,5
CE1,8204,41.56722603,112.8949698,21.22473533,2
CE1,8205,40.71975858,174.5882339,23.83678051,2
CE1,8206,42.16634408,176.1076213,21.80858116,2
CE1,8207,40.16673736,-173.6180895,26.68660687,2
CE1,8208,40.19737984,-170.6972794,25.52446444,3
CE1,8209,40.1342773,-167.5971628,31.79980392,2
CE1,8210,39.88671209,-165.7356773,23.21869928,2
CE1,8211,39.18620083,-162.748807,27.89776103,3
CE1,8212,40.38094394,-151.7592003,47.17544829,2
CE1,8213,38.75698766,-135.843381,22.43077502,2
CE1,8214,40.29822185,-130.9171683,32.69849426,2
CE1,8215,39.3761265,-127.8217703,23.54060345,2
CE1,8216,38.96458202,-100.0174521,20.76282462,2
CE1,8217,39.52915185,-98.38245913,21.20431592,3
CE1,8218,38.89667539,-94.25132963,20.91208048,2
CE1,8219,40.24241716,-91.2621,26.48318765,2
CE1,8220,39.10203107,-83.07297921,23.98196936,2
CE1,8221,39.83238093,-79.74637007,27.72253267,3
CE1,8222,40.46894935,-23.09256497,27.07784418,3
CE1,8223,40.3917263,-20.61530284,22.85058868,4
CE1,8224,39.50185056,9.1425135,31.5112324,2
CE1,8225,40.27482549,13.66292705,84.16669523,1
CE1,8226,38.82686579,28.56660784,21.21321169,3
CE1,8227,39.78888504,63.34972734,20.72894296,2
CE1,8228,38.96641643,64.40433322,29.57729958,2
CE1,8229,39.13680904,68.87520153,32.9084985,2
CE1,8230,39.82875733,78.92816715,40.11168996,2
CE1,8231,40.07653223,95.332361,21.48081813,5
CE1,8232,39.92290896,115.6482697,21.62795996,2
CE1,8233,39.37247894,120.4942663,23.83924738,2
CE1,8234,38.99759417,136.4360379,20.86529609,2
CE1,8235,39.54552747,141.9355598,22.42796562,2
CE1,8236,38.97191939,166.6893066,25.31353398,2
CE1,8237,38.23442794,-176.4869949,33.42395162,2
CE1,8238,37.32821334,-175.0218713,26.31471044,4
CE1,8239,38.46570787,-168.7744522,52.54142655,2
CE1,8240,37.56609416,-167.7363614,28.81952897,4
CE1,8241,37.25125576,-165.2378656,22.75003509,2
CE1,8242,36.97091849,-107.7889773,24.12575721,2
CE1,8243,37.92614778,-101.6335708,21.71402661,2
CE1,8244,38.02471579,-97.99789367,24.48623085,2
CE1,8245,36.99165,-88.1619834,21.7510163,3
CE1,8246,37.57357418,-86.55766126,25.12628748,2
CE1,8247,37.28692881,-85.63989463,21.24158561,2
CE1,8248,38.23257472,-78.90646025,32.36520507,2
CE1,8249,37.04251247,-73.14741563,32.47026411,3
CE1,8250,37.05569347,6.09666073,26.87013916,5
CE1,8251,37.01049192,38.63844784,32.06310218,2
CE1,8252,37.18173868,39.73080247,20.51962748,5
CE1,8253,36.79919588,42.09717763,23.15602099,2
CE1,8254,37.4275784,59.79426637,20.07592356,4
CE1,8255,38.27889097,83.19613589,28.75626808,2
CE1,8256,38.54140673,93.23494574,55.3739786,1
CE1,8257,37.46316777,110.4153484,21.87011085,5
CE1,8258,38.53956136,112.0810123,21.50429392,2
CE1,8259,38.0563039,138.0238449,29.81041395,2
CE1,8260,38.59121374,172.247811,23.59100706,2
CE1,8261,38.63914342,176.9994357,22.9837483,5
CE1,8262,37.2287167,177.7544108,23.93906761,3
CE1,8263,36.11798344,-179.4998175,20.9088201,5
CE1,8264,37.29255986,-177.5439601,56.10873995,1
CE1,8265,35.38465875,-156.0200912,42.75561645,2
CE1,8266,35.73780427,-144.67659,20.01623807,2
CE1,8267,36.12370079,-145.8538793,24.65131544,2
CE1,8268,34.97778211,-141.3169507,24.79403534,3
CE1,8269,35.69566229,-124.8868046,21.05865775,4
CE1,8270,36.33304913,-121.2912355,32.13383692,2
CE1,8271,35.49998583,-99.84286413,25.26246229,3
CE1,8272,35.92525662,-96.91261693,26.69384874,3
CE1,8273,35.7780099,-88.16670199,20.89058815,2
CE1,8274,37.04439561,-80.48483011,38.03911463,2
CE1,8275,36.66116141,-40.66697026,22.88064495,2
CE1,8276,36.03408119,41.89663736,24.46117409,3
CE1,8277,36.79163877,44.97787958,28.40544803,2
CE1,8278,36.61761971,53.85591517,27.80060278,3
CE1,8279,36.49443409,60.87010592,22.55309544,3
CE1,8280,35.45771842,67.1788668,20.60821909,4
CE1,8281,36.39004681,77.29789274,90.78208685,1
CE1,8282,35.34617969,88.13414506,22.42512352,2
CE1,8283,35.32500838,86.2089585,27.91905489,2
CE1,8284,35.8908598,89.20762531,20.02802148,2
CE1,8285,36.09701627,94.61985323,20.80410341,5
CE1,8286,36.46218393,96.71726849,50.45656146,1
CE1,8287,36.20369992,99.05061348,26.79287427,2
CE1,8288,35.68033242,110.4578157,22.01717568,2
CE1,8289,35.19979208,112.9633894,26.46486419,3
CE1,8290,36.75951276,112.6590401,51.67740186,1
CE1,8291,35.21521376,117.0850817,24.79146326,2
CE1,8292,35.78183795,141.5344792,20.05692274,2
CE1,8293,36.37105222,176.2468198,22.70788749,2
CE1,8294,34.70863424,-176.0363691,21.75277303,2
CE1,8295,33.20579361,-177.7539376,33.77773303,2
CE1,8296,33.25513082,-167.7859066,20.28285487,3
CE1,8297,33.20184543,-141.7416242,22.68024902,2
CE1,8298,33.61739476,-139.6253345,22.89474556,2
CE1,8299,33.94683333,-137.3368162,20.7661063,3
CE1,8300,33.34780939,-131.9104325,26.03048598,2
CE1,8301,34.51251505,-100.6025579,22.54705028,3
CE1,8302,34.64460666,-77.76691967,43.82747644,2
CE1,8303,33.82736231,30.8362518,23.78045384,3
CE1,8304,33.77638941,37.036485,47.10477975,2
CE1,8305,34.85783929,48.28089574,21.7668783,2
CE1,8306,34.55527354,53.54448793,51.27769514,1
CE1,8307,34.90428956,78.42091824,20.96346583,2
CE1,8308,34.7163918,80.26824799,20.12112352,2
CE1,8309,33.67238914,98.36169868,26.7383089,3
CE1,8310,34.06222796,116.6226595,24.21288076,2
CE1,8311,34.83073118,118.1963108,22.61181643,2
CE1,8312,33.98401143,125.0288356,21.58797254,3
CE1,8313,33.96835947,136.1057363,20.39754008,2
CE1,8314,34.10912326,138.9345337,23.40204773,3
CE1,8315,33.44629542,141.6335697,20.02329222,5
CE1,8316,34.40746935,154.1095336,21.6572465,2
CE1,8317,34.21454268,155.2325591,25.59817719,2
CE1,8318,33.74304456,158.1887586,24.01346194,2
CE1,8319,31.19761585,-161.7767765,21.39909196,2
CE1,8320,31.63452943,-153.7858367,24.61133486,3
CE1,8321,32.81406182,-145.5707636,36.90478541,2
CE1,8322,32.41661221,-124.6815457,24.45555081,3
CE1,8323,31.59434613,-123.7684977,21.15585424,3
CE1,8324,31.24603808,-121.8999342,20.39602623,2
CE1,8325,32.62350619,-116.6127491,21.00710472,2
CE1,8326,33.96248925,-112.2055818,21.39547681,2
CE1,8327,31.56821768,-82.44304684,24.96095519,2
CE1,8328,32.89333972,32.61988053,23.94056343,3
CE1,8329,32.43254403,36.38060036,22.33400182,3
CE1,8330,32.79026464,37.385661,24.41023085,1
CE1,8331,31.46161824,40.86090586,27.71161549,2
CE1,8332,32.3468774,42.9795548,36.06367368,2
CE1,8333,31.29846748,42.72710999,29.97840943,2
CE1,8334,31.41733373,47.75713175,23.51772309,2
CE1,8335,32.12336483,53.78277695,20.0564437,2
CE1,8336,31.10271719,60.80876419,23.15414646,2
CE1,8337,31.45759324,76.96759113,20.59070008,5
CE1,8338,32.06340212,103.6205723,23.67938367,3
CE1,8339,31.29645151,106.7348447,24.53609294,3
CE1,8340,32.70692437,108.214124,49.279246,2
CE1,8341,32.21323506,109.1271721,20.1011402,2
CE1,8342,31.86925369,112.7793642,31.65941681,2
CE1,8343,31.01581186,123.610898,25.01751058,2
CE1,8344,32.40864524,121.579543,25.80767456,2
CE1,8345,31.02794295,138.9982347,22.60442834,2
CE1,8346,31.58027787,142.5159469,23.64126831,2
CE1,8347,31.62448523,155.3576019,21.15838504,4
CE1,8348,31.13907258,158.7856608,21.03799336,2
CE1,8349,31.16330177,161.454026,22.75307104,3
CE1,8350,32.63145413,161.715908,35.50770059,2
CE1,8351,29.83794912,-179.0586289,25.52143537,3
CE1,8352,30.14037683,-177.6005832,76.64048979,1
CE1,8353,30.07914841,-174.7245999,22.73135658,2
CE1,8354,29.48943295,-167.3565145,24.15262975,2
CE1,8355,30.75462044,-163.8435209,47.56739631,2
CE1,8356,29.58795978,-154.288367,23.96012796,5
CE1,8357,29.185039,-152.7265122,20.34900303,2
CE1,8358,29.3805315,-121.873982,30.6306524,2
CE1,8359,30.16281775,-98.20551183,23.26989379,2
CE1,8360,29.49148657,-95.83913668,21.24032906,4
CE1,8361,30.86809333,-89.34870992,30.21653325,2
CE1,8362,30.76273009,33.69336078,25.61671894,2
CE1,8363,29.56949332,33.853793,21.57480625,2
CE1,8364,30.35234114,38.93807859,24.8879339,2
CE1,8365,29.80929346,40.3111896,23.77858075,2
CE1,8366,30.7079767,40.49049619,25.07475164,2
CE1,8367,30.33808867,39.8770789,26.39586967,2
CE1,8368,30.82150461,46.57984242,25.97970967,2
CE1,8369,28.94169715,50.55289901,22.48779692,2
CE1,8370,29.88296284,64.3382729,20.31978575,2
CE1,8371,29.38258733,79.72796892,20.14161158,2
CE1,8372,29.1067374,89.79744963,25.13598707,3
CE1,8373,30.07914841,128.0676105,23.95173883,2
CE1,8374,29.69253923,128.8980831,21.82515812,2
CE1,8375,29.70073694,138.5381717,22.31548267,5
CE1,8376,30.81137364,140.4822327,23.99375696,3
CE1,8377,29.1829792,153.6942973,25.45775128,2
CE1,8378,28.24566405,-165.8300492,23.82163977,2
CE1,8379,27.24132059,-155.4019553,26.60166963,2
CE1,8380,28.3578368,-151.6129239,24.47650132,2
CE1,8381,28.79913841,-140.6822997,22.67786206,2
CE1,8382,27.39015179,-130.1338817,23.4168583,3
CE1,8383,28.08342833,-128.8952506,53.43634602,2
CE1,8384,28.58804193,-124.0539726,21.58672863,3
CE1,8385,28.7763936,-118.8234106,21.66086842,2
CE1,8386,27.79579511,-106.2412783,31.4978693,2
CE1,8387,27.64333233,-104.7832326,24.63379642,2
CE1,8388,26.72622235,-86.51519391,20.34219162,2
CE1,8389,27.53878294,-85.86166857,32.99623287,2
CE1,8390,27.15738421,-73.74903644,26.4428335,3
CE1,8391,27.71228026,-25.42590996,21.65474761,4
CE1,8392,26.75150646,4.21394152,21.50074595,2
CE1,8393,27.4739123,6.87994742,24.77137105,3
CE1,8394,26.92413052,32.5608981,23.00868582,2
CE1,8395,28.15625683,34.75504455,42.10673192,2
CE1,8396,27.15108644,37.32195997,28.58890326,2
CE1,8397,28.4989229,39.28725459,29.83511343,2
CE1,8398,28.40972855,45.58185968,24.73415757,2
CE1,8399,28.73916411,44.26537181,25.40504058,3
CE1,8400,28.05844717,44.54612818,20.39831055,2
CE1,8401,27.24971075,77.03601075,31.96617507,2
CE1,8402,27.18257176,85.6875538,23.02509324,3
CE1,8403,28.96853413,117.3186522,62.13335255,1
CE1,8404,26.92413052,122.4642795,22.10038718,5
CE1,8405,30.04239314,136.643656,24.3541525,2
CE1,8406,28.62118324,142.4144971,27.12363174,2
CE1,8407,27.22034242,160.4607619,28.06408314,3
CE1,8408,28.37236905,160.2389879,22.68054917,2
CE1,8409,28.72054439,176.2468198,25.78153275,4
CE1,8410,24.8398593,-178.6764228,27.27962529,4
CE1,8411,24.89979355,-164.6409634,21.81722337,2
CE1,8412,26.31245579,-164.4545789,28.67803522,2
CE1,8413,25.69753483,-159.5543185,21.22463684,2
CE1,8414,25.96722391,-161.3733367,26.04930507,2
CE1,8415,26.31245579,-148.1282419,29.24577178,2
CE1,8416,26.41603709,-137.2801931,87.42056898,1
CE1,8417,25.59331762,-130.4594647,20.26438226,4
CE1,8418,26.02448003,-124.5706587,22.65124471,3
CE1,8419,24.67703439,-121.5790698,22.93014653,2
CE1,8420,25.91630617,-123.5160528,23.6256943,2
CE1,8421,26.30822602,-116.4593947,20.43203324,2
CE1,8422,25.59970088,-107.7748215,20.37746113,5
CE1,8423,24.99177879,-98.95812766,20.94686319,2
CE1,8424,25.45919058,-96.7710591,24.35851452,2
CE1,8425,26.5321911,-93.26278407,23.61840083,2
CE1,8426,26.59549835,-90.11548153,27.50119944,2
CE1,8427,25.71454123,-89.51150143,20.99200935,4
CE1,8428,25.5656529,-90.89169033,36.75360369,2
CE1,8429,26.47307281,-88.1596241,36.3683885,2
CE1,8430,25.24384948,-83.34665769,24.79982417,4
CE1,8431,26.48152014,-78.24349772,23.3982898,2
CE1,8432,26.65244495,-75.79926576,88.84811618,1
CE1,8433,26.59549835,-40.96660101,20.48495491,3
CE1,8434,26.74307905,33.81604424,35.89270914,2
CE1,8435,26.10289676,33.47394614,27.81108306,2
CE1,8436,26.11348959,34.3657605,28.19010585,2
CE1,8437,25.352634,38.06277931,26.47322225,2
CE1,8438,26.5638491,39.81809647,59.52688481,1
CE1,8439,24.8527048,44.69004531,30.01190755,2
CE1,8440,25.78254254,52.58425395,31.63873564,2
CE1,8441,26.38011124,75.11318348,20.54993573,2
CE1,8442,26.2257145,92.18033986,29.11059146,2
CE1,8443,25.79953678,106.4352139,27.05783827,2
CE1,8444,26.37588393,113.0719171,35.27593615,2
CE1,8445,24.92547076,117.1558607,35.90431828,2
CE1,8446,25.92903767,119.4632534,22.92819182,2
CE1,8447,25.32704643,130.0706539,25.74094848,3
CE1,8448,25.99479516,134.5132106,20.55619006,5
CE1,8449,25.81652858,140.8573609,21.14944015,5
CE1,8450,25.73792107,146.1469054,20.99076731,3
CE1,8451,25.93115945,167.0196083,21.53944399,2
CE1,8452,26.35263099,173.2811832,26.07519648,2
CE1,8453,26.70725558,175.1969326,21.21111081,2
CE1,8454,25.94601086,176.58184,21.07192813,5
CE1,8455,25.10506129,177.6317273,21.92144122,5
CE1,8456,23.50539857,-176.7205654,20.19024595,5
CE1,8457,23.66324133,-166.0754161,27.54025462,2
CE1,8458,22.43887292,-158.3322025,21.11282248,2
CE1,8459,22.86562232,-155.4043146,30.49087565,2
CE1,8460,24.43884209,-155.0032341,71.61805039,1
CE1,8461,24.21526178,-151.9267104,21.24575684,2
CE1,8462,22.76776161,-148.1659906,21.18856856,5
CE1,8463,24.56335938,-149.2064407,39.85293863,2
CE1,8464,22.62192789,-146.9108445,21.13138131,5
CE1,8465,22.51299582,-140.6280359,20.39142426,5
CE1,8466,23.60704513,-138.3418768,22.77370785,2
CE1,8467,23.09585987,-139.4979325,24.66487421,2
CE1,8468,23.2195042,-136.4284867,23.89506008,3
CE1,8469,23.3928471,-130.9690729,24.45828542,2
CE1,8470,24.13777688,-127.9444538,21.44010207,2
CE1,8471,22.8634484,-122.1264268,23.25572007,2
CE1,8472,23.08066761,-117.3087418,24.64005314,2
CE1,8473,23.79283265,-117.8277871,66.11779868,2
CE1,8474,24.61055778,-116.1243745,29.99462476,2
CE1,8475,22.83083546,-91.46264026,20.52723574,2
CE1,8476,23.47077757,-58.7934511,28.8214755,3
CE1,8477,24.17652521,34.40350926,51.16174093,1
CE1,8478,23.86621045,36.22960534,41.62454066,2
CE1,8479,24.39157917,38.95459367,38.40367833,2
CE1,8480,24.25613761,40.23569209,25.82520555,2
CE1,8481,22.90040028,46.73083744,24.07630472,2
CE1,8482,23.38418533,49.59738361,34.14925229,2
CE1,8483,23.85757993,48.64658682,36.73557197,2
CE1,8484,24.11839831,57.22263236,20.67387999,3
CE1,8485,22.53478912,82.96256547,22.14765886,2
CE1,8486,22.70901148,100.0769078,28.89363371,2
CE1,8487,23.60704513,103.9084065,31.89453465,2
CE1,8488,22.8330099,109.4291621,20.16377317,5
CE1,8489,23.64163026,117.46021,31.53194296,2
CE1,8490,22.91126656,121.6243697,22.45511071,2
CE1,8491,24.37223924,125.1774713,21.28908941,2
CE1,8492,23.86621045,126.5505823,35.55985816,2
CE1,8493,23.67188476,137.714777,20.26888225,5
CE1,8494,24.27334456,140.4680769,27.70323692,2
CE1,8495,24.24753326,146.3002597,22.62419117,3
CE1,8496,22.50427754,145.4226011,23.21818952,2
CE1,8497,22.75688386,157.7522886,20.00939869,5
CE1,8498,24.23677701,160.2271914,22.41702494,2
CE1,8499,22.84388157,167.6990859,21.53744925,2
CE1,8500,23.91366808,168.1402744,23.53680516,2
CE1,8501,22.08734292,-178.5631765,22.83750214,2
CE1,8502,21.11779568,-168.939603,22.82411229,2
CE1,8503,22.27959297,-167.6066,27.08035121,3
CE1,8504,20.41186687,-165.9763256,20.39615314,2
CE1,8505,21.34650707,-159.0470696,21.04746552,2
CE1,8506,21.42120098,-155.2698347,26.37240838,3
CE1,8507,22.14198614,-137.8440651,94.92598069,1
CE1,8508,21.50683226,-128.6546023,23.12191718,2
CE1,8509,21.42998599,-125.9909557,23.30584361,2
CE1,8510,20.90636395,-122.7988265,20.14539801,5
CE1,8511,20.48923787,-116.8062114,24.7288734,2
CE1,8512,21.74589294,-118.4765939,27.56717751,2
CE1,8513,21.1574057,-118.0306867,22.07654789,2
CE1,8514,22.4236074,-114.3053563,22.66361167,2
CE1,8515,20.66593916,-115.8601332,21.49708598,2
CE1,8516,21.89920891,-108.8836912,21.20410828,2
CE1,8517,21.24319105,-100.2179924,20.10196128,2
CE1,8518,21.84447207,-101.2324902,30.89120694,2
CE1,8519,20.45387311,-99.32145944,21.05446404,2
CE1,8520,20.804947,-97.18157682,26.78413705,2
CE1,8521,22.3036057,-88.47812923,21.0181786,2
CE1,8522,20.98788875,-88.25163669,20.49237938,2
CE1,8523,21.50244214,-84.42013794,24.73951549,2
CE1,8524,21.71301817,-46.51330887,21.28723985,3
CE1,8525,21.65163184,31.46146558,31.91311352,2
CE1,8526,20.92619839,40.89393602,20.08122819,5
CE1,8527,21.50244214,42.14908216,21.32363671,2
CE1,8528,22.45413676,61.31365381,26.77536766,3
CE1,8529,22.16165252,64.38545884,20.2730929,3
CE1,8530,20.65269367,76.92276448,26.0630285,2
CE1,8531,21.8510416,76.82603329,28.98434613,2
CE1,8532,20.57761409,84.23894528,23.9718429,2
CE1,8533,22.52171355,102.9906399,31.61472902,2
CE1,8534,21.42778979,113.7325203,24.51359974,3
CE1,8535,20.42292225,113.975528,21.27304025,2
CE1,8536,21.14420354,127.4117258,20.41652364,2
CE1,8537,22.41706452,128.1147964,23.09821994,2
CE1,8538,21.3399146,163.9100545,26.4475121,2
CE1,8539,19.64714762,-169.9045556,29.82232738,2
CE1,8540,18.84081235,-165.8135341,20.10796199,2
CE1,8541,19.92686709,-161.1751557,22.14964909,2
CE1,8542,19.26452111,-158.1646924,21.39224748,2
CE1,8543,18.91448136,-157.2658001,22.15951936,2
CE1,8544,20.27692735,-155.3288171,26.78351711,2
CE1,8545,19.13752225,-152.7925725,20.18943005,5
CE1,8546,20.13522515,-151.9267104,24.88261825,2
CE1,8547,19.26006667,-126.7907574,24.67347712,2
CE1,8548,19.98230842,-123.2093442,26.64259865,2
CE1,8549,18.45408153,-117.6956665,24.175248,2
CE1,8550,18.20100466,-111.7408002,23.90647295,2
CE1,8551,19.52934158,-105.849635,25.9060663,2
CE1,8552,18.53015585,-101.3952817,20.4507757,2
CE1,8553,19.75154484,-95.85093317,25.35927765,2
CE1,8554,19.47596714,-96.87722748,20.26586293,3
CE1,8555,18.37797348,-95.12191031,21.25845933,4
CE1,8556,19.91577649,-94.07910093,21.52935065,4
CE1,8557,19.55157573,-91.8637208,43.57940045,2
CE1,8558,19.54490581,-89.65541856,22.80669839,2
CE1,8559,19.64714762,-79.09756332,28.4365425,2
CE1,8560,18.72019335,-4.32671456,22.01012255,4
CE1,8561,19.16649553,35.90402232,20.61523448,2
CE1,8562,19.52489438,40.44331025,23.42413257,5
CE1,8563,18.19876339,48.19360175,23.54281017,2
CE1,8564,18.71348977,49.9512782,23.04378996,2
CE1,8565,19.74488323,75.18868099,32.91733274,2
CE1,8566,19.31351195,79.07680288,27.29084998,2
CE1,8567,18.28839159,80.78729339,28.11800302,2
CE1,8568,18.75370729,99.74896547,30.41332255,2
CE1,8569,18.65538092,107.4096037,22.91697933,2
CE1,8570,19.64048165,126.22264,21.95190955,5
CE1,8571,19.98452566,128.3058995,21.52507942,2
CE1,8572,19.53156513,129.6082316,72.69409571,1
CE1,8573,19.99339434,133.3453585,23.5530475,2
CE1,8574,18.51449626,143.7852488,27.41042167,2
CE1,8575,20.10864165,153.0714428,32.34748999,3
CE1,8576,19.14866642,162.0273352,21.30372251,2
CE1,8577,17.29096693,-174.0356851,20.28729856,5
CE1,8578,17.48009406,-158.6648634,24.0110222,2
CE1,8579,16.26546049,-148.4726993,22.04130117,2
CE1,8580,16.38772502,-142.1898907,31.35576305,2
CE1,8581,17.30448249,-126.7742424,25.07989093,2
CE1,8582,17.68925565,-124.7428874,32.98808309,2
CE1,8583,15.800619,-122.7492812,22.92425661,2
CE1,8584,15.83920789,-121.2534868,20.31576461,2
CE1,8585,16.58680639,-114.3643388,20.36038662,2
CE1,8586,17.37880026,-114.7205927,23.46813371,2
CE1,8587,15.95946705,-113.0077428,25.25729985,2
CE1,8588,16.29263699,-106.1492657,26.04493601,2
CE1,8589,17.21886723,-104.3915893,25.51073164,2
CE1,8590,17.98795593,-103.3841693,20.56366226,2
CE1,8591,17.3630384,-99.59277862,24.92929304,3
CE1,8592,17.34502319,-93.8408119,20.3222639,2
CE1,8593,17.72521599,-95.77071706,45.44141548,2
CE1,8594,16.33792277,-81.29642837,20.51199485,2
CE1,8595,17.85551165,-77.98869361,20.49051308,2
CE1,8596,16.07512001,-76.46222829,21.94424474,2
CE1,8597,17.06105121,-6.67421533,25.78521378,2
CE1,8598,17.78363615,0.12763867,22.97321027,2
CE1,8599,16.97306715,-0.2474896,31.52449549,2
CE1,8600,17.99693161,2.04574734,67.12080573,1
CE1,8601,17.28420878,6.57087948,20.14707842,2
CE1,8602,16.3084882,15.97975696,29.40883166,5
CE1,8603,17.74544051,33.86087089,20.84873697,4
CE1,8604,17.04977351,33.27576517,20.12177774,2
CE1,8605,16.32886645,33.00444599,22.1785592,2
CE1,8606,17.90041911,35.81436902,33.75968397,2
CE1,8607,16.65688841,80.09601929,23.80944542,2
CE1,8608,17.77240298,102.7146021,20.72404527,5
CE1,8609,17.82406969,109.4055692,46.8854868,2
CE1,8610,16.83085199,114.10293,27.91482654,2
CE1,8611,17.09262513,115.7426416,26.21731523,2
CE1,8612,16.56871655,119.9657837,24.18690526,2
CE1,8613,16.47824193,121.4332666,21.97914137,2
CE1,8614,17.89368371,123.8279533,22.24204294,2
CE1,8615,17.11968423,125.8144816,26.88215539,2
CE1,8616,16.21109622,124.4508078,42.96796261,2
CE1,8617,16.64332615,140.2533808,25.29177014,2
CE1,8618,17.64204679,142.6858163,24.54374903,2
CE1,8619,16.14085351,161.803202,40.16487955,2
CE1,8620,17.04075086,173.5407059,30.45461025,2
CE1,8621,17.87123055,177.8417048,29.82104071,2
CE1,8622,13.55040825,-172.1883553,21.39442237,5
CE1,8623,14.39750542,-157.2115363,26.02575709,2
CE1,8624,14.16429379,-154.3733017,27.65082964,2
CE1,8625,15.06832904,-149.5013529,29.09066936,2
CE1,8626,14.07048409,-145.9789221,22.33090386,5
CE1,8627,15.91863238,-145.4032535,34.43514434,2
CE1,8628,15.37338438,-142.8410567,22.65843976,2
CE1,8629,13.99723999,-141.5198502,21.30488244,2
CE1,8630,14.87231605,-140.208081,20.97163535,5
CE1,8631,15.25733335,-135.8150695,21.97263573,2
CE1,8632,13.73611891,-136.4615169,20.5090204,2
CE1,8633,13.60086262,-131.7334852,27.8404917,2
CE1,8634,15.75294022,-131.1460202,26.32462993,2
CE1,8635,15.59620269,-129.0438863,20.77482529,5
CE1,8636,14.97718251,-128.1355569,24.5605328,3
CE1,8637,14.89511745,-120.4395292,56.7372926,2
CE1,8638,15.2869211,-110.1742268,22.54358465,2
CE1,8639,14.35636801,-102.8745611,24.50072122,2
CE1,8640,15.15260484,-98.00969016,21.00307114,2
CE1,8641,14.23977103,-99.03834377,27.32814722,2
CE1,8642,13.95145056,-94.81284237,22.03274273,2
CE1,8643,13.94000178,-93.34300018,22.80718707,2
CE1,8644,15.70070775,-95.24931237,37.71717446,2
CE1,8645,15.1298309,-91.58768302,23.11658844,2
CE1,8646,13.87358768,-91.81653485,23.69092158,2
CE1,8647,14.00639678,-89.64598137,25.55149962,2
CE1,8648,14.63503917,-85.65169111,27.19187242,2
CE1,8649,15.75066952,-83.0753385,29.4012202,4
CE1,8650,13.98579349,-29.54052438,40.59897358,2
CE1,8651,15.44844182,-23.83102501,26.15132105,3
CE1,8652,13.9125224,-20.75450138,28.49915121,2
CE1,8653,15.55984061,-1.97921379,26.7934528,2
CE1,8654,15.10933226,14.03569601,49.76435365,2
CE1,8655,15.02731792,17.19715434,24.48095906,2
CE1,8656,15.82104933,45.47097271,30.16121269,2
CE1,8657,15.66890752,48.04968461,20.27222906,2
CE1,8658,15.34608405,46.8511616,21.17250787,5
CE1,8659,14.71035695,48.42009428,20.82925018,2
CE1,8660,13.78882485,65.58634115,39.12505943,2
CE1,8661,14.56197905,69.89441794,20.67158561,2
CE1,8662,14.79933536,103.7267407,23.6552977,2
CE1,8663,14.28778888,111.3685045,23.89563249,2
CE1,8664,13.90107169,115.563335,25.000733,5
CE1,8665,14.23062362,123.5424783,26.45201375,3
CE1,8666,14.4637664,126.1565797,24.18931278,2
CE1,8667,14.10023281,139.4842499,23.35009043,1
CE1,8668,14.5870962,141.0791349,22.61922168,5
CE1,8669,13.58481012,148.9804214,25.99252122,2
CE1,8670,15.43479703,151.6110378,21.13142669,5
CE1,8671,15.26643772,153.2460308,23.55676448,2
CE1,8672,14.03844267,177.9997777,24.11099847,5
CE1,8673,12.72329663,-176.4846356,29.58183466,3
CE1,8674,13.34618846,-168.7862487,32.3888368,2
CE1,8675,11.74799671,-165.5941195,51.56563672,1
CE1,8676,13.08205336,-159.41512,21.7817061,5
CE1,8677,12.43085617,-161.6116257,27.91676397,2
CE1,8678,12.36864109,-156.4589205,22.88343208,2
CE1,8679,11.61861339,-148.4325912,29.62895118,4
CE1,8680,12.61050476,-145.8774723,23.68447722,2
CE1,8681,11.89117167,-140.9323852,23.37442747,1
CE1,8682,12.76701879,-142.2653882,25.98985325,2
CE1,8683,12.09887207,-138.0068566,23.98470341,3
CE1,8684,11.37354521,-132.224219,21.3263002,5
CE1,8685,11.87962808,-125.2572142,20.79283117,5
CE1,8686,11.93734112,-126.0121893,31.05145624,2
CE1,8687,13.03608776,-120.3687503,27.3354061,2
CE1,8688,11.72489699,-119.1065263,23.06554266,2
CE1,8689,13.19922681,-100.2439447,22.75515843,4
CE1,8690,11.79188086,-102.3366413,20.85482089,2
CE1,8691,12.96712335,-98.80949193,24.07831799,2
CE1,8692,12.31793636,-97.57793876,26.14411318,2
CE1,8693,12.00427284,-93.50579169,21.66168511,4
CE1,8694,12.34789943,-94.80812378,28.60697387,2
CE1,8695,12.43546411,-90.89404962,23.51567348,2
CE1,8696,12.66805787,-82.87243894,31.6718628,4
CE1,8697,11.90733187,-83.4221552,23.68043388,2
CE1,8698,13.19692983,-81.91928285,23.37216087,2
CE1,8699,12.70718656,-80.04128223,25.73731581,4
CE1,8700,12.82453643,-34.89612916,28.2516432,3
CE1,8701,13.04528156,13.99322866,34.7465257,2
CE1,8702,11.70179532,21.81193978,27.67804685,4
CE1,8703,12.45159123,50.20372301,20.74813164,2
CE1,8704,12.31563137,49.58086853,20.69517822,2
CE1,8705,11.51460107,52.91455556,27.17138087,2
CE1,8706,12.80383159,50.77703224,20.71005934,2
CE1,8707,12.39168545,65.14043396,25.84305749,2
CE1,8708,13.85755384,67.0042788,30.46046754,2
CE1,8709,11.77340418,74.80411554,20.09953696,2
CE1,8710,11.79419036,95.87499937,33.44183055,2
CE1,8711,13.11652194,97.87568345,34.67689289,2
CE1,8712,12.49305637,107.301076,21.18475883,2
CE1,8713,12.73480319,108.936069,25.38700691,2
CE1,8714,11.5469646,114.0274325,24.63592079,2
CE1,8715,12.35020414,116.72175,37.43944617,2
CE1,8716,13.5160014,121.2398042,29.52272936,2
CE1,8717,12.07118794,150.3865626,20.65062754,5
CE1,8718,12.9165373,152.7435005,21.20639664,5
CE1,8719,12.91193805,156.1196549,20.63634941,5
CE1,8720,13.85297254,169.4897925,21.25466304,2
CE1,8721,12.53912095,176.9593276,20.98649336,5
CE1,8722,14.69666474,177.263677,21.29974373,5
CE1,8723,11.02175951,-177.7822491,22.61675913,5
CE1,8724,9.6570538,-174.2055545,29.83091859,2
CE1,8725,10.52345166,-171.2540736,32.26947079,2
CE1,8726,10.07312266,-163.5674831,36.74269992,2
CE1,8727,10.39352601,-157.4120766,23.74909189,2
CE1,8728,10.52345166,-142.557941,21.31778235,2
CE1,8729,10.41209014,-139.8305934,21.21381823,2
CE1,8730,10.50257443,-119.4273907,22.65574743,2
CE1,8731,9.63379435,-118.7880211,27.05928816,2
CE1,8732,9.4313699,-112.6326146,22.67557432,2
CE1,8733,9.9128009,-112.0003229,21.40769117,2
CE1,8734,10.50953366,-104.016461,36.77505762,2
CE1,8735,10.07544558,-101.1805857,22.92047492,2
CE1,8736,10.8781463,-97.84218006,21.93656084,2
CE1,8737,10.37496077,-87.27724693,21.51560203,3
CE1,8738,9.80122639,-85.67292479,26.09858552,2
CE1,8739,9.04480703,-79.77940023,25.43448326,2
CE1,8740,12.27183265,-73.50131022,26.0628748,2
CE1,8741,10.30533134,-38.9918692,24.19929595,3
CE1,8742,9.68961433,7.74345022,20.43349023,3
CE1,8743,9.05412676,12.77583128,22.12441464,2
CE1,8744,11.23010536,14.23859558,39.21663019,2
CE1,8745,10.19157023,15.80045037,21.60742231,3
CE1,8746,11.04028516,42.116052,95.13159678,1
CE1,8747,9.64077235,47.93171975,24.81927642,2
CE1,8748,10.05453869,50.12114761,27.92079962,2
CE1,8749,11.14215529,51.45179126,23.50071295,2
CE1,8750,10.52809086,53.72379452,21.51989984,1
CE1,8751,9.3289489,56.89704934,26.72141141,2
CE1,8752,9.33360505,64.40197392,26.40587909,3
CE1,8753,9.4336973,65.7113839,23.62689679,2
CE1,8754,9.82214948,68.40098278,23.53757384,2
CE1,8755,11.26944277,73.38617789,43.61658557,2
CE1,8756,9.89885616,83.81191248,22.83446296,4
CE1,8757,9.60588089,91.32391496,25.36217112,4
CE1,8758,9.26142768,97.77187437,25.10084634,3
CE1,8759,10.75532527,99.8952419,27.57258941,2
CE1,8760,10.05221562,105.189505,25.04196545,2
CE1,8761,10.142803,124.9533381,20.09099183,5
CE1,8762,9.79192681,124.0591644,22.51737204,4
CE1,8763,9.08674388,127.0743463,20.08752444,5
CE1,8764,9.07509525,129.0089701,22.89786755,2
CE1,8765,9.16128615,130.9247195,26.95180873,3
CE1,8766,9.06810589,132.5833054,26.38314192,3
CE1,8767,12.48384247,137.6156865,22.128229,5
CE1,8768,9.90118032,153.9986467,21.30257368,5
CE1,8769,10.23800827,152.7623749,21.20512592,2
CE1,8770,10.45617552,156.6504968,27.16351876,5
CE1,8771,10.37264004,167.2909274,29.57592109,2
CE1,8772,9.30101067,170.6788783,21.89099431,5
CE1,8773,10.45849563,176.669134,33.74554307,2
CE1,8774,8.52952408,-173.2901471,29.53553245,3
CE1,8775,7.31442123,-167.3541552,24.00050346,2
CE1,8776,8.09764178,-144.1882154,31.61757953,2
CE1,8777,7.5273189,-142.0200213,26.74524019,2
CE1,8778,7.8149151,-137.1622282,20.98591127,2
CE1,8779,8.83971249,-131.9363848,28.43933323,2
CE1,8780,8.70214179,-126.2481191,24.10308673,2
CE1,8781,7.27463779,-121.9966654,24.89724681,2
CE1,8782,7.51328488,-116.2116685,20.27376274,5
CE1,8783,8.14669004,-102.2564252,29.14485971,2
CE1,8784,8.76510419,-87.18759363,78.23832811,1
CE1,8785,6.85318871,-78.20810826,25.56815462,2
CE1,8786,8.68581647,-68.48308495,54.47640689,2
CE1,8787,7.46182292,-45.76777093,21.17680962,4
CE1,8788,7.10142197,-19.82965686,22.87251391,5
CE1,8789,6.73370936,-2.36849783,22.12111087,4
CE1,8790,8.04625148,0.73869666,20.78215711,2
CE1,8791,7.96915384,2.26044339,24.229668,2
CE1,8792,8.49919125,1.38278481,22.98645891,2
CE1,8793,6.73839538,12.13646172,27.73675173,2
CE1,8794,7.99485467,12.05860491,42.33303784,2
CE1,8795,7.36590042,43.39243182,27.32928909,2
CE1,8796,7.56474074,44.9590052,25.29685216,2
CE1,8797,6.90003521,58.21117791,29.44183699,2
CE1,8798,7.03352221,75.39629915,24.21715974,3
CE1,8799,7.46416223,77.26722188,29.22598011,2
CE1,8800,8.51319131,94.56558939,21.32068798,4
CE1,8801,8.14902552,95.92926321,43.14909629,2
CE1,8802,6.97029626,99.47292769,26.26391575,1
CE1,8803,8.68348422,100.7540261,32.14145801,2
CE1,8804,6.99371428,100.6030311,30.28833445,3
CE1,8805,6.96092873,101.5821394,21.92132678,2
CE1,8806,8.58551682,105.3688115,41.56299319,2
CE1,8807,7.54603022,111.7648664,25.97684971,2
CE1,8808,7.54135247,116.2664056,28.53053364,2
CE1,8809,7.03352221,137.5944528,25.94433582,3
CE1,8810,7.71439548,140.1542904,20.28834598,5
CE1,8811,8.01354517,142.4357308,34.23798518,3
CE1,8812,8.510858,149.7637081,22.01474196,2
CE1,8813,7.47118009,153.0148197,21.2566538,1
CE1,8814,8.04157932,152.2173772,24.50893451,2
CE1,8815,8.38250421,171.17669,26.17990313,5
CE1,8816,6.15699314,-173.6228081,26.30435498,2
CE1,8817,6.25081234,-168.9372437,26.55266792,2
CE1,8818,4.22099299,-153.0827661,25.74547796,2
CE1,8819,5.3988173,-150.0156797,21.40852868,2
CE1,8820,6.53216801,-152.089502,48.08813997,2
CE1,8821,5.13804187,-151.1858911,27.10946252,2
CE1,8822,5.87309018,-133.4486943,23.31371931,3
CE1,8823,4.37862094,-119.1773052,22.61433521,2
CE1,8824,5.55382015,-119.3636897,28.19726921,3
CE1,8825,4.38567814,-117.4668147,31.77329364,2
CE1,8826,6.05846515,-115.5652211,23.81979093,2
CE1,8827,4.4844719,-110.6106968,22.9116025,2
CE1,8828,5.30015841,-109.4947492,20.45173114,4
CE1,8829,5.98103766,-98.87083366,24.3067901,3
CE1,8830,5.54442719,-97.34908693,76.81046727,1
CE1,8831,6.73605238,-92.69183414,91.35523109,1
CE1,8832,6.1734127,-88.78955647,28.74060809,2
CE1,8833,4.33862889,-83.80200206,24.52525029,3
CE1,8834,5.70408703,-85.97019624,46.37147417,2
CE1,8835,5.45753523,-78.10193988,62.15688089,2
CE1,8836,7.23719133,-74.95227804,22.69591363,2
CE1,8837,6.47356506,8.05723676,30.06922808,2
CE1,8838,5.39177077,8.91130237,35.29960042,2
CE1,8839,5.41291012,17.67845098,26.27620005,2
CE1,8840,4.17863968,35.4038513,21.41712707,2
CE1,8841,6.24143117,35.26701206,23.03645807,3
CE1,8842,5.43639743,49.10429049,20.120239,2
CE1,8843,5.69234883,57.60719781,27.61057562,2
CE1,8844,5.31660266,79.02253904,26.92157332,5
CE1,8845,5.68765349,83.23860325,31.53212686,2
CE1,8846,5.13334222,85.90696845,46.68618121,2
CE1,8847,6.72668024,89.8234019,46.4875255,2
CE1,8848,4.66791036,91.22246517,22.78169804,2
CE1,8849,6.66107025,92.10720165,40.21173084,2
CE1,8850,5.52798915,94.76377036,24.33190654,2
CE1,8851,5.34009369,101.98322,21.78319559,2
CE1,8852,6.27895483,104.4416077,21.37607401,5
CE1,8853,5.06989354,103.5757456,28.9890572,2
CE1,8854,4.54797514,108.2447949,26.76501791,5
CE1,8855,5.94114649,109.919896,50.57986811,2
CE1,8856,6.5509195,119.7723213,35.43576253,2
CE1,8857,5.98338411,123.087134,23.36634182,2
CE1,8858,4.88186117,123.3230637,32.20123735,2
CE1,8859,4.7925272,137.5189553,23.80420233,3
CE1,8860,6.00919439,154.5153328,47.18557924,1
CE1,8861,4.55738255,157.8325047,21.56048832,5
CE1,8862,6.41261078,165.0189242,22.2026222,2
CE1,8863,4.40214469,166.3259749,31.25892436,2
CE1,8864,3.5854636,-177.3858872,92.27391101,1
CE1,8865,4.15040287,-159.5708336,29.47466253,2
CE1,8866,2.06561169,-159.2759214,23.61411196,2
CE1,8867,2.49701987,-158.0089788,21.28419302,5
CE1,8868,3.7432133,-157.1643504,20.80716585,5
CE1,8869,2.9871903,-155.661478,23.01908682,5
CE1,8870,3.06258262,-152.804369,40.31086498,2
CE1,8871,4.01626432,-142.8056672,23.37635987,1
CE1,8872,3.75498454,-130.0206354,28.52557255,3
CE1,8873,2.21414372,-123.3320277,21.68156807,5
CE1,8874,3.89151921,-110.0798549,27.29794022,2
CE1,8875,2.89529893,-107.6568567,20.05958306,5
CE1,8876,3.33818962,-101.7208648,26.35413031,5
CE1,8877,2.77747861,-102.2045207,26.81740131,5
CE1,8878,2.12219701,-84.94626123,24.57380949,2
CE1,8879,3.37116318,-83.27823807,23.15656535,2
CE1,8880,3.99978964,-74.43323264,22.1587845,3
CE1,8881,1.98072994,-72.17774446,22.00740818,2
CE1,8882,3.2463289,-32.48020876,21.91858803,3
CE1,8883,1.86283145,-9.83803296,22.32837734,3
CE1,8884,4.05862628,-1.48376136,27.74301774,2
CE1,8885,2.90001149,7.3329325,30.02493224,2
CE1,8886,3.78794317,6.85635445,23.37318039,2
CE1,8887,2.23771889,14.68214346,34.33869105,2
CE1,8888,2.02081354,13.52372851,26.32940442,2
CE1,8889,2.15520416,30.07419879,25.19548767,4
CE1,8890,2.44280645,32.53258653,36.15204216,2
CE1,8891,2.43102063,43.63308014,26.10992232,2
CE1,8892,3.43946199,59.58664821,20.43474294,2
CE1,8893,2.36973273,57.84312754,39.77188148,2
CE1,8894,3.4889167,63.24119967,21.46406647,3
CE1,8895,4.08921965,66.81317572,48.81339281,2
CE1,8896,2.89058635,71.96352164,20.76984344,5
CE1,8897,3.02488712,70.32381004,37.97127586,2
CE1,8898,2.34851705,75.96724909,34.86782676,1
CE1,8899,3.46065718,73.04643908,21.07082797,2
CE1,8900,3.23219573,77.98916684,37.11922987,2
CE1,8901,2.82460817,103.2029767,20.18659389,2
CE1,8902,3.83737876,107.999428,39.48656589,2
CE1,8903,4.07274644,109.2994008,29.15363113,3
CE1,8904,3.11441177,107.5653173,20.44461688,5
CE1,8905,2.04910725,110.6017329,26.56565407,3
CE1,8906,2.8269646,113.6239927,61.22187555,2
CE1,8907,2.69499735,119.2108086,27.01166462,2
CE1,8908,2.32022898,139.8640968,33.38921922,3
CE1,8909,3.29579342,145.8118852,31.56746419,2
CE1,8910,3.43004175,150.9551532,21.5265106,5
CE1,8911,2.77040901,157.1341527,21.350155,1
CE1,8912,2.31551424,158.7384749,22.52424955,5
CE1,8913,3.28166095,161.5601944,26.28750114,2
CE1,8914,1.92413968,173.271746,22.25178719,5
CE1,8915,3.77852655,175.5932945,85.28952947,1
CE1,8916,1.04678463,-176.1637712,24.52750383,2
CE1,8917,-0.007763,-175.7957208,20.9709985,5
CE1,8918,0.9878115,-172.249697,33.283389,2
CE1,8919,2.48052037,-169.1991257,20.00485521,5
CE1,8920,1.20010943,-167.281017,20.40142174,5
CE1,8921,0.53958599,-159.4269164,28.83402422,3
CE1,8922,-0.46546155,-158.4265744,23.42358045,5
CE1,8923,0.6127205,-156.3810637,24.28802388,5
CE1,8924,-0.42771394,-151.6789842,27.29472955,4
CE1,8925,0.39331444,-150.5771924,29.76003307,3
CE1,8926,1.76143242,-144.9667835,44.81257495,2
CE1,8927,1.03734901,-134.7203555,23.74457962,2
CE1,8928,-0.15167996,-132.7621388,34.93097622,3
CE1,8929,-0.08561978,-130.2140978,26.58262271,2
CE1,8930,0.27063307,-128.6805545,36.95606118,2
CE1,8931,0.91468337,-121.7324241,22.26932199,2
CE1,8932,0.2305254,-120.3970619,52.7784138,2
CE1,8933,0.75426822,-113.8641678,21.43912219,2
CE1,8934,0.07245308,-85.15623869,24.07234031,4
CE1,8935,1.24728461,-81.78008431,23.36495055,2
CE1,8936,1.41946661,-81.1006067,26.50424279,2
CE1,8937,1.14585697,-74.94520015,21.43669244,5
CE1,8938,0.95006814,-15.18891915,29.09806282,3
CE1,8939,0.21165116,-7.47401711,30.71261666,2
CE1,8940,0.18805833,-4.58387796,38.63043093,2
CE1,8941,-0.01720019,4.89813773,49.67453373,2
CE1,8942,-0.03135597,6.50953776,20.53470129,2
CE1,8943,0.03942294,9.88569213,28.70271931,2
CE1,8944,0.52071242,15.66361112,23.11411054,1
CE1,8945,0.07481238,34.14398656,33.40963864,2
CE1,8946,-0.35457744,38.77528708,21.74887831,2
CE1,8947,0.64338952,35.58315789,31.6756638,2
CE1,8948,-0.24133272,40.49757408,29.61552186,2
CE1,8949,0.67169922,41.34928039,30.25982685,2
CE1,8950,1.28738285,62.64429746,20.52225349,2
CE1,8951,1.87697969,60.46430679,35.83767002,2
CE1,8952,0.25883671,63.86877274,37.32644899,2
CE1,8953,0.76842276,66.96181145,26.91991978,2
CE1,8954,0.08424956,68.7289251,22.79173693,2
CE1,8955,0.6528261,68.28301791,24.83565578,2
CE1,8956,0.02526716,71.81252662,24.46186968,2
CE1,8957,1.80859546,72.64535855,57.43918722,1
CE1,8958,-0.22009921,73.90994188,25.04254297,2
CE1,8959,1.64823629,76.14655568,24.00241684,2
CE1,8960,0.30602208,77.06904091,44.32873455,2
CE1,8961,0.05593801,79.00838326,25.40953155,4
CE1,8962,0.67641749,84.98212392,38.0930562,2
CE1,8963,2.90001149,97.52650745,25.33492717,1
CE1,8964,0.504198,98.24137452,26.70671383,3
CE1,8965,0.77550001,100.8366015,37.21241144,2
CE1,8966,0.59384717,103.5379969,22.77889359,2
CE1,8967,1.53975063,104.9748089,37.5667424,2
CE1,8968,1.47371315,112.2154922,21.27012299,2
CE1,8969,0.13851329,116.0021643,30.77476665,2
CE1,8970,0.66934009,119.9634244,30.98030838,2
CE1,8971,0.26355525,120.7726634,20.53933186,5
CE1,8972,0.50891641,121.8107542,41.91344943,2
CE1,8973,1.51852452,125.6634866,20.31937063,5
CE1,8974,1.29210025,124.9273858,24.186805,2
CE1,8975,-0.43479163,128.7683218,29.61717146,2
CE1,8976,0.51599401,132.0501043,24.20739261,3
CE1,8977,0.3650035,133.1920041,37.85827502,5
CE1,8978,0.28714795,152.3636537,20.27356491,5
CE1,8979,-0.21066209,157.7145399,24.57938002,2
CE1,8980,0.87458021,162.5817701,25.63719401,2
CE1,8981,1.27087189,163.9124138,42.4966867,2
CE1,8982,1.30861108,166.7695227,22.14206667,5
CE1,8983,1.16472751,169.2680185,29.09462645,1
CE1,8984,0.14087258,169.6714584,21.05222595,5
CE1,8985,-0.47961685,-175.0926502,60.65087425,2
CE1,8986,-2.27445008,-175.677756,48.69346555,2
CE1,8987,-2.32867014,-172.2048704,29.55353866,2
CE1,8988,-0.86179611,-163.8741918,20.53238155,5
CE1,8989,-1.15902101,-162.0362992,22.40230669,5
CE1,8990,-1.02692443,-154.7366335,26.24572409,2
CE1,8991,-1.82411367,-154.1184976,25.09019392,2
CE1,8992,-0.83584669,-149.4848378,30.15824908,2
CE1,8993,-0.97266886,-146.4885303,36.83476357,2
CE1,8994,-2.58559688,-146.4319071,21.26873136,2
CE1,8995,-1.8500526,-145.9199396,23.93105718,2
CE1,8996,-0.69430151,-134.6637324,23.23999402,2
CE1,8997,-2.80948162,-128.9754667,21.67168756,2
CE1,8998,-0.61409064,-128.4587806,31.47840384,3
CE1,8999,-1.20147935,-125.0684704,22.97041402,4
CE1,9000,-2.56438465,-119.7411772,30.28793476,2
CE1,9001,-1.6590392,-118.9437348,21.50993407,2
CE1,9002,-2.09998934,-111.7903455,27.27442622,2
CE1,9003,-1.14250926,-109.1031059,21.55777971,3
CE1,9004,-2.24144556,-98.81656982,23.74006799,3
CE1,9005,-1.038719,-78.04531675,25.94386611,2
CE1,9006,-2.21551292,-32.83882195,20.25457743,4
CE1,9007,-1.40904352,-4.31491807,34.68959505,2
CE1,9008,-1.50810189,-0.40556251,44.15441831,2
CE1,9009,-0.99625835,8.93961393,21.23845827,2
CE1,9010,-1.84297838,12.97873084,24.00407182,1
CE1,9011,-0.76743377,13.71011299,20.40650509,2
CE1,9012,-0.82876955,15.45835226,21.90918402,4
CE1,9013,-0.11157201,12.80178355,58.84326701,1
CE1,9014,-2.37110178,15.8594328,20.44761435,4
CE1,9015,-2.65865852,38.61957346,32.46233801,2
CE1,9016,-1.55527098,39.75675474,29.74977066,2
CE1,9017,-0.96087405,60.06322626,25.49261058,3
CE1,9018,-0.83348765,63.01942573,20.53656863,2
CE1,9019,-2.15657342,64.11885825,21.10378815,2
CE1,9020,-0.61173148,64.09762457,27.55512627,2
CE1,9021,-1.86891704,65.37872299,40.02034442,2
CE1,9022,-1.00333516,66.93585918,38.92932452,2
CE1,9023,-0.14696138,67.69791219,47.63310495,2
CE1,9024,-1.39960917,71.59075267,32.43759058,2
CE1,9025,-1.54112036,73.08890643,50.5141478,2
CE1,9026,-2.57381235,76.60897794,20.77612075,5
CE1,9027,-1.78638365,75.62515099,22.13857588,2
CE1,9028,-0.8311286,75.63458818,21.68019533,2
CE1,9029,-2.30038167,73.98308009,20.04633612,2
CE1,9030,-1.75101105,78.2864383,37.00508881,2
CE1,9031,-1.10948548,78.92344856,26.06565795,2
CE1,9032,-1.7062048,84.17288496,42.66962726,2
CE1,9033,-2.42767527,86.94269994,41.21730173,2
CE1,9034,-0.82169239,92.81499082,23.88318047,3
CE1,9035,-1.56706308,94.95723274,53.98071263,2
CE1,9036,-2.6421611,95.45268516,24.821533,2
CE1,9037,-2.12120861,105.0290727,20.39435116,2
CE1,9038,-1.8618429,107.9428049,23.93954885,1
CE1,9039,-0.703738,111.5100623,26.30979297,2
CE1,9040,-1.3736645,113.0483241,63.63732555,1
CE1,9041,-1.14722691,116.9718355,23.16595338,5
CE1,9042,-0.8311286,120.5414522,28.39129509,3
CE1,9043,-2.06462326,122.1788045,23.28998682,3
CE1,9044,-0.98210468,124.587647,31.28672559,3
CE1,9045,-2.19901009,134.642972,28.9519468,2
CE1,9046,-0.95615612,136.2685278,22.52921716,2
CE1,9047,-1.0056941,141.2490043,30.12848814,2
CE1,9048,-2.24616054,143.5634749,31.58839197,2
CE1,9049,-2.69400937,149.6528211,29.62385536,2
CE1,9050,-1.91136128,152.7033925,22.95835366,5
CE1,9051,-2.2225855,156.6906048,20.88160753,5
CE1,9052,-2.20136765,158.0802309,20.5219705,5
CE1,9053,-1.63545598,174.2178242,20.63101294,2
CE1,9054,-2.60445191,177.9525918,31.30053081,2
CE1,9055,-5.27568098,-168.8428718,21.08901387,5
CE1,9056,-3.6433416,-168.5290853,33.92405845,2
CE1,9057,-3.29245058,-164.9924987,29.0526053,2
CE1,9058,-2.18250708,-166.1910217,20.13860217,5
CE1,9059,-4.08823309,-157.8037199,25.49028803,2
CE1,9060,-3.58683114,-156.2796139,24.54486138,2
CE1,9061,-3.55386509,-150.803685,21.27044349,5
CE1,9062,-3.56799354,-140.6469102,26.60200998,2
CE1,9063,-5.04540721,-141.6897196,21.41253376,5
CE1,9064,-3.44318479,-135.7254162,26.80047527,2
CE1,9065,-5.16525399,-136.4709541,28.40781258,2
CE1,9066,-3.67865884,-133.8804457,20.999478,2
CE1,9067,-4.57991463,-131.8632465,26.12011239,2
CE1,9068,-3.89288628,-126.1820587,25.5958587,2
CE1,9069,-4.6763304,-124.7759176,29.33638576,2
CE1,9070,-3.30187214,-115.7138568,24.6187644,2
CE1,9071,-3.80108102,-114.7253113,25.56860827,2
CE1,9072,-3.03567942,-117.1648246,59.45658258,2
CE1,9073,-3.60331372,-94.77273432,46.8263395,2
CE1,9074,-4.85031534,-92.48421598,22.34213256,4
CE1,9075,-4.16118186,-80.26541547,24.07476979,2
CE1,9076,-3.5585746,-65.55991565,25.44833406,2
CE1,9077,-3.8434539,-62.77830418,32.24886421,2
CE1,9078,-3.085154,-51.66365479,27.19033134,3
CE1,9079,-4.73981648,-50.97238069,47.80434429,3
CE1,9080,-4.02469165,-48.45265121,22.01915722,4
CE1,9081,-2.79769925,-31.45863305,26.50357159,4
CE1,9082,-4.53758163,-17.26746003,23.29511466,2
CE1,9083,-4.42938607,-8.54749736,26.51071983,5
CE1,9084,-4.71395248,-6.97148679,26.95101905,2
CE1,9085,-3.10635668,-6.50906453,21.40484181,3
CE1,9086,-5.28037957,-3.93978981,22.8189534,2
CE1,9087,-4.2576521,-1.72205039,29.60014907,3
CE1,9088,-2.76235144,-1.965058,42.08907992,2
CE1,9089,-2.41117491,0.78116401,60.07101458,1
CE1,9090,-4.24824089,8.7956968,48.27176539,2
CE1,9091,-3.17938489,14.66326909,25.83886358,2
CE1,9092,-4.30000108,14.35184185,31.58927559,2
CE1,9093,-4.21294786,15.39936983,40.89798696,2
CE1,9094,-4.24588808,22.6589275,37.75513914,2
CE1,9095,-4.6716275,28.49111033,29.51711715,3
CE1,9096,-3.07573044,34.23599915,32.91872057,2
CE1,9097,-3.79166454,36.23196464,24.12905495,2
CE1,9098,-4.70454715,57.965811,36.70361427,3
CE1,9099,-4.53052588,62.51689541,36.18748821,2
CE1,9100,-3.26182987,63.22468459,27.37714244,2
CE1,9101,-3.44789485,65.60993412,27.22636621,2
CE1,9102,-4.02939859,66.46635902,22.60695806,3
CE1,9103,-3.20765249,67.62005538,33.79917859,2
CE1,9104,-3.79872691,68.41749786,35.89284936,2
CE1,9105,-3.52796236,71.52469235,42.70138148,2
CE1,9106,-4.330585,72.70905957,39.66775914,2
CE1,9107,-4.48583793,77.37810885,28.05053461,2
CE1,9108,-3.723392,79.4023859,80.9571517,1
CE1,9109,-3.9752671,87.44287096,39.04820239,2
CE1,9110,-4.6598701,90.55478405,24.77113512,2
CE1,9111,-4.15882878,95.53290127,26.25192191,2
CE1,9112,-2.65394499,93.16652612,87.47115626,1
CE1,9113,-3.78460211,99.4634905,25.82705639,2
CE1,9114,-4.92553828,98.54572387,21.16789277,2
CE1,9115,-4.76803065,99.42338245,41.93727923,1
CE1,9116,-3.59624979,104.5737284,21.02105173,2
CE1,9117,-3.74928911,109.2946822,47.14185143,2
CE1,9118,-3.10164501,112.7840828,57.2208903,1
CE1,9119,-3.21236368,114.8579051,69.50039676,2
CE1,9120,-2.47010383,117.1369863,55.37543166,1
CE1,9121,-4.57756286,120.9661257,20.45712456,5
CE1,9122,-4.93494056,119.4255046,26.28102844,2
CE1,9123,-2.88252962,122.9007495,69.63498044,1
CE1,9124,-2.53374413,125.158597,69.82625867,1
CE1,9125,-3.15818368,124.4295741,28.80069507,3
CE1,9126,-4.24353525,138.5759205,25.87062023,4
CE1,9127,-4.34705275,146.413506,45.00216525,2
CE1,9128,-4.1141189,158.160447,28.8297497,5
CE1,9129,-2.87546066,158.7243191,45.69875165,1
CE1,9130,-3.54209121,160.2342693,24.9889391,3
CE1,9131,-4.58461814,171.2592654,21.9932284,2
CE1,9132,-3.76576869,173.3425249,54.09594565,1
CE1,9133,-7.05829689,-166.6510846,22.99819881,2
CE1,9134,-4.10941245,-150.9593986,20.99580746,5
CE1,9135,-7.40235524,-148.0433072,23.98045102,2
CE1,9136,-4.97724913,-147.1184626,55.67637939,3
CE1,9137,-4.42938607,-143.5724389,25.94888445,2
CE1,9138,-6.23341196,-140.6964555,20.74062111,1
CE1,9139,-6.0785963,-137.2306478,20.23209056,5
CE1,9140,-7.41171368,-136.7965371,20.49086286,2
CE1,9141,-5.27333168,-132.6677669,24.1672267,2
CE1,9142,-6.2896973,-132.6748448,22.20792429,2
CE1,9143,-5.5387462,-123.3037161,30.29356725,2
CE1,9144,-5.31561784,-117.882051,27.16812223,2
CE1,9145,-5.75474814,-109.5513724,93.01399955,1
CE1,9146,-6.00351805,-76.25461013,72.70234977,2
CE1,9147,-6.27797169,-62.51406288,48.1275884,2
CE1,9148,-5.34145796,-48.50927435,68.40082506,1
CE1,9149,-6.60853088,-38.89513801,63.29836481,1
CE1,9150,-5.53639791,-23.51016058,26.27452473,3
CE1,9151,-5.31091952,0.32346034,50.51165699,2
CE1,9152,-7.57545396,2.12124485,22.59283756,3
CE1,9153,-7.00678284,13.08489922,34.09723226,2
CE1,9154,-5.34615605,19.02089112,24.36086115,5
CE1,9155,-7.52867731,22.02899513,26.28382619,2
CE1,9156,-5.20049876,23.47996295,29.87864219,2
CE1,9157,-6.84517931,24.1264104,24.22820013,5
CE1,9158,-6.05044318,40.16727247,34.36631002,2
CE1,9159,-6.09501827,41.76215741,66.96089881,1
CE1,9160,-3.74928911,41.02841597,20.62328868,2
CE1,9161,-5.90496216,44.93541223,23.66895105,3
CE1,9162,-5.80404154,56.45822005,48.22813848,3
CE1,9163,-5.87680011,57.85964262,32.02358497,3
CE1,9164,-6.40224964,64.02920495,25.26469421,5
CE1,9165,-7.02785746,67.01371599,23.44845,2
CE1,9166,-7.32046046,68.87284223,20.81574458,3
CE1,9167,-5.60919044,73.24697935,43.76950115,2
CE1,9168,-6.23810264,80.82032355,23.66539917,2
CE1,9169,-6.6132181,87.90293393,37.32061618,2
CE1,9170,-5.43776149,89.7337486,28.36342795,2
CE1,9171,-6.44210601,92.42570678,31.59731572,2
CE1,9172,-4.05763969,91.38761598,20.43484199,2
CE1,9173,-7.1449212,93.75870973,20.37925283,2
CE1,9174,-6.40224964,96.88006,22.42618091,2
CE1,9175,-5.70779807,97.20092443,41.32286782,2
CE1,9176,-5.94016272,101.1456695,74.24872075,1
CE1,9177,-7.20110118,106.1827691,28.80402894,3
CE1,9178,-7.02317429,108.9431469,22.68384838,2
CE1,9179,-6.76787124,117.9886926,52.42931408,1
CE1,9180,-5.72423103,122.2944101,20.75400183,5
CE1,9181,-6.94355328,130.7831616,30.03914152,3
CE1,9182,-5.27333168,130.6250887,26.47759679,1
CE1,9183,-4.86912187,136.5351284,69.26759406,1
CE1,9184,-5.6021464,141.2206927,57.15670682,1
CE1,9185,-5.10415843,143.1364421,45.23086742,2
CE1,9186,-5.74770588,144.5095531,49.409351,2
CE1,9187,-5.27803028,146.0478149,28.07751775,2
CE1,9188,-7.63859437,151.3892639,21.2499511,5
CE1,9189,-5.90026859,153.7131717,27.02489685,1
CE1,9190,-5.95658888,155.9757378,20.17249101,5
CE1,9191,-5.64675723,157.88205,20.56803062,5
CE1,9192,-5.61153844,161.1237244,64.02251218,2
CE1,9193,-7.2174857,165.7597435,42.25423617,2
CE1,9194,-5.43306411,167.0314047,22.68502303,5
CE1,9195,-5.40487908,169.390702,24.09903762,2
CE1,9196,-6.5358733,170.4051998,28.91377218,2
CE1,9197,-6.51008904,171.7452807,23.574517,5
CE1,9198,-5.60684244,171.1460192,28.70507291,2
CE1,9199,-7.68302092,174.0762664,20.37075924,5
CE1,9200,-7.3391806,175.9330333,20.29747181,5
CE1,9201,-8.1340333,-178.6150811,27.84841303,2
CE1,9202,-7.71809123,-176.3312813,37.38693626,2
CE1,9203,-9.72352224,-179.400727,24.87217336,1
CE1,9204,-7.8606804,-169.4208996,28.7624888,2
CE1,9205,-7.87470293,-159.891698,22.03113611,5
CE1,9206,-9.49322859,-154.2553368,20.75465545,5
CE1,9207,-8.79676973,-149.1309432,20.84586823,2
CE1,9208,-6.30611271,-146.5192011,26.1033497,2
CE1,9209,-8.19475331,-145.4905475,23.08756959,2
CE1,9210,-9.63747125,-144.1504667,23.33227392,2
CE1,9211,-8.68717097,-141.8879006,34.56131892,2
CE1,9212,-7.48891319,-129.7068489,39.51591671,2
CE1,9213,-8.52854594,-129.3883437,24.36372905,2
CE1,9214,-7.76484712,-124.1247515,26.70903391,4
CE1,9215,-8.60553404,-125.5356113,21.25763542,2
CE1,9216,-7.80458554,-97.4599739,31.76698971,2
CE1,9217,-9.08809691,-95.16201837,21.74264598,2
CE1,9218,-8.6941676,-73.76791081,32.13902961,2
CE1,9219,-8.45154233,-61.70010533,22.29057666,3
CE1,9220,-8.86437834,-14.45989629,29.51215705,2
CE1,9221,-9.39315359,-7.16258987,33.15359278,2
CE1,9222,-8.37452334,-5.63612454,23.31319736,2
CE1,9223,-7.87470293,7.36124407,31.44317762,2
CE1,9224,-9.73747438,11.16443125,29.05109306,2
CE1,9225,-7.65028602,13.87054521,40.71365672,2
CE1,9226,-8.41886948,17.70204396,27.57345195,2
CE1,9227,-7.92611482,18.96190869,44.44188662,2
CE1,9228,-9.19757507,19.62015263,34.5615663,2
CE1,9229,-8.77345355,34.26902932,20.80829539,2
CE1,9230,-8.17840652,42.50533605,32.18196692,2
CE1,9231,-7.98452962,64.35714727,29.41201324,2
CE1,9232,-9.81420067,66.47579621,21.50039221,5
CE1,9233,-8.24845944,64.99887613,20.83684734,5
CE1,9234,-7.93779844,66.9169848,33.36712753,2
CE1,9235,-8.8037643,69.27156347,40.46305669,2
CE1,9236,-8.60320129,67.37704777,24.89220239,2
CE1,9237,-7.72510495,71.81488591,40.57706841,2
CE1,9238,-7.9471451,77.00062129,27.0850422,2
CE1,9239,-9.14866346,80.50181842,22.11856738,2
CE1,9240,-8.36051824,80.96895928,22.02810074,2
CE1,9241,-7.97518381,83.20557308,33.34750672,3
CE1,9242,-8.14804643,81.75460527,41.9159156,2
CE1,9243,-9.48392051,83.06873384,24.10578341,1
CE1,9244,-9.00887905,84.6518223,34.14956314,2
CE1,9245,-7.90975718,86.57464957,21.61889088,2
CE1,9246,-7.56376027,87.73306453,29.99642442,2
CE1,9247,-9.35125312,87.43579307,38.55379537,2
CE1,9248,-8.78977503,89.24301477,22.20290104,2
CE1,9249,-7.91676768,91.35930441,45.15033671,2
CE1,9250,-9.22785031,93.67377503,31.07020877,2
CE1,9251,-9.38617053,94.52312204,24.32622845,1
CE1,9252,-7.66665378,97.58784918,28.25253181,2
CE1,9253,-8.42587103,98.97983456,29.29833531,1
CE1,9254,-9.11372247,101.284868,26.19157571,2
CE1,9255,-8.36518666,106.2912968,22.61361273,2
CE1,9256,-8.91565934,105.4372312,24.35577149,2
CE1,9257,-8.6895032,107.7776541,20.35320998,1
CE1,9258,-7.67834466,110.1676222,68.91500974,1
CE1,9259,-9.87696351,114.2633622,20.73793216,3
CE1,9260,-8.33250654,113.8976711,22.33523885,1
CE1,9261,-7.90274657,136.5846736,20.59958819,5
CE1,9262,-8.12235532,137.2452768,43.02448077,2
CE1,9263,-8.68017421,149.6339467,81.50180174,2
CE1,9264,-8.93896651,156.9406904,31.9753356,2
CE1,9265,-8.22510984,169.6266317,22.9124147,2
CE1,9266,-7.69237329,170.6812376,49.68098056,2
CE1,9267,-8.63352584,173.2929797,52.99498893,1
CE1,9268,-9.73747438,175.9778599,22.65441619,5
CE1,9269,-10.47144333,-178.4121815,30.82667544,2
CE1,9270,-10.82851592,-179.3228702,21.54954623,2
CE1,9271,-9.97457079,-172.2025111,57.96643346,2
CE1,9272,-11.56911014,-165.6342275,23.1480234,5
CE1,9273,-10.35774233,-153.4437386,20.44642936,5
CE1,9274,-10.92814265,-151.7426853,24.12884488,5
CE1,9275,-11.92714013,-150.471024,24.61843013,2
CE1,9276,-9.72352224,-147.1019476,53.63520455,1
CE1,9277,-10.38094998,-145.7264772,20.26638336,5
CE1,9278,-10.67321762,-145.0517182,32.01648126,4
CE1,9279,-12.04714836,-143.7305118,24.30494372,2
CE1,9280,-10.07911757,-141.0998953,24.01952258,5
CE1,9281,-10.42968044,-137.7095852,20.44878182,5
CE1,9282,-11.3124319,-137.7308188,21.40324915,2
CE1,9283,-10.29043044,-135.8292252,78.17618605,2
CE1,9284,-10.1162816,-130.5349622,97.64072038,1
CE1,9285,-10.02336348,-128.1709463,25.79261107,2
CE1,9286,-11.40958074,-127.6377452,21.77026033,2
CE1,9287,-11.18516337,-126.0452195,24.29465297,2
CE1,9288,-10.55495222,-124.8868046,36.81319888,2
CE1,9289,-12.18785886,-124.724013,22.0898565,2
CE1,9290,-9.9536574,-110.6484456,25.10569669,2
CE1,9291,-10.13253952,-107.1448892,20.52995783,5
CE1,9292,-10.13253952,-97.3773985,39.89751652,2
CE1,9293,-11.75164809,-95.37671442,31.70806568,2
CE1,9294,-11.08793881,-73.01529499,36.5918887,2
CE1,9295,-10.65466921,-70.22660563,20.9424745,2
CE1,9296,-11.07404694,-71.76722674,33.2931929,2
CE1,9297,-11.57835544,-70.26671368,25.92412209,2
CE1,9298,-10.93509211,-68.03953707,26.84636527,2
CE1,9299,-11.70775753,-69.46691191,46.3924028,2
CE1,9300,-10.29739441,-63.88245529,23.64426732,2
CE1,9301,-9.9373905,-58.63065959,38.24065095,2
CE1,9302,-10.48304314,-50.51703632,30.19222725,2
CE1,9303,-12.11405277,-47.54668107,23.46750929,2
CE1,9304,-10.74739991,-44.35455187,23.71971093,3
CE1,9305,-9.64677512,-35.29956899,70.02079077,2
CE1,9306,-12.27778227,-15.27385385,22.07588726,2
CE1,9307,-10.1627306,-4.48950607,31.36125524,2
CE1,9308,-10.00942346,4.07238369,20.40897028,2
CE1,9309,-11.27772788,4.23989379,25.18501588,2
CE1,9310,-11.05783893,8.51258113,28.37153918,2
CE1,9311,-10.39719431,12.44317036,37.60097757,2
CE1,9312,-11.36332351,18.7000267,56.09633932,1
CE1,9313,-11.68234402,21.82845486,35.1182179,2
CE1,9314,-9.9234468,21.69161562,32.71120564,2
CE1,9315,-10.95130688,42.93236886,24.77739834,2
CE1,9316,-10.08144044,41.26670499,43.40411507,2
CE1,9317,-11.34019209,64.57892122,20.01149641,5
CE1,9318,-12.16940926,65.5391552,24.97787895,2
CE1,9319,-10.63843843,67.29683166,44.7771322,3
CE1,9320,-10.14647421,78.59786553,34.8535868,3
CE1,9321,-11.46276723,87.39804431,24.10514774,2
CE1,9322,-10.88875932,87.01111956,29.94862977,2
CE1,9323,-11.36332351,90.84733691,20.89443174,5
CE1,9324,-10.09537736,94.9029689,24.40534691,2
CE1,9325,-10.66394356,99.82210369,23.85482021,2
CE1,9326,-10.50160192,103.4577808,28.86145747,2
CE1,9327,-8.59153736,104.3260022,22.21902499,3
CE1,9328,-11.81400684,106.2370329,24.13734371,2
CE1,9329,-11.08562354,118.1137353,22.45129561,3
CE1,9330,-10.21846048,124.698534,32.07413279,2
CE1,9331,-9.73979968,131.127619,39.15140346,2
CE1,9332,-9.50719022,134.7538589,62.54679699,2
CE1,9333,-11.3193722,140.9163434,30.29541104,2
CE1,9334,-10.77289587,147.6191069,42.77725309,1
CE1,9335,-9.0181997,149.6150724,24.91983261,2
CE1,9336,-11.19210674,150.6909119,26.77369977,2
CE1,9337,-10.83315046,153.8405738,24.26312642,2
CE1,9338,-12.29852947,-177.7987642,27.20156927,2
CE1,9339,-12.32618986,-174.0993861,27.36231115,3
CE1,9340,-12.27317156,-175.8877334,50.13063284,2
CE1,9341,-14.18163468,-171.0842042,22.65962318,5
CE1,9342,-14.00314794,-172.1506066,30.29836442,2
CE1,9343,-12.61874894,-163.359865,27.84969312,2
CE1,9344,-14.30512029,-155.1211989,20.39724502,5
CE1,9345,-13.03282566,-148.3712495,22.01066052,2
CE1,9346,-13.24190255,-143.605469,28.9537114,2
CE1,9347,-12.97305683,-141.7817322,21.30310157,2
CE1,9348,-14.21823005,-135.692386,30.69916674,2
CE1,9349,-12.06329923,-130.6198969,52.38509535,2
CE1,9350,-13.11096312,-128.4351876,23.13553037,3
CE1,9351,-13.68473245,-125.2383398,27.26200527,2
CE1,9352,-12.8120695,-108.8483018,33.58685231,2
CE1,9353,-13.35440828,-104.6888607,20.04651253,3
CE1,9354,-14.02374967,-72.63780743,20.29988191,4
CE1,9355,-12.53815546,-67.39544891,27.52892391,2
CE1,9356,-13.59531495,-66.64047379,29.52243119,2
CE1,9357,-13.26945979,-64.86864155,22.93703388,2
CE1,9358,-12.85577629,-65.427795,28.10464409,2
CE1,9359,-12.23628296,-50.09236281,29.13359484,2
CE1,9360,-12.48978726,-21.92707212,83.79730945,1
CE1,9361,-12.52894317,-0.09177598,22.05103201,2
CE1,9362,-13.22582604,-0.18378857,26.3165571,2
CE1,9363,-13.22123256,0.73397806,28.3182066,2
CE1,9364,-12.01253608,2.61433798,46.97711565,2
CE1,9365,-14.05579314,1.66354118,38.96512485,2
CE1,9366,-14.38969167,5.75928123,21.66052549,3
CE1,9367,-13.85201223,7.27395007,25.06222232,2
CE1,9368,-13.15231998,9.49168949,24.32674914,2
CE1,9369,-13.57696871,21.0215752,24.65185976,2
CE1,9370,-12.52894317,28.82848983,23.92893178,5
CE1,9371,-12.29391912,38.6785559,24.61488444,2
CE1,9372,-12.91327363,41.42477791,28.42819458,2
CE1,9373,-13.54485939,50.74636138,25.70526553,3
CE1,9374,-13.47833345,51.68300239,22.72682099,3
CE1,9375,-14.13817002,51.28899975,24.47509718,3
CE1,9376,-12.772957,60.78753052,38.60984717,2
CE1,9377,-13.7489087,60.35106053,48.29591981,2
CE1,9378,-12.32849476,64.74879062,27.10753418,3
CE1,9379,-12.10021185,63.13739059,45.3899178,2
CE1,9380,-14.36683769,65.82934876,22.00733625,2
CE1,9381,-13.32456491,70.21764167,46.57167192,2
CE1,9382,-12.4483216,81.85133646,24.63855504,2
CE1,9383,-12.58881718,85.03166916,20.6581139,1
CE1,9384,-12.58651459,90.43917848,22.7467852,2
CE1,9385,-13.21663899,89.59455006,21.55354822,2
CE1,9386,-12.39302374,91.69668392,34.14773752,2
CE1,9387,-13.79932057,93.22078995,31.07191902,2
CE1,9388,-13.36588551,95.00205938,21.61122313,2
CE1,9389,-13.34981723,95.87735867,21.86182662,2
CE1,9390,-13.84972154,99.51303574,21.50502737,3
CE1,9391,-13.72828253,101.9407526,27.76689171,2
CE1,9392,-12.30774992,102.4810317,34.02002552,2
CE1,9393,-12.38380629,106.8999955,25.71804072,2
CE1,9394,-12.75915114,125.6800017,25.59065915,2
CE1,9395,-12.36306584,127.4306002,26.66726845,2
CE1,9396,-13.95049066,127.8033692,25.17346942,2
CE1,9397,-12.30544484,130.8987672,47.06081551,2
CE1,9398,-12.21553086,134.4471503,39.6455682,2
CE1,9399,-14.52905018,139.9584687,21.06372643,2
CE1,9400,-12.60953954,141.2018183,27.51123091,3
CE1,9401,-13.73974174,142.57257,56.288959,1
CE1,9402,-13.99856952,147.3808179,29.09181835,2
CE1,9403,-12.36767497,150.3157836,45.40049135,2
CE1,9404,-12.44601775,158.1156204,31.55071045,3
CE1,9405,-12.87877681,172.0826602,28.11888554,2
CE1,9406,-16.49765406,-177.5486787,29.68766693,2
CE1,9407,-14.38740638,-176.9093091,61.59511081,1
CE1,9408,-16.58811959,-175.1398362,31.34276437,2
CE1,9409,-15.82009772,-163.5769203,20.06183955,5
CE1,9410,-16.43204007,-160.2715449,20.56524333,5
CE1,9411,-15.04686931,-159.8728236,30.59231215,2
CE1,9412,-15.57252438,-152.3018387,20.21945633,2
CE1,9413,-14.68886156,-150.7588583,20.25804918,5
CE1,9414,-16.49539188,-150.4403532,27.40898662,2
CE1,9415,-15.04003398,-147.3001285,20.25263183,1
CE1,9416,-15.87910735,-145.0375624,30.95318918,2
CE1,9417,-15.23361639,-139.3044701,21.48957196,2
CE1,9418,-15.87456876,-135.756087,27.35602746,2
CE1,9419,-16.36640391,-131.0799599,23.7827515,2
CE1,9420,-16.5315836,-130.2660023,24.12153378,2
CE1,9421,-16.58811959,-126.7978353,26.65782167,2
CE1,9422,-15.12887611,-119.3165037,60.78655519,2
CE1,9423,-15.15392742,-113.3805118,45.74581041,2
CE1,9424,-15.99707471,-62.74763331,27.66112433,2
CE1,9425,-16.00841406,-56.74322179,33.34251451,2
CE1,9426,-14.930639,-47.63397506,20.63097874,2
CE1,9427,-14.63864766,-40.58439485,29.27745142,3
CE1,9428,-16.47955587,-25.61701303,31.3565089,2
CE1,9429,-16.3596127,-17.56473149,49.74558228,2
CE1,9430,-15.44066617,-7.81611521,26.61944818,3
CE1,9431,-16.0038784,-4.43524223,43.07622444,3
CE1,9432,-16.46371856,-3.1753775,23.27683027,2
CE1,9433,-14.98762253,-0.79956516,25.74485831,2
CE1,9434,-15.29734586,2.12596345,22.71870002,2
CE1,9435,-15.9380997,2.22741323,23.33698431,2
CE1,9436,-16.09230525,1.43468935,22.80382733,2
CE1,9437,-15.04686931,5.91735414,28.54055685,3
CE1,9438,-16.52932182,5.89140187,36.72114043,3
CE1,9439,-15.32465255,25.65287572,47.51501397,2
CE1,9440,-16.23280018,40.15311668,34.36142718,3
CE1,9441,-14.70711831,49.8687028,31.9310854,2
CE1,9442,-15.30872408,50.2957356,27.57259823,3
CE1,9443,-14.80522211,51.80096726,26.70341704,3
CE1,9444,-16.81183846,65.95439152,21.15926792,2
CE1,9445,-15.84960469,65.83406736,20.60424678,2
CE1,9446,-15.41564909,65.57218536,28.41122669,2
CE1,9447,-16.06963544,76.65380459,24.80863702,1
CE1,9448,-16.32791727,81.58473587,29.45961738,2
CE1,9449,-15.28141531,88.04685106,20.68065207,2
CE1,9450,-15.92902508,87.60802177,57.56790119,2
CE1,9451,-16.52932182,88.55645927,30.50226056,4
CE1,9452,-15.53161188,90.76004291,20.26985464,2
CE1,9453,-15.31555072,92.52243796,58.68509335,2
CE1,9454,-15.19491408,98.40180674,38.39861607,2
CE1,9455,-15.78377554,107.9050561,28.30041123,3
CE1,9456,-16.00161053,115.2235962,31.9482244,3
CE1,9457,-14.57700579,129.7710231,32.96316078,2
CE1,9458,-15.86322184,136.667249,35.85805794,2
CE1,9459,-15.34057981,140.0764335,28.43204596,2
CE1,9460,-15.82009772,138.9416116,34.8143275,2
CE1,9461,-14.77784876,143.7262664,33.86801921,2
CE1,9462,-15.27231159,149.6551804,29.52854333,2
CE1,9463,-16.31886049,154.2770437,28.17111623,2
CE1,9464,-14.67060329,153.8688853,43.09207819,2
CE1,9465,-16.00841406,162.8247777,48.39460423,2
CE1,9466,-15.88137661,167.6117919,31.64130194,2
CE1,9467,-14.6272338,166.5052814,44.29474979,2
CE1,9468,-16.4501427,-178.8203399,51.33519876,2
CE1,9469,-18.60749494,-174.3872204,20.42692627,2
CE1,9470,-19.0518671,-170.2112642,23.48087032,2
CE1,9471,-17.32831424,-166.4127956,22.54360996,2
CE1,9472,-18.26056872,-164.8863303,22.2877195,2
CE1,9473,-16.95858141,-157.2540037,26.53225474,3
CE1,9474,-18.33000989,-149.5508981,32.39371238,2
CE1,9475,-17.83884984,-148.1117268,20.40940211,2
CE1,9476,-18.51579556,-145.4669546,28.81133415,4
CE1,9477,-17.66583436,-143.478067,49.07855842,2
CE1,9478,-17.61637071,-141.6283779,26.26096292,2
CE1,9479,-18.623146,-140.9913676,22.51094421,2
CE1,9480,-17.86130709,-139.4932139,55.26480092,2
CE1,9481,-17.59388275,-137.1740247,24.17425729,2
CE1,9482,-16.24412606,-131.8302164,54.33303744,2
CE1,9483,-18.5426395,-129.6620222,20.45001062,2
CE1,9484,-18.77734352,-124.2427164,20.29908635,2
CE1,9485,-18.5448763,-114.0552708,44.9030374,2
CE1,9486,-17.23369678,-55.24978662,28.49636077,2
CE1,9487,-17.19313158,-52.36672537,38.24976384,2
CE1,9488,-19.10092123,-50.43917951,21.26013906,2
CE1,9489,-16.63333642,-27.31806636,41.02606101,2
CE1,9490,-19.10537998,-27.72150619,20.95830014,2
CE1,9491,-17.61861935,-17.17780674,40.5650693,3
CE1,9492,-18.35688286,-17.59776165,20.46484355,4
CE1,9493,-17.58488678,1.23178978,20.50015489,2
CE1,9494,-18.55382323,1.22707119,32.8344286,2
CE1,9495,-17.28776985,2.61669728,31.90462559,2
CE1,9496,-17.05333909,1.84756637,29.48556312,2
CE1,9497,-18.07899478,5.73096966,39.06635259,2
CE1,9498,-18.71702209,7.04745753,26.79872881,2
CE1,9499,-17.63660748,8.52201832,30.1177994,3
CE1,9500,-18.29193269,15.36162107,27.02016161,2
CE1,9501,-18.52921805,17.0603151,23.56398627,2
CE1,9502,-17.20890799,23.27234479,56.49105385,1
CE1,9503,-18.91354569,27.54975072,20.09923582,2
CE1,9504,-18.07226619,61.09895776,23.13780306,3
CE1,9505,-19.00279846,73.2068713,21.54554346,2
CE1,9506,-16.77118182,74.41483149,28.22549132,1
CE1,9507,-19.0139517,79.06500639,23.72578552,5
CE1,9508,-17.9511077,81.52575343,36.25176482,2
CE1,9509,-17.24271006,87.72126804,26.37507196,2
CE1,9510,-18.64997304,91.38525668,23.20112917,2
CE1,9511,-18.98718268,92.67815158,21.52518893,2
CE1,9512,-17.40262236,96.01183861,106.2709732,2
CE1,9513,-16.98340353,99.47056839,21.05879483,3
CE1,9514,-16.85926019,101.9950165,25.69556654,2
CE1,9515,-18.28745247,103.9296402,60.12157836,1
CE1,9516,-17.91519292,103.2076953,20.58489271,2
CE1,9517,-17.29678049,107.9734757,23.17435676,3
CE1,9518,-18.50684664,112.7345376,28.9249324,2
CE1,9519,-16.77569965,123.2640813,38.03640159,2
CE1,9520,-17.72202654,132.7578934,37.71917511,2
CE1,9521,-17.27875878,131.0544808,39.34147801,2
CE1,9522,-17.17735382,136.9881134,30.63082511,2
CE1,9523,-18.65220844,143.4667437,23.94103092,2
CE1,9524,-18.61867442,147.2911646,26.05283705,2
CE1,9525,-17.92641707,158.4836708,27.79961463,4
CE1,9526,-18.07899478,159.4557012,24.27203779,2
CE1,9527,-18.06329435,163.612783,30.42194071,2
CE1,9528,-16.83216351,177.938436,23.29546059,1
CE1,9529,-19.61510575,-167.5782885,41.76534471,2
CE1,9530,-20.36228648,-168.5880677,39.94280273,2
CE1,9531,-20.92307084,-159.6463311,22.13190957,2
CE1,9532,-19.99246487,-158.0962728,53.60838467,2
CE1,9533,-20.45736745,-144.1457481,24.54702519,2
CE1,9534,-20.11878994,-139.9556362,26.53995917,2
CE1,9535,-19.39939034,-133.469928,23.50135618,2
CE1,9536,-19.33038985,-131.7382038,22.35754913,2
CE1,9537,-20.7091573,-125.6818877,34.97712225,2
CE1,9538,-19.77503765,-125.5072997,24.89675209,2
CE1,9539,-18.56053312,-125.294963,22.74475265,2
CE1,9540,-20.1143592,-120.2319111,20.19235693,2
CE1,9541,-20.39988365,-116.2446987,27.92710466,3
CE1,9542,-19.96363967,-106.3592432,27.69104791,2
CE1,9543,-20.53250613,-103.6838001,20.19950158,2
CE1,9544,-21.21367942,-101.5698697,20.76710563,4
CE1,9545,-20.70695042,-100.0268893,24.79034629,2
CE1,9546,-19.42386736,-75.94554219,83.0515877,1
CE1,9547,-19.34374706,-73.79622238,77.44248627,2
CE1,9548,-19.97472691,-72.22021181,58.13756246,2
CE1,9549,-20.90764396,-68.89124338,32.57342267,2
CE1,9550,-19.31035198,-65.40184273,56.98951089,2
CE1,9551,-19.69287038,-60.27980838,21.26363371,3
CE1,9552,-20.34680263,-60.85075832,27.51926229,2
CE1,9553,-19.67509893,-53.44728351,21.27843475,2
CE1,9554,-19.83053211,-31.06227111,54.00865281,2
CE1,9555,-21.07945361,-29.67736362,23.23308767,2
CE1,9556,-20.17194897,-19.69989551,23.26800353,4
CE1,9557,-19.32148443,-17.19668111,36.49512826,3
CE1,9558,-20.15644612,-4.18043813,22.00036511,2
CE1,9559,-21.00678904,0.59949812,31.62906876,2
CE1,9560,-19.39716497,4.88870054,34.23957972,2
CE1,9561,-20.64514494,5.19776848,37.83855083,2
CE1,9562,-20.78196607,7.60425168,39.24916695,2
CE1,9563,-19.21458165,9.43978495,39.57078232,2
CE1,9564,-19.99024774,9.95883035,41.29398934,2
CE1,9565,-20.62085733,16.21332739,22.65353042,2
CE1,9566,-21.154283,16.79843311,20.53629336,2
CE1,9567,-20.39988365,24.43783763,30.16600848,2
CE1,9568,-19.94589847,29.69907052,20.03379495,2
CE1,9569,-20.7863776,30.64986732,24.19784843,2
CE1,9570,-20.4109399,49.67288113,30.47276565,2
CE1,9571,-20.80622787,60.98807079,22.38502301,2
CE1,9572,-20.75328801,84.31680209,22.63376724,2
CE1,9573,-20.28706468,85.46342056,20.82095191,2
CE1,9574,-20.49494139,92.61916915,24.71735977,2
CE1,9575,-20.65839109,100.2090284,21.62206369,3
CE1,9576,-21.11687302,98.62358068,26.70889201,2
CE1,9577,-20.82607553,101.9431119,28.16435086,2
CE1,9578,-20.82166516,99.36204072,25.99635316,2
CE1,9579,-19.75727533,117.5003181,20.05542382,5
CE1,9580,-20.76431868,123.4174356,21.19196777,2
CE1,9581,-20.37998041,121.7093044,21.84930381,2
CE1,9582,-18.88676056,134.68308,55.49150747,2
CE1,9583,-19.27917709,144.7761537,27.53183468,2
CE1,9584,-20.43747165,143.9268067,20.78386848,2
CE1,9585,-20.01685131,161.454026,22.86699754,5
CE1,9586,-19.42164233,162.5959259,25.50138383,2
CE1,9587,-20.62085733,164.2332782,30.65644529,2
CE1,9588,-20.00798395,172.0850195,27.93492568,5
CE1,9589,-19.91262834,169.739878,21.7324121,2
CE1,9590,-20.97154499,175.121435,21.21905935,2
CE1,9591,-21.31042237,-177.551038,29.08975439,2
CE1,9592,-21.07064768,-169.201485,35.92794175,2
CE1,9593,-22.07549517,-157.3082675,25.88214287,2
CE1,9594,-20.20516417,-158.645989,27.71619529,3
CE1,9595,-21.02661017,-154.9159401,71.71534474,2
CE1,9596,-23.27712411,-152.8704294,30.56599057,2
CE1,9597,-22.57745212,-145.6722134,24.23818105,2
CE1,9598,-21.81508238,-140.4062619,20.98085325,2
CE1,9599,-22.81252699,-139.5710707,49.24984039,2
CE1,9600,-21.29283747,-128.1237604,29.3312666,2
CE1,9601,-21.90266927,-125.6063902,22.67573551,2
CE1,9602,-22.38561247,-121.977791,27.08543567,3
CE1,9603,-21.40710164,-118.184041,66.96720606,2
CE1,9604,-21.72525016,-73.09787039,27.56906107,2
CE1,9605,-23.46770619,-66.27242342,20.66858363,2
CE1,9606,-22.29395914,-63.02367109,26.15264986,2
CE1,9607,-22.54259197,-64.16793026,23.07238464,2
CE1,9608,-21.03762077,-64.85920436,53.24275778,2
CE1,9609,-22.6776259,-32.76568373,26.46448347,2
CE1,9610,-22.57745212,-27.77577003,22.76981562,2
CE1,9611,-22.21098286,-21.54486596,27.42057095,3
CE1,9612,-23.42658099,-21.87752688,24.09051211,4
CE1,9613,-22.74509309,-16.49832912,29.68428932,2
CE1,9614,-22.01645177,-1.34928142,21.90501573,2
CE1,9615,-22.43795873,0.04978186,24.3372715,2
CE1,9616,-21.63536179,-0.66980381,26.87323567,2
CE1,9617,-22.20879861,2.65444603,51.73110383,2
CE1,9618,-21.32360966,3.86004693,41.86705862,2
CE1,9619,-22.31796941,6.97196002,20.59687831,2
CE1,9620,-22.71680445,10.50382802,25.41898244,4
CE1,9621,-21.34558584,11.04410709,43.01621328,2
CE1,9622,-21.61781606,17.53925245,38.84789412,2
CE1,9623,-22.22627165,23.08124171,22.8625619,2
CE1,9624,-22.05581677,23.61208359,28.70342163,2
CE1,9625,-21.79536793,30.98724683,30.46192924,2
CE1,9626,-22.57309508,37.31488208,30.19935356,3
CE1,9627,-22.10610055,70.83105895,22.90604361,1
CE1,9628,-22.06018999,76.1276813,55.49200304,1
CE1,9629,-22.37470452,100.7068402,26.66095662,5
CE1,9630,-22.44886171,103.0118736,40.38685412,2
CE1,9631,-23.33995983,112.9374372,26.47228605,3
CE1,9632,-23.17522396,120.5579673,24.79709609,2
CE1,9633,-21.65729095,120.0507184,21.23721048,3
CE1,9634,-22.7472689,122.2094754,28.02612251,2
CE1,9635,-23.07975771,135.2776229,37.84827793,2
CE1,9636,-23.47852649,149.2611778,20.55147286,2
CE1,9637,-21.78222346,150.0208715,23.09055645,2
CE1,9638,-22.34197554,151.8375304,47.10637917,2
CE1,9639,-22.20443,154.6167826,31.09499142,2
CE1,9640,-21.33899333,156.6528561,20.38956086,2
CE1,9641,-22.97987956,160.2224728,24.65934046,2
CE1,9642,-21.32580743,162.9922878,29.08967444,2
CE1,9643,-21.49713162,165.3610223,26.29924026,2
CE1,9644,-21.55419496,167.1894777,23.47003992,2
CE1,9645,-23.33562728,169.2656592,26.18988136,1
CE1,9646,-21.69894717,173.469927,21.53702533,2
CE1,9647,-22.32233447,176.7422723,40.02441883,2
CE1,9648,-23.85020204,-175.1091653,45.80980744,2
CE1,9649,-23.86099073,-173.1037627,31.50176804,2
CE1,9650,-25.11057478,-169.0646457,32.47395223,3
CE1,9651,-25.07638886,-167.8236554,24.20161498,2
CE1,9652,-24.55602224,-166.455263,32.08265355,2
CE1,9653,-24.41001548,-163.9520486,47.30996585,3
CE1,9654,-24.6032234,-161.7814951,21.46697539,2
CE1,9655,-23.9170774,-150.8839011,21.36568384,2
CE1,9656,-24.71043254,-150.1973456,22.63261456,1
CE1,9657,-24.53670755,-142.732529,21.43744184,2
CE1,9658,-23.46121359,-142.8858833,24.03315646,2
CE1,9659,-25.28776063,-140.5407419,22.81862514,2
CE1,9660,-23.3074623,-140.9441817,43.27520269,2
CE1,9661,-25.10843844,-138.4197336,20.45045064,2
CE1,9662,-24.72757744,-139.4200757,20.17272994,2
CE1,9663,-23.70986752,-135.9165192,23.61884974,2
CE1,9664,-24.50236298,-128.8197531,37.18375188,2
CE1,9665,-25.59242559,-128.3832831,20.43950512,2
CE1,9666,-23.22076343,-97.13439088,76.05610423,1
CE1,9667,-23.83293828,-78.3402289,21.5447588,4
CE1,9668,-24.05934185,-67.17603427,30.02288769,3
CE1,9669,-24.51738989,-63.73853816,21.85042837,5
CE1,9670,-23.68178245,-62.54473375,23.52718414,2
CE1,9671,-23.82214726,-60.88378848,23.76724094,2
CE1,9672,-23.48285435,-58.93736824,43.92913609,4
CE1,9673,-24.58391599,-59.7489665,37.9992378,2
CE1,9674,-25.39437442,-54.24472599,28.97593581,3
CE1,9675,-23.66233541,-31.99655283,24.4082505,2
CE1,9676,-24.19714481,-24.63082678,27.2469276,4
CE1,9677,-24.79827521,-7.17910495,25.0735366,2
CE1,9678,-25.45403707,-5.5865793,26.55657408,2
CE1,9679,-23.89119426,-2.74834469,31.42038216,2
CE1,9680,-25.5285738,-2.20806562,23.12176324,2
CE1,9681,-23.41575644,2.83611192,30.71601774,2
CE1,9682,-23.57370675,10.68549391,20.41756125,2
CE1,9683,-25.19172801,9.26519695,40.36453518,2
CE1,9684,-24.38423202,11.23756946,30.7185226,2
CE1,9685,-23.77465612,12.33228339,54.18533262,2
CE1,9686,-23.67313968,19.42197166,40.38439377,2
CE1,9687,-25.07852576,30.18036716,30.95739073,2
CE1,9688,-24.41216387,36.53159539,20.98698683,3
CE1,9689,-24.24232902,42.39208978,27.41235007,2
CE1,9690,-24.03348728,64.32883571,21.40527456,2
CE1,9691,-24.97163514,92.17090267,20.66243609,2
CE1,9692,-24.97591255,95.64378824,20.18263691,2
CE1,9693,-24.80470029,97.16081638,39.19900317,2
CE1,9694,-23.35945452,99.30541759,36.69362452,2
CE1,9695,-23.81567222,101.237682,21.37268216,3
CE1,9696,-24.94596755,103.2265696,37.36196441,2
CE1,9697,-25.04646835,104.4132962,25.0807098,2
CE1,9698,-24.21005622,104.6279922,26.0117534,2
CE1,9699,-23.83941246,107.5181314,29.05340399,2
CE1,9700,-24.41431222,122.5610107,27.83886812,2
CE1,9701,-24.22296632,134.0979743,32.7546964,2
CE1,9702,-23.94511161,152.8779805,25.94945203,2
CE1,9703,-24.39927301,166.0758893,27.31859121,2
CE1,9704,-27.41440862,-167.8708413,28.00686352,2
CE1,9705,-26.14861018,-163.5202972,20.63179184,2
CE1,9706,-25.74340569,-161.9254122,36.16764921,3
CE1,9707,-26.50808459,-158.3274839,24.0776972,4
CE1,9708,-26.08717688,-148.5080887,20.15808249,4
CE1,9709,-27.69051575,-148.9563552,22.40268806,2
CE1,9710,-26.67475348,-149.0153376,24.5055016,2
CE1,9711,-26.89589877,-146.7928796,23.33373344,2
CE1,9712,-26.78853916,-135.4234261,33.83649959,2
CE1,9713,-25.71790136,-131.7429224,32.65887136,2
CE1,9714,-25.73277955,-127.5315768,21.74147232,2
CE1,9715,-26.19942709,-118.5143427,21.54538969,2
CE1,9716,-27.62364447,-103.1505989,21.90384304,4
CE1,9717,-25.31335651,-102.8792797,57.21081175,2
CE1,9718,-25.2109406,-70.89900535,55.14832678,2
CE1,9719,-26.1253117,-61.7284169,44.12575731,2
CE1,9720,-26.09988987,-54.10552745,20.56867681,3
CE1,9721,-26.69583348,-51.29324512,37.14279323,2
CE1,9722,-26.11895676,-45.77956742,24.0455446,2
CE1,9723,-27.39974721,-16.18454259,25.94636318,2
CE1,9724,-26.04902964,10.71616477,35.80689279,2
CE1,9725,-25.88145893,13.29015808,23.80330748,3
CE1,9726,-26.51864045,16.38083749,22.96193452,2
CE1,9727,-26.54397053,18.07717222,22.63521413,2
CE1,9728,-25.78377635,23.87160629,24.10852586,2
CE1,9729,-27.26770714,34.79515261,20.2010747,2
CE1,9730,-26.07870079,46.03956335,22.79036177,2
CE1,9731,-26.88116917,50.8973564,20.83350548,2
CE1,9732,-26.96531245,65.78452212,35.00560655,2
CE1,9733,-24.37993426,79.17825266,20.46537543,3
CE1,9734,-26.03843097,89.67712547,32.82013446,2
CE1,9735,-26.98003107,90.46513075,22.83463359,2
CE1,9736,-25.88782673,96.49785385,62.76961586,1
CE1,9737,-25.62008413,98.8595104,37.7954792,1
CE1,9738,-27.48977937,101.7661646,23.19574174,3
CE1,9739,-25.83475123,114.2987517,26.19447278,2
CE1,9740,-27.03048029,122.1386965,24.14606225,3
CE1,9741,-26.80749237,131.8707977,26.93904284,2
CE1,9742,-26.28407266,133.3571549,22.00193131,2
CE1,9743,-27.54208985,136.9173345,25.74782374,2
CE1,9744,-25.94936442,136.992832,80.17876105,1
CE1,9745,-26.55241265,138.7858979,59.5386191,1
CE1,9746,-25.73065421,160.2932518,39.99802904,2
CE1,9747,-25.94299995,163.327308,37.73592804,2
CE1,9748,-26.34963054,172.8635876,20.65068745,5
CE1,9749,-26.72323166,174.7274324,21.21748942,4
CE1,9750,-27.62991539,175.0671712,21.0458003,4
CE1,9751,-28.20529613,-172.4549559,88.84954302,1
CE1,9752,-29.307689,-164.9311569,20.88609715,2
CE1,9753,-28.77966249,-162.2698696,21.32738979,2
CE1,9754,-29.41050291,-153.0827661,21.42152306,2
CE1,9755,-29.03576276,-145.4575174,23.18678299,2
CE1,9756,-29.22124519,-141.6873603,24.71885105,2
CE1,9757,-28.83961351,-134.9680817,27.57352075,2
CE1,9758,-28.89333335,-128.9589516,24.68892391,3
CE1,9759,-27.88045702,-130.3934044,87.63666465,1
CE1,9760,-28.78379815,-128.0010769,26.67894314,2
CE1,9761,-28.14290332,-124.2969802,29.40413623,2
CE1,9762,-28.23647888,-125.6229053,25.05090872,2
CE1,9763,-28.43790711,-119.8331898,24.6813805,2
CE1,9764,-27.89088373,-80.74435281,54.91417576,2
CE1,9765,-27.89296895,-61.43350474,36.01469845,2
CE1,9766,-27.82830842,-39.12163055,27.27193081,3
CE1,9767,-28.50634706,-11.56267926,21.15665294,2
CE1,9768,-28.37565052,-10.42313868,23.67788135,2
CE1,9769,-28.09088153,10.52742099,21.4146079,2
CE1,9770,-28.3798021,14.45093233,56.25269488,2
CE1,9771,-29.1800558,13.11792938,33.446386,2
CE1,9772,-28.71760791,17.28444834,24.44894754,2
CE1,9773,-27.86794364,17.69968466,32.6673576,2
CE1,9774,-28.64723485,25.09136297,21.22182254,2
CE1,9775,-27.62782513,31.17599061,28.57864457,2
CE1,9776,-27.84082637,31.92860643,26.85360638,4
CE1,9777,-28.64930532,36.04793945,22.4857422,2
CE1,9778,-29.38172548,44.02236419,29.39904714,3
CE1,9779,-28.18034337,44.89530418,31.94198377,2
CE1,9780,-28.11793601,64.51522019,43.43696833,2
CE1,9781,-28.11377422,73.60795183,34.58440413,2
CE1,9782,-28.4918332,90.31885432,31.00764215,2
CE1,9783,-27.50861401,91.89486489,41.99177429,2
CE1,9784,-27.54627361,96.47662017,54.44793066,1
CE1,9785,-28.44205624,97.86152766,26.41777192,2
CE1,9786,-28.69277576,104.9464973,39.87144228,2
CE1,9787,-27.72184758,113.9778873,35.99610208,2
CE1,9788,-29.58299628,125.0854588,21.0555848,2
CE1,9789,-28.45865117,128.8603344,40.86891325,2
CE1,9790,-28.33827902,130.9247195,69.16738507,1
CE1,9791,-28.25102772,174.121093,26.84381423,4
CE1,9792,-30.84901652,-171.7613225,30.60792988,2
CE1,9793,-31.64172197,-163.1475282,20.70191017,2
CE1,9794,-30.0558324,-157.9901044,54.78179746,2
CE1,9795,-29.95572089,-143.1359689,22.30749602,2
CE1,9796,-29.7510988,-139.9367618,39.7615092,2
CE1,9797,-30.23740882,-127.3970968,28.93054609,2
CE1,9798,-30.32908977,-122.0155398,22.39354048,2
CE1,9799,-30.67263569,-70.34221119,31.01075838,2
CE1,9800,-29.84936974,-64.96773203,24.01367562,3
CE1,9801,-29.62197186,-61.92187927,26.75275049,2
CE1,9802,-31.48492115,-50.45569459,24.10419007,2
CE1,9803,-31.55129213,-47.67880171,22.97918097,2
CE1,9804,-31.35808213,3.24427035,20.05592729,2
CE1,9805,-31.60556057,10.37406667,23.7903297,2
CE1,9806,-31.00889802,9.36192814,30.94817067,2
CE1,9807,-30.11095269,10.71616477,33.69887218,2
CE1,9808,-30.06604218,15.49138242,23.68218111,3
CE1,9809,-31.40239461,16.17086003,28.6855025,2
CE1,9810,-30.90368963,18.41219243,20.82204209,2
CE1,9811,-29.48651833,19.72396171,55.81214273,1
CE1,9812,-31.21694893,29.92320376,20.53031082,2
CE1,9813,-31.62163404,34.17937602,21.78180369,2
CE1,9814,-29.91687498,40.77833046,29.20159224,2
CE1,9815,-31.43259568,41.92494893,22.67856735,2
CE1,9816,-30.72335292,43.27210766,20.16944385,2
CE1,9817,-29.31591793,45.86969394,58.84315095,1
CE1,9818,-31.1281286,52.60076903,25.07802128,5
CE1,9819,-30.20479052,53.3109175,29.29744084,5
CE1,9820,-31.57139524,60.15287956,24.56048375,2
CE1,9821,-31.0452893,63.45117713,57.53615271,2
CE1,9822,-31.49296863,65.80575579,33.50829107,5
CE1,9823,-30.54064628,70.03597578,26.66690405,2
CE1,9824,-30.39219788,78.48461927,54.03935308,2
CE1,9825,-31.15034149,94.89353171,47.60645526,2
CE1,9826,-30.01906848,99.26530953,20.06525808,2
CE1,9827,-29.87392239,100.6407798,24.56380429,2
CE1,9828,-29.75314709,102.8018961,47.90505482,2
CE1,9829,-29.986378,121.975905,20.2888691,4
CE1,9830,-30.28020392,126.7440447,63.35252423,1
CE1,9831,-30.74566005,128.3342111,47.47503835,2
CE1,9832,-31.31576435,134.3173889,20.89555885,2
CE1,9833,-31.39635323,146.4465361,21.22518551,4
CE1,9834,-30.19459508,154.6002675,25.0232002,2
CE1,9835,-30.44306184,171.7169691,20.36327276,4
CE1,9836,-32.37194982,-168.9584774,22.07204774,2
CE1,9837,-31.96253776,-167.7457986,20.78090352,2
CE1,9838,-32.2543077,-157.1431167,26.95359413,2
CE1,9839,-31.75614029,-150.9381649,35.02810312,3
CE1,9840,-33.19904365,-149.7042524,20.47103047,2
CE1,9841,-32.39984247,-140.2788599,59.09083189,2
CE1,9842,-33.48680136,-133.8922422,25.12958446,2
CE1,9843,-33.74222211,-126.4911267,20.1764396,2
CE1,9844,-33.5261461,-122.2184394,25.4386573,2
CE1,9845,-32.29021471,-121.413919,22.14181681,2
CE1,9846,-33.01722929,-120.3121272,20.29744931,2
CE1,9847,-32.40980204,-112.1513179,61.14443365,2
CE1,9848,-33.66960251,-93.80542244,24.1079657,4
CE1,9849,-32.66439237,-82.01601404,28.07457286,2
CE1,9850,-32.06456332,-73.76791081,33.76601089,2
CE1,9851,-32.04656707,-65.21781754,20.84347782,2
CE1,9852,-32.29619783,-57.77423469,28.62657054,2
CE1,9853,-32.29021471,-55.47627916,72.55357091,1
CE1,9854,-32.22836602,-48.45736981,22.93069765,4
CE1,9855,-33.18324864,-40.95716382,21.24947383,3
CE1,9856,-32.92222042,-31.81724623,25.52876078,3
CE1,9857,-32.27226298,-24.47275386,96.79366784,1
CE1,9858,-32.89845224,-2.47230691,36.38180341,2
CE1,9859,-33.05876352,7.47684963,23.8986834,2
CE1,9860,-33.08446538,8.74143296,24.80469631,2
CE1,9861,-32.55110926,10.25374251,25.07393008,2
CE1,9862,-32.32212012,12.29689393,26.49681339,2
CE1,9863,-31.6838925,23.13078695,35.05130362,2
CE1,9864,-32.79339984,30.78198797,24.58397634,1
CE1,9865,-32.13251723,37.88819131,25.00968243,2
CE1,9866,-33.42971972,52.81546508,21.80998328,2
CE1,9867,-31.72002343,50.95397954,30.71491359,2
CE1,9868,-33.71867653,57.77706722,23.35012498,5
CE1,9869,-33.08446538,71.90453921,22.01061914,2
CE1,9870,-32.31613871,71.57659689,48.42602816,1
CE1,9871,-32.19043794,74.05385901,20.19929243,2
CE1,9872,-31.57139524,75.22407045,58.03913679,2
CE1,9873,-31.81830851,77.19172437,56.40648438,2
CE1,9874,-33.09830172,79.59348898,20.4868841,2
CE1,9875,-31.59350365,86.53926011,60.76789657,2
CE1,9876,-31.31979544,89.35862034,51.35771407,2
CE1,9877,-31.97854928,93.69029011,24.02905507,2
CE1,9878,-31.90046675,96.09441402,27.761049,2
CE1,9879,-32.7299118,105.4089196,27.71116408,3
CE1,9880,-32.96181987,135.5607386,23.82423886,2
CE1,9881,-32.02256655,138.7693829,21.44671522,3
CE1,9882,-32.5013785,147.0811871,21.28655136,2
CE1,9883,-32.19642763,145.4863022,23.47856155,2
CE1,9884,-32.39187402,150.4502636,28.96728236,2
CE1,9885,-33.21878339,157.44558,24.07308686,2
CE1,9886,-32.23235753,174.3216333,25.65017077,4
CE1,9887,-34.91315234,-171.709418,40.65522196,2
CE1,9888,-34.10830433,-150.7352653,21.42887589,2
CE1,9889,-34.54279961,-136.9121427,21.95598872,5
CE1,9890,-34.63796975,-135.6640744,27.74624389,2
CE1,9891,-35.32035145,-132.4601488,24.62674887,4
CE1,9892,-34.22543002,-129.5841654,20.9109582,3
CE1,9893,-34.67872357,-119.5665892,23.05657565,2
CE1,9894,-34.48253365,-118.0188902,25.38810165,2
CE1,9895,-34.10244378,-41.86313397,24.10228651,3
CE1,9896,-34.31511625,-36.17722757,23.06851044,2
CE1,9897,-35.39923901,-29.74106465,23.40791068,2
CE1,9898,-35.47612818,-23.50544199,23.33047997,2
CE1,9899,-34.78536472,-21.41510461,22.25539558,2
CE1,9900,-34.88412713,-14.42450683,27.72689538,2
CE1,9901,-33.95384123,-10.97521424,20.12935796,2
CE1,9902,-35.35691868,-12.15250357,22.51737409,2
CE1,9903,-33.90686007,-8.39886163,23.22786484,3
CE1,9904,-34.71170007,-9.32606545,31.06532476,2
CE1,9905,-35.60475292,-10.30045522,21.91230081,2
CE1,9906,-34.96730528,8.48898816,30.17454536,2
CE1,9907,-34.28003303,10.98512466,31.28272402,3
CE1,9908,-34.05749942,16.76304365,21.81433449,2
CE1,9909,-34.68648392,19.14357458,20.06591143,2
CE1,9910,-33.99101626,20.19582116,40.67280775,2
CE1,9911,-33.88727694,33.35598128,22.06048658,2
CE1,9912,-34.09462909,49.02171508,44.32266806,2
CE1,9913,-35.31072574,50.14474058,27.94533278,2
CE1,9914,-34.7233357,50.83365538,23.26982347,3
CE1,9915,-34.74854061,57.29105198,24.38332766,2
CE1,9916,-35.41846819,60.02311821,23.9792384,3
CE1,9917,-34.80667644,63.99853409,29.31171243,2
CE1,9918,-34.37745022,67.09393209,24.76366677,2
CE1,9919,-35.05233048,71.03159922,26.26350807,3
CE1,9920,-34.72527481,69.46738514,28.41192787,2
CE1,9921,-33.651929,76.23384968,39.07224554,2
CE1,9922,-34.03599586,74.14351231,20.96385028,2
CE1,9923,-33.73829829,87.08425778,24.29371745,2
CE1,9924,-33.51827859,96.57806995,41.97821475,2
CE1,9925,-33.87748369,113.4824348,30.08805413,4
CE1,9926,-35.19127184,117.809386,23.99087513,2
CE1,9927,-33.97340906,123.825594,20.87630819,1
CE1,9928,-33.87748369,126.4019466,91.08606904,1
CE1,9929,-33.5929911,131.3635488,34.11116528,1
CE1,9930,-34.55057268,138.8212874,28.24772415,2
CE1,9931,-33.79713664,139.9844209,53.27471173,1
CE1,9932,-35.2105505,152.382528,31.77403879,2
CE1,9933,-34.12197737,157.3512081,27.2102195,2
CE1,9934,-34.63408739,159.8732969,23.25729412,2
CE1,9935,-35.7235949,-155.5647468,25.7179296,2
CE1,9936,-36.29613185,-149.7113303,29.5223814,2
CE1,9937,-35.89961478,-147.8757971,34.26228363,2
CE1,9938,-36.41013951,-138.5424171,27.19633504,2
CE1,9939,-36.4556958,-120.4914338,25.02921334,2
CE1,9940,-36.12480757,-68.56094176,78.94070964,1
CE1,9941,-37.09066999,-62.66033931,28.20061636,4
CE1,9942,-36.57325908,-59.07420748,46.27053794,2
CE1,9943,-36.48984547,-49.76442049,20.18843396,2
CE1,9944,-36.85505899,-43.8189914,25.05720617,3
CE1,9945,-36.09812343,-40.15028416,23.97705885,3
CE1,9946,-36.5239801,-37.97973068,27.87834879,2
CE1,9947,-35.62201515,-28.24762948,52.07728262,1
CE1,9948,-36.41203822,-26.23514892,22.28114,2
CE1,9949,-36.5789431,-24.42320862,25.31864856,2
CE1,9950,-37.38556262,-21.97661736,25.80915065,2
CE1,9951,-35.60667113,-13.49966231,35.70081132,2
CE1,9952,-37.25234643,-3.35232479,24.49029357,3
CE1,9953,-35.82887109,2.13068204,24.57847257,2
CE1,9954,-36.42532791,6.57559808,54.27838532,2
CE1,9955,-36.58083768,8.37574189,23.11131994,2
CE1,9956,-37.26549091,12.81593933,20.69268773,2
CE1,9957,-35.65461142,18.80147648,34.7313444,2
CE1,9958,-35.62201515,17.30332272,42.27142637,2
CE1,9959,-36.68496788,22.08797756,40.22564212,2
CE1,9960,-36.200998,28.84972351,23.53397794,2
CE1,9961,-35.807827,27.33269537,24.85522566,2
CE1,9962,-36.92864789,57.71336619,22.59547065,2
CE1,9963,-35.69677508,68.3844677,21.33416097,2
CE1,9964,-36.79273607,75.77378671,31.96832012,2
CE1,9965,-36.25618974,76.92276448,20.34346723,5
CE1,9966,-36.19528629,80.01108459,21.86827279,2
CE1,9967,-36.1190903,81.54934641,39.68477355,2
CE1,9968,-36.27521234,85.93999861,33.31719649,2
CE1,9969,-36.49743225,99.68762374,52.1716583,1
CE1,9970,-36.23525953,123.2286918,27.73009233,2
CE1,9971,-36.90412614,123.6793176,23.06525925,2
CE1,9972,-37.24859044,125.222298,20.85714251,2
CE1,9973,-36.61682584,127.4140851,28.15998715,2
CE1,9974,-35.93018709,136.9244124,21.94207919,2
CE1,9975,-36.81918229,141.3693284,40.73602039,2
CE1,9976,-37.14710803,146.8169458,25.22545204,2
CE1,9977,-35.81930629,154.2959181,28.71461574,2
CE1,9978,-35.6488601,155.9120368,25.93802703,2
CE1,9979,-36.35505665,158.684211,33.88487043,2
CE1,9980,-35.62393294,159.2598796,32.86673879,2
CE1,9981,-36.16291204,169.8696393,41.31456713,2
CE1,9982,-36.62818703,177.4594986,23.81429209,3
CE1,9983,-37.78752156,-177.2065806,21.11418464,2
CE1,9984,-37.83412,-175.0147934,88.51231555,2
CE1,9985,-37.36118859,-170.423601,35.66280325,2
CE1,9986,-37.77260386,-167.9958841,21.00184627,3
CE1,9987,-38.46862795,-156.0271691,26.86739281,2
CE1,9988,-37.57466017,-151.3298082,31.28196899,3
CE1,9989,-37.58587863,-144.4996427,22.79252478,3
CE1,9990,-39.06829977,-137.3769242,38.8552489,2
CE1,9991,-37.69983692,-134.5953128,26.72866187,2
CE1,9992,-38.86284609,-126.4911267,28.26500254,2
CE1,9993,-38.50002367,-125.0425182,21.10335356,3
CE1,9994,-38.1186611,-120.4466071,20.61690085,2
CE1,9995,-38.03137045,-108.8671762,20.87053234,2
CE1,9996,-37.57466017,-103.1954255,34.84069265,2
CE1,9997,-39.14885062,-96.78993348,25.90447322,2
CE1,9998,-38.47971035,-91.80473837,26.37420592,3
CE1,9999,-38.36880968,-76.31359256,56.12681387,2
CE1,10000,-38.06852814,-71.1113421,28.63660418,2
CE1,10001,-38.6438992,-67.27984335,21.02098966,2
CE1,10002,-38.32440175,-59.32901158,20.14951154,3
CE1,10003,-37.35556268,-54.85106538,50.30755712,2
CE1,10004,-38.16875966,-44.61643387,21.00479118,2
CE1,10005,-37.50731396,-27.07741804,31.87065426,2
CE1,10006,-39.14519121,-25.07201537,23.51840598,3
CE1,10007,-39.05364427,-22.08278574,20.79160099,3
CE1,10008,-37.98861579,-10.70389505,23.13817761,2
CE1,10009,-37.61952384,-10.12114863,29.41967616,2
CE1,10010,-38.179888,-0.1601956,40.95373809,2
CE1,10011,-37.68863566,1.9065488,40.02698949,2
CE1,10012,-38.39100344,3.55569759,31.74142127,2
CE1,10013,-39.09027731,7.86849298,23.7581072,2
CE1,10014,-39.27498354,11.90760989,23.89975131,2
CE1,10015,-37.49982729,13.68180143,32.46886811,2
CE1,10016,-37.38368798,17.30568202,29.36604347,2
CE1,10017,-38.8757044,17.77282287,53.26571782,2
CE1,10018,-38.77829079,21.93698254,28.7725506,2
CE1,10019,-38.04995165,20.05426332,54.89937931,2
CE1,10020,-38.9362908,25.27066957,21.58132585,2
CE1,10021,-38.2262378,31.45438769,28.74829029,2
CE1,10022,-38.70284168,33.15072242,36.06410631,1
CE1,10023,-39.0737948,52.83198016,23.19344949,3
CE1,10024,-38.976653,58.08613516,23.81275616,2
CE1,10025,-39.37353816,62.92033524,22.59709808,2
CE1,10026,-38.13722013,65.46365769,35.85170411,1
CE1,10027,-38.14464242,68.11314851,38.05599099,2
CE1,10028,-37.58213933,69.78117167,47.04586757,2
CE1,10029,-38.60334809,72.29382326,20.17691085,2
CE1,10030,-37.63634075,86.59352395,33.19361422,2
CE1,10031,-38.47416936,94.89353171,29.90077247,2
CE1,10032,-37.80616447,101.9737828,21.61908363,2
CE1,10033,-38.2577388,103.3162229,46.48795154,2
CE1,10034,-38.16875966,115.8771215,45.15702235,2
CE1,10035,-38.6438992,119.5647032,56.06892428,2
CE1,10036,-39.01149277,130.2593976,25.41369494,2
CE1,10037,-39.21651528,131.4060161,23.64469419,3
CE1,10038,-39.08112083,140.0339662,21.83484498,2
CE1,10039,-38.37250911,149.1243385,33.36222216,2
CE1,10040,-38.29848455,154.7111544,28.84958045,2
CE1,10041,-39.05181212,157.4597358,27.04544339,4
CE1,10042,-38.06109811,158.0778716,20.17668746,2
CE1,10043,-37.89558489,165.1911529,20.72835745,2
CE1,10044,-40.69575889,-175.7957208,28.44552609,5
CE1,10045,-40.28307053,-170.9827544,23.32719407,3
CE1,10046,-39.74641518,-157.4097173,22.91245861,4
CE1,10047,-40.33344648,-147.724802,32.1253356,2
CE1,10048,-39.72282887,-144.1481074,24.21649335,3
CE1,10049,-40.2524668,-140.7813902,23.98157911,3
CE1,10050,-40.21464307,-132.0779426,22.66401173,4
CE1,10051,-39.94205077,-117.4337845,21.07212039,4
CE1,10052,-40.08119115,-116.1951534,25.27255335,3
CE1,10053,-40.87618044,-114.5365675,20.69066309,2
CE1,10054,-39.80443939,-113.6683461,25.57208096,2
CE1,10055,-39.24940968,-104.5378657,39.76514941,2
CE1,10056,-39.59750495,-82.89131332,63.59488377,1
CE1,10057,-39.88776347,-62.9316585,21.63725275,2
CE1,10058,-39.86422561,-55.98352807,49.11881992,2
CE1,10059,-39.9709864,-49.45535255,34.01566607,2
CE1,10060,-39.62658581,-48.30401549,29.95319071,2
CE1,10061,-40.44485949,-42.98615946,30.32679806,2
CE1,10062,-40.55788063,-38.5624771,33.99238186,2
CE1,10063,-41.24974404,-38.71583142,20.32732187,2
CE1,10064,-40.93858837,-30.20348691,27.77260024,2
CE1,10065,-40.00171709,-18.62169666,28.34788916,2
CE1,10066,-40.61342429,-17.87144013,23.55587939,2
CE1,10067,-39.75185703,-17.50810835,22.65833329,5
CE1,10068,-39.90405418,-11.98263417,31.98089908,2
CE1,10069,-39.94566839,-7.06585868,48.51958653,2
CE1,10070,-39.22017098,-3.91383754,42.05813622,2
CE1,10071,-40.43767711,1.60219945,27.8146259,2
CE1,10072,-40.6635531,12.31812761,25.19276224,3
CE1,10073,-41.04009804,17.62654644,21.70778774,2
CE1,10074,-40.92076354,21.5382613,23.48955147,2
CE1,10075,-39.92034101,26.45267749,24.5900879,3
CE1,10076,-41.04365695,57.49631084,21.07020463,2
CE1,10077,-39.55022251,61.7477645,26.78296952,1
CE1,10078,-40.74225088,61.64395542,46.67659666,1
CE1,10079,-40.28487031,65.30322547,26.06463369,2
CE1,10080,-40.92789405,65.52028082,24.40144244,2
CE1,10081,-39.89500426,73.3767407,28.79887121,5
CE1,10082,-39.67744791,74.74749241,58.03867479,1
CE1,10083,-40.43049397,76.71750562,26.16548944,4
CE1,10084,-40.18220593,77.79570447,20.51013665,2
CE1,10085,-40.10284981,79.92614989,57.75298501,1
CE1,10086,-40.29386854,89.05898959,59.14088738,1
CE1,10087,-40.47717067,91.3758195,22.67520759,3
CE1,10088,-39.61931674,115.261345,35.59440808,1
CE1,10089,-40.18581082,117.4153834,35.14677703,2
CE1,10090,-41.02230063,124.5027123,25.01736889,2
CE1,10091,-40.12089343,140.5459337,27.44845355,2
CE1,10092,-39.73371586,142.8698415,21.23936165,2
CE1,10093,-40.24166217,162.4803203,44.93821616,2
CE1,10094,-39.8298096,172.0897381,34.24411714,3
CE1,10095,-39.50108738,176.3647847,23.2511001,4
CE1,10096,-42.40473312,-163.5863575,24.62695075,2
CE1,10097,-41.25683894,-146.2054146,22.44614858,3
CE1,10098,-41.77972134,-142.1143931,21.88118029,3
CE1,10099,-41.60530861,-137.4429846,21.61575414,2
CE1,10100,-42.49003814,-130.5184471,29.568461,2
CE1,10101,-42.18834037,-128.7183033,26.65612591,3
CE1,10102,-41.27989203,-121.7678136,20.73766247,2
CE1,10103,-41.84829951,-120.0927125,24.40946682,2
CE1,10104,-42.04132939,-90.75721038,23.66765935,4
CE1,10105,-41.65644818,-79.72985499,26.16939068,4
CE1,10106,-42.71926131,-80.53673465,29.04371026,3
CE1,10107,-41.99224996,-74.6384915,23.59137666,3
CE1,10108,-42.57522699,-40.10545751,26.64620507,2
CE1,10109,-41.71811431,-29.37065498,26.23480911,4
CE1,10110,-41.45871948,-26.21391524,22.62869947,2
CE1,10111,-41.68112173,-25.00123645,30.61563746,2
CE1,10112,-42.01854722,2.2557248,57.10189584,1
CE1,10113,-42.71406106,4.98543173,20.24258874,4
CE1,10114,-41.55059732,9.78188305,23.99477637,2
CE1,10115,-42.48133887,21.05932396,28.69110782,2
CE1,10116,-40.95819012,23.65926954,37.42578307,2
CE1,10117,-42.4639367,30.0624023,26.97569641,2
CE1,10118,-41.77092395,56.88289355,22.32112824,2
CE1,10119,-41.97471241,67.41715582,37.20167382,2
CE1,10120,-41.39857502,74.98814073,22.30887505,2
CE1,10121,-41.55236292,86.76103405,36.08627069,2
CE1,10122,-41.46579163,107.848433,69.86979471,1
CE1,10123,-42.84566639,143.6955955,24.27880559,2
CE1,10124,-41.64058162,147.8054914,26.69852216,2
CE1,10125,-41.33128883,159.4250304,26.52411686,2
CE1,10126,-44.02430063,-176.1213039,26.80627154,3
CE1,10127,-43.31438184,-175.1091653,43.17741518,2
CE1,10128,-43.38129338,-172.6389811,75.40307787,1
CE1,10129,-44.47215267,-164.4994055,29.20111377,2
CE1,10130,-44.53609339,-149.9732123,20.60319011,3
CE1,10131,-44.26639531,-146.2124925,37.74202187,2
CE1,10132,-43.56791134,-136.0816701,27.41249903,2
CE1,10133,-42.97699194,-132.5450835,30.10004764,2
CE1,10134,-44.52263802,-130.2943139,22.63603487,2
CE1,10135,-43.21989407,-120.3545945,21.06507922,3
CE1,10136,-43.60038209,-118.9225011,49.52172853,2
CE1,10137,-44.56971824,-97.17921753,20.08897721,2
CE1,10138,-44.48898598,-93.52702537,21.12206828,2
CE1,10139,-44.02769342,-74.48041859,20.3695685,4
CE1,10140,-43.51147315,-22.74338897,20.0739577,2
CE1,10141,-44.08195157,-21.63215996,21.64599765,2
CE1,10142,-43.23020895,-16.12320086,26.13976506,2
CE1,10143,-44.10736797,-15.87311535,22.74572636,2
CE1,10144,-43.27316885,-15.3139619,23.81497124,2
CE1,10145,-43.44641829,-3.71329727,58.04649924,1
CE1,10146,-43.8033531,-0.47398213,20.16447244,2
CE1,10147,-43.37786381,1.9891242,22.59325576,2
CE1,10148,-43.45498214,3.18764721,22.88348375,2
CE1,10149,-43.78291659,4.35314006,50.98403532,2
CE1,10150,-43.27660433,7.29046515,32.47936497,2
CE1,10151,-43.10976005,17.56992331,33.94543123,2
CE1,10152,-44.31030584,21.03101239,21.68342196,2
CE1,10153,-42.91654783,28.19147957,24.65141332,2
CE1,10154,-44.10906201,28.948814,27.91761384,2
CE1,10155,-43.20269872,29.8052389,29.60728609,2
CE1,10156,-42.92518634,33.37485565,25.40506727,2
CE1,10157,-43.17345549,34.44361731,24.13295821,3
CE1,10158,-43.47381835,36.65427885,30.37135055,3
CE1,10159,-44.05652425,53.95264636,35.52951218,2
CE1,10160,-42.86642061,58.45654483,24.70699815,2
CE1,10161,-43.57303946,63.85225766,20.69095028,2
CE1,10162,-43.95130878,66.55601232,45.51782722,1
CE1,10163,-43.11837142,68.87992012,21.78314919,2
CE1,10164,-44.40982722,69.25740768,25.47550992,1
CE1,10165,-43.36071307,71.49638078,36.28902034,2
CE1,10166,-44.53609339,71.44447624,26.52776313,2
CE1,10167,-43.42757354,79.72560963,79.14556204,1
CE1,10168,-44.14801148,88.617801,38.20675736,2
CE1,10169,-42.95627493,113.6121962,36.06518169,2
CE1,10170,-43.8901303,142.1644116,25.28578303,4
CE1,10171,-44.12430616,146.6093277,25.81478196,2
CE1,10172,-44.47215267,156.1621223,29.11829163,2
CE1,10173,-44.32718577,167.38294,27.53657455,3
CE1,10174,-44.04635027,170.3226244,25.26891692,3
CE1,10175,-44.62011907,-174.6561803,30.84340983,2
CE1,10176,-44.31199406,-148.4184354,39.20536483,2
CE1,10177,-45.19326142,-146.5781836,21.54929917,2
CE1,10178,-45.0334243,-142.5626596,22.7056288,3
CE1,10179,-46.18700304,-135.5791397,20.14755887,3
CE1,10180,-46.29958919,-127.993999,20.53955972,3
CE1,10181,-44.86645127,-116.008769,58.36811418,1
CE1,10182,-45.7705643,-113.6589089,21.77696368,2
CE1,10183,-44.98838945,-104.9389462,45.39493135,2
CE1,10184,-45.00674126,-90.56374801,21.71354706,4
CE1,10185,-45.70305026,-89.20951138,22.88772562,3
CE1,10186,-45.69316331,-87.25365395,28.8732578,4
CE1,10187,-45.47355368,-40.64101799,25.55151706,2
CE1,10188,-46.11181723,-24.97292488,25.11309893,2
CE1,10189,-44.58820362,-25.2159325,31.31622398,3
CE1,10190,-44.6822199,-22.00728823,24.47724382,3
CE1,10191,-45.94145332,-22.1205345,26.50420327,2
CE1,10192,-46.06109061,-16.17038681,20.77406338,2
CE1,10193,-45.59254675,-14.03758208,28.83560938,2
CE1,10194,-46.03816652,-9.10901011,20.64902511,2
CE1,10195,-44.98838945,-7.86094186,35.2435834,2
CE1,10196,-45.12671703,-4.36446332,20.03333595,2
CE1,10197,-45.25142402,7.07812839,35.79026961,2
CE1,10198,-44.7207896,9.10948334,21.45291549,2
CE1,10199,-44.94999851,16.48936516,72.10755468,2
CE1,10200,-44.9449891,21.44860801,29.84418203,2
CE1,10201,-45.70140256,28.13249714,23.35852885,2
CE1,10202,-45.68327461,33.39844863,26.40176839,3
CE1,10203,-44.42836335,32.45237043,34.25326116,2
CE1,10204,-44.98672082,34.69842142,83.68142846,1
CE1,10205,-44.65537365,44.28896478,51.64136432,2
CE1,10206,-45.77879214,47.0304682,22.04508427,3
CE1,10207,-45.70964059,50.06688377,22.03115564,3
CE1,10208,-45.35596674,48.37290834,25.21500673,2
CE1,10209,-44.83467148,51.71839185,23.14602625,3
CE1,10210,-45.44211075,54.09656349,64.33041603,1
CE1,10211,-45.98081467,54.05173684,29.70874927,3
CE1,10212,-45.62060559,60.11984939,20.75200692,2
CE1,10213,-44.84136342,64.51993878,23.48876432,2
CE1,10214,-45.31118632,64.81013235,23.53983547,2
CE1,10215,-45.05676177,66.92878129,24.42475517,2
CE1,10216,-45.69975481,70.55738047,21.90009725,2
CE1,10217,-45.62060559,76.80951821,25.80204558,2
CE1,10218,-44.56299482,90.01922357,34.15431163,2
CE1,10219,-45.19991159,113.2748167,36.86216458,3
CE1,10220,-45.63875383,111.6209493,39.10967767,2
CE1,10221,-44.77943332,122.7403173,34.59537084,2
CE1,10222,-45.94145332,122.912546,22.16307049,2
CE1,10223,-44.74928113,159.2410052,25.60604958,3
CE1,10224,-44.55627063,160.866561,38.70718999,2
CE1,10225,-45.95785728,170.8345919,27.70556754,3
CE1,10226,-46.28328667,-171.6881843,22.60473238,2
CE1,10227,-47.2976743,-168.5125702,26.85872334,2
CE1,10228,-46.96220591,-144.652997,22.74888357,3
CE1,10229,-47.45424679,-140.0759603,32.23989255,2
CE1,10230,-46.96864622,-132.3185909,24.17660921,2
CE1,10231,-47.15186919,-126.7105413,46.45811597,2
CE1,10232,-47.44148279,-123.9973495,25.17080464,2
CE1,10233,-47.0442618,-117.7829605,20.09437696,2
CE1,10234,-47.73427141,-89.63654419,21.90968177,2
CE1,10235,-47.0892585,-59.07420748,22.26167046,3
CE1,10236,-46.85421542,-17.54821641,24.86084731,3
CE1,10237,-46.13471074,-12.45921222,31.13966373,5
CE1,10238,-46.39404811,-5.02270725,47.83864466,2
CE1,10239,-47.28167137,-3.89732246,32.62675653,2
CE1,10240,-47.00244513,0.22436985,20.45915638,2
CE1,10241,-47.72951081,2.33122231,24.94064924,2
CE1,10242,-46.47534722,12.57293171,28.73322198,2
CE1,10243,-47.52280024,16.43510133,23.28945211,2
CE1,10244,-47.21600875,22.32390729,23.05263696,2
CE1,10245,-47.11174261,30.85040759,22.00984736,2
CE1,10246,-46.82355166,31.5275259,28.4926243,2
CE1,10247,-47.26086033,33.09409928,23.02848839,2
CE1,10248,-47.60717325,36.44901998,22.05113359,3
CE1,10249,-46.39404811,45.39547519,22.55059547,2
CE1,10250,-46.13144082,56.96075036,43.22761965,2
CE1,10251,-46.77509955,61.91055601,27.19736645,2
CE1,10252,-46.26861026,63.62104653,32.81333079,2
CE1,10253,-46.50945667,71.85735326,46.39551379,1
CE1,10254,-46.13144082,85.6899131,31.76565821,4
CE1,10255,-46.19843535,87.35793626,39.81033048,2
CE1,10256,-46.30284911,91.07382945,23.165493,2
CE1,10257,-46.64082136,100.8366015,81.18312927,1
CE1,10258,-46.45259569,103.7621301,29.30993536,2
CE1,10259,-47.70570131,103.3185822,30.9471732,2
CE1,10260,-46.77671532,112.7345376,70.02215211,1
CE1,10261,-46.8074058,115.4901968,49.83319076,2
CE1,10262,-46.3289215,123.0682596,47.38683807,2
CE1,10263,-46.4086909,135.7188115,26.77068268,2
CE1,10264,-46.89937224,145.9581616,60.04649192,1
CE1,10265,-46.59382613,160.5197443,40.10674026,2
CE1,10266,-46.31262771,159.0050755,27.21678734,2
CE1,10267,-47.21120097,171.6650646,51.66292188,1
CE1,10268,-46.73307243,174.0739071,25.41402785,3
CE1,10269,-48.09322801,-169.6568294,21.24330377,3
CE1,10270,-48.61062191,-159.4835396,22.63194354,4
CE1,10271,-48.10110652,-135.4352226,73.8564427,1
CE1,10272,-48.16094376,-129.6077584,25.85024937,2
CE1,10273,-49.18294828,-128.7206626,25.54867224,2
CE1,10274,-48.44500138,-125.969722,34.26417606,1
CE1,10275,-47.75489562,-122.7186104,26.31370734,2
CE1,10276,-48.57629237,-87.51081735,29.93196196,2
CE1,10277,-49.06869795,-80.9307373,23.61915192,2
CE1,10278,-48.25213988,-76.37729358,77.5903739,1
CE1,10279,-47.95436856,-73.06484023,41.95733161,2
CE1,10280,-48.44343634,-47.91001284,20.15559219,3
CE1,10281,-49.20145056,-35.73367969,28.71521152,2
CE1,10282,-47.98122284,-29.75050183,20.97661801,2
CE1,10283,-48.80989486,-28.16741337,22.34251941,2
CE1,10284,-48.21127894,-23.59037669,20.85208998,2
CE1,10285,-47.89745459,-14.34429073,55.96126177,1
CE1,10286,-48.33376388,-12.15250357,30.37365726,2
CE1,10287,-48.4496962,-9.02171611,26.26384384,2
CE1,10288,-47.98753946,-7.80195942,24.08819293,2
CE1,10289,-48.97122327,-8.25966309,22.26958165,2
CE1,10290,-47.82780801,-2.17031686,38.90114169,2
CE1,10291,-48.36825784,12.77819057,44.86881782,2
CE1,10292,-49.01302151,14.87088724,37.07730783,2
CE1,10293,-48.21913935,18.40983313,51.84229092,1
CE1,10294,-48.99754477,25.6717501,21.03148337,2
CE1,10295,-49.09187807,26.65321776,23.55882991,2
CE1,10296,-48.75548455,28.40145703,24.48483683,2
CE1,10297,-48.33846897,38.77056849,21.58086565,2
CE1,10298,-48.8347485,39.83461155,27.45519923,3
CE1,10299,-48.6901143,41.29973515,31.09350087,2
CE1,10300,-48.5918996,52.8791661,20.05812828,2
CE1,10301,-48.77103637,56.04770232,55.66351833,2
CE1,10302,-47.66122779,57.25094393,44.79677468,2
CE1,10303,-48.61686113,62.36118179,21.17721331,2
CE1,10304,-48.40429474,63.50544096,29.44235137,2
CE1,10305,-48.12630965,67.90317106,29.02459639,3
CE1,10306,-47.96858727,111.5124216,20.58851196,2
CE1,10307,-48.07904365,127.0790649,67.2204793,1
CE1,10308,-48.35101378,128.6975429,22.01840714,3
CE1,10309,-48.64960443,134.2584065,20.44821859,2
CE1,10310,-48.2537108,136.3133544,23.36173945,1
CE1,10311,-48.32121483,136.1364071,69.28275178,1
CE1,10312,-47.80087405,147.8526773,47.59910792,2
CE1,10313,-47.85472801,164.3064164,29.41337327,2
CE1,10314,-50.63833021,-168.7933266,34.42371373,2
CE1,10315,-49.63731952,-167.3211251,31.23248545,2
CE1,10316,-49.91612968,-156.1640083,21.76631319,3
CE1,10317,-49.4750888,-146.1086834,22.90857421,2
CE1,10318,-49.85228228,-142.1332675,25.65480735,3
CE1,10319,-50.43138728,-131.8632465,20.23749827,2
CE1,10320,-50.25069847,-129.7044896,22.25995997,2
CE1,10321,-49.28462519,-130.6175376,41.61120169,2
CE1,10322,-49.58993044,-127.1304962,21.91225069,2
CE1,10323,-50.73548897,-86.93043023,21.34793212,5
CE1,10324,-49.49807872,-87.81988529,30.31575337,2
CE1,10325,-50.04054083,-88.52531518,23.09833464,2
CE1,10326,-49.50727166,-73.9542953,26.49698037,3
CE1,10327,-50.1222945,-72.81239542,20.96094814,3
CE1,10328,-49.79901159,-71.50298544,27.13924638,4
CE1,10329,-49.54708779,-47.93832441,27.69756316,2
CE1,10330,-50.24315485,-45.86450212,22.62250759,3
CE1,10331,-49.80510264,-31.30999732,22.65923215,2
CE1,10332,-49.88269633,-23.81922852,67.78071431,1
CE1,10333,-49.84467577,-10.85960867,20.92516328,2
CE1,10334,-49.34614572,1.71072713,44.87278365,2
CE1,10335,-50.86372841,16.33129225,22.83916291,2
CE1,10336,-49.30616612,22.39232691,40.04501279,2
CE1,10337,-49.31693305,23.81262386,34.52631255,2
CE1,10338,-50.41936274,27.78803974,28.68262458,2
CE1,10339,-50.46143527,39.50666923,22.62221096,2
CE1,10340,-49.87509461,41.91551174,35.18207559,1
CE1,10341,-50.14195512,51.54144456,28.33837058,1
CE1,10342,-50.38477518,55.4649559,38.96102786,2
CE1,10343,-49.47202266,60.55396009,21.63107873,2
CE1,10344,-50.39079222,65.1923385,40.12818795,1
CE1,10345,-50.59192208,68.08719624,22.60339342,3
CE1,10346,-50.47495064,80.25881081,20.07869924,2
CE1,10347,-49.81880469,86.47791838,76.60519792,1
CE1,10348,-50.32305648,105.8713419,38.84761967,2
CE1,10349,-50.04054083,107.4638675,26.05335256,2
CE1,10350,-49.95864771,112.4938893,75.50612108,1
CE1,10351,-49.53790233,114.9145283,31.3666342,2
CE1,10352,-49.54708779,129.3463496,29.32579373,2
CE1,10353,-49.73348443,140.5435744,63.00695825,1
CE1,10354,-49.44595274,164.636718,59.24618394,1
CE1,10355,-49.79291978,171.7665143,21.56575705,2
CE1,10356,-50.11170467,175.5531864,23.69603887,2
CE1,10357,-50.94258448,-147.7531136,22.41933898,3
CE1,10358,-51.53342363,-123.52549,32.5931631,2
CE1,10359,-51.16059998,-120.7509565,25.98165077,2
CE1,10360,-52.02677992,-117.0940457,23.98922208,2
CE1,10361,-52.04274532,-89.55396878,20.74658819,2
CE1,10362,-51.15468116,-86.50103813,20.35350197,2
CE1,10363,-50.99161609,-74.16191346,31.31304066,3
CE1,10364,-51.24190669,-67.73282842,22.41039559,2
CE1,10365,-51.42174784,-66.21344099,23.65504987,2
CE1,10366,-50.89945337,-52.66399682,45.81813229,2
CE1,10367,-51.20496689,-40.67168885,71.60303152,1
CE1,10368,-51.77931645,-32.31269866,30.1546437,2
CE1,10369,-51.82600199,-15.70560525,35.73260806,2
CE1,10370,-51.49671835,-12.67626756,20.49130035,3
CE1,10371,-51.47761992,0.92272184,29.82709101,3
CE1,10372,-51.79974732,6.93657056,25.53452853,2
CE1,10373,-51.10582197,29.26260053,21.71173066,2
CE1,10374,-51.23008918,39.80629999,21.16353144,2
CE1,10375,-51.78369528,58.51080866,20.78861407,2
CE1,10376,-51.10285914,74.95982916,25.24187416,1
CE1,10377,-51.47908931,90.69162329,48.50683723,2
CE1,10378,-51.06877301,93.57232524,40.04307466,2
CE1,10379,-50.83840666,98.89018127,50.8607054,2
CE1,10380,-51.2448606,100.1618425,31.8636454,2
CE1,10381,-51.36286125,107.499257,66.775754,1
CE1,10382,-52.20063994,143.2331733,20.70724028,2
CE1,10383,-50.77131213,153.8641667,32.27724788,1
CE1,10384,-50.90838032,171.898635,28.41981874,2
CE1,10385,-51.69311322,173.9559422,65.59598618,1
CE1,10386,-53.08247945,-175.9655902,43.32318353,2
CE1,10387,-53.09806524,-166.8587028,20.93719154,3
CE1,10388,-53.14054326,-151.8346979,53.33200162,2
CE1,10389,-53.36497659,-150.2374536,21.58772967,3
CE1,10390,-52.75530036,-147.0217314,70.95813355,1
CE1,10391,-52.82663661,-133.033458,40.14791976,2
CE1,10392,-52.54345898,-110.4431867,32.22639073,3
CE1,10393,-52.84088982,-101.2254123,32.9730578,4
CE1,10394,-53.4367154,-83.12252445,23.08734718,2
CE1,10395,-52.78242192,-38.51293186,71.18888304,2
CE1,10396,-53.01440266,-31.56244213,21.80834454,3
CE1,10397,-53.46762422,-28.62747634,21.45517668,2
CE1,10398,-52.89073924,-24.07639192,31.19426484,3
CE1,10399,-53.00872474,-3.01494528,28.52392593,2
CE1,10400,-52.13552188,0.29278947,36.83309663,2
CE1,10401,-53.61343432,2.21561674,24.61526087,3
CE1,10402,-52.98032392,3.8057831,32.69874984,3
CE1,10403,-53.2211359,12.62955485,22.89858526,2
CE1,10404,-52.3853439,12.96221576,21.10344129,3
CE1,10405,-52.97890339,16.26287263,30.10742497,2
CE1,10406,-52.5893495,30.7536764,40.62679454,2
CE1,10407,-52.82663661,35.39677341,20.92849488,2
CE1,10408,-53.07114079,43.36176096,21.97217089,1
CE1,10409,-52.98032392,53.49022409,28.72513371,2
CE1,10410,-52.68241685,57.79830089,32.78696028,1
CE1,10411,-53.58403235,76.86378205,27.66086828,2
CE1,10412,-52.3752628,82.45295726,23.66317397,3
CE1,10413,-53.45357755,86.84596876,26.73738972,3
CE1,10414,-53.08389658,94.82983068,29.53242861,2
CE1,10415,-52.80667425,115.9007145,31.47199955,2
CE1,10416,-52.60941151,133.8549667,20.79703595,5
CE1,10417,-52.84801467,136.5327691,28.79769289,2
CE1,10418,-52.87507845,141.3197832,43.67689154,2
CE1,10419,-53.37905256,155.1429058,26.91439355,2
CE1,10420,-52.48459156,168.6380862,25.17297663,2
CE1,10421,-52.70529538,171.0681623,28.0788201,2
CE1,10422,-55.11564854,-177.8577466,20.06779823,3
CE1,10423,-54.53257997,-128.4634992,33.30893576,2
CE1,10424,-54.37484597,-90.69350936,21.51921343,2
CE1,10425,-53.98131574,-62.83964591,25.10250621,3
CE1,10426,-54.70061481,-57.44865167,28.36146159,3
CE1,10427,-54.56678959,-51.70612214,20.56550743,2
CE1,10428,-54.22202144,-52.64984104,66.2875771,1
CE1,10429,-54.93849445,-40.37677669,25.44718842,2
CE1,10430,-54.69243408,-36.24564719,23.44423068,2
CE1,10431,-53.61623343,-32.63120379,35.47641793,2
CE1,10432,-53.91049912,-34.15059122,28.29222541,2
CE1,10433,-54.90866655,-29.07102422,28.64894252,2
CE1,10434,-54.19442516,-21.93415001,50.80947487,2
CE1,10435,-54.89103058,-6.22358956,20.55082806,2
CE1,10436,-54.16266663,-2.02875903,30.49714067,3
CE1,10437,-53.94245091,-0.28995695,53.01496338,1
CE1,10438,-54.3995749,3.29145629,40.38768185,2
CE1,10439,-54.63648828,11.58202686,20.65764364,2
CE1,10440,-54.00905414,17.65013942,29.54843749,2
CE1,10441,-54.24546379,22.79576674,23.3446828,3
CE1,10442,-53.95078214,32.23767438,58.6132727,1
CE1,10443,-53.82424633,34.1958911,47.39187478,2
CE1,10444,-54.56678959,47.64388548,20.71753356,2
CE1,10445,-53.67217687,63.52195604,42.67466475,2
CE1,10446,-54.18338148,65.90720557,20.22357632,2
CE1,10447,-54.52573461,86.84125016,58.98943533,1
CE1,10448,-54.22891763,99.60504834,32.32582831,1
CE1,10449,-54.42703401,101.3037424,29.19132602,2
CE1,10450,-53.92439421,129.5940758,24.10796765,2
CE1,10451,-54.13779512,137.667591,21.48756295,5
CE1,10452,-55.03866246,142.9476983,24.29379863,2
CE1,10453,-53.87435025,153.1823298,30.5944431,2
CE1,10454,-53.86043851,161.2416893,22.02308183,5
CE1,10455,-54.56678959,168.7678475,21.49512309,4
CE1,10456,-56.03192847,-176.8243744,31.28457225,2
CE1,10457,-55.55578293,-156.3338777,48.96300836,2
CE1,10458,-56.02138133,-115.0367385,32.48885542,2
CE1,10459,-55.31619375,-107.3525073,26.06720751,2
CE1,10460,-55.22479512,-98.98172063,45.20961933,2
CE1,10461,-55.54377125,-91.32580102,43.08871605,2
CE1,10462,-55.99236184,-88.00626978,21.67636202,2
CE1,10463,-55.51172216,-57.51943058,30.24445671,2
CE1,10464,-55.51706549,-38.36901472,67.0289057,1
CE1,10465,-55.50370581,-31.40908781,28.84449042,2
CE1,10466,-55.47028676,0.64668406,23.74722212,2
CE1,10467,-55.15610804,16.27938771,24.66433978,2
CE1,10468,-55.92500553,18.00403401,34.90376449,2
CE1,10469,-56.20816506,19.65318279,25.64022164,3
CE1,10470,-55.65573757,22.03135443,20.46213868,2
CE1,10471,-55.97520372,32.57033529,29.83526305,2
CE1,10472,-55.36181423,49.93004453,21.33099109,2
CE1,10473,-55.73817453,59.23275362,35.81249462,2
CE1,10474,-56.39926626,90.48636443,20.75449355,3
CE1,10475,-55.96596157,93.66905643,26.22845683,2
CE1,10476,-56.30383514,112.1022459,21.71292886,2
CE1,10477,-55.46627457,112.2791932,64.30736548,1
CE1,10478,-55.42077453,131.5522925,20.3527805,5
CE1,10479,-55.67569794,159.9865431,59.07471388,1
CE1,10480,-56.18585139,173.4982385,27.76848195,3
CE1,10481,-56.83802032,-144.780399,63.80405209,1
CE1,10482,-57.09011554,-121.3360622,45.20057194,2
CE1,10483,-56.70097149,-118.5709658,24.42433506,5
CE1,10484,-57.59173475,-85.4039649,22.72952107,2
CE1,10485,-57.56896731,-65.35465678,22.13308915,2
CE1,10486,-56.65560957,-30.84757506,31.89810751,2
CE1,10487,-56.66727928,-4.88350871,22.51432827,2
CE1,10488,-56.35223418,-2.38501292,30.002696,3
CE1,10489,-56.60629761,4.32718779,28.62900575,2
CE1,10490,-56.45927835,21.94406043,32.90629687,3
CE1,10491,-57.02981955,31.69503601,32.34590942,2
CE1,10492,-56.7566271,36.09984399,22.44882332,2
CE1,10493,-56.98356913,60.22365847,46.46114452,2
CE1,10494,-56.59331006,64.20379295,25.1502177,2
CE1,10495,-57.70409789,62.87550859,21.98055835,3
CE1,10496,-56.71651158,79.56753671,25.50983782,2
CE1,10497,-56.76567951,86.9780894,60.32853275,1
CE1,10498,-57.09139737,102.6320267,23.50518375,2
CE1,10499,-56.93082497,115.1693324,60.93369811,1
CE1,10500,-56.83802032,118.6209843,30.06439131,4
CE1,10501,-56.80315914,121.8036763,57.02575264,1
CE1,10502,-56.78248536,156.4971425,29.23496876,1
CE1,10503,-58.50190658,-168.0053213,20.62100857,2
CE1,10504,-58.22097528,-156.2701767,23.87182722,2
CE1,10505,-58.34253268,-139.9438397,55.81113212,1
CE1,10506,-58.24457515,-124.5517843,20.77194489,2
CE1,10507,-58.2110338,-118.3892999,58.37960183,1
CE1,10508,-58.77082348,-106.2294818,20.76299019,4
CE1,10509,-58.21351943,-102.492355,35.93896117,2
CE1,10510,-58.30040697,-93.38782683,40.02464783,2
CE1,10511,-58.08154102,-83.78784628,22.05785534,2
CE1,10512,-58.39079156,-68.36747939,24.99831832,2
CE1,10513,-58.11769695,-59.64279812,62.4555787,1
CE1,10514,-57.70031603,-55.87500039,36.9661695,2
CE1,10515,-58.18865529,-42.07075213,20.30932697,2
CE1,10516,-58.4142784,-39.23015822,38.64684755,2
CE1,10517,-58.79527901,-21.29006186,24.78683886,3
CE1,10518,-57.71796132,-14.12723538,22.9612945,3
CE1,10519,-57.97160192,10.31036564,20.14586442,3
CE1,10520,-58.51669541,11.81795659,26.89434124,2
CE1,10521,-58.53024637,13.81392207,38.40215878,2
CE1,10522,-58.66669518,16.06469166,28.98074759,3
CE1,10523,-58.52039165,23.35963879,25.788214,2
CE1,10524,-57.71544109,26.50458203,23.24180747,2
CE1,10525,-58.13264731,27.40819288,31.6068601,2
CE1,10526,-58.61881436,32.09139795,21.65101453,2
CE1,10527,-58.60529763,35.70348205,25.37342028,2
CE1,10528,-58.16875144,46.87475458,52.12162516,1
CE1,10529,-58.22346022,55.99343849,23.56984175,2
CE1,10530,-58.04285102,58.52496445,37.65758916,2
CE1,10531,-57.99536738,75.0093744,57.67001895,1
CE1,10532,-57.73055983,112.5764647,36.91532745,2
CE1,10533,-58.05658453,155.1547023,61.01158619,1
CE1,10534,-58.75124665,156.8510371,26.22890815,1
CE1,10535,-58.45873688,177.6152122,27.37595978,4
CE1,10536,-58.79650133,-176.1448968,32.56973725,2
CE1,10537,-59.56522066,-145.7076029,28.8951371,2
CE1,10538,-59.6618862,-136.5228586,30.24567375,4
CE1,10539,-59.58314267,-102.8297345,27.93382568,3
CE1,10540,-59.10436878,-71.04292248,34.95648213,2
CE1,10541,-59.87807252,-71.26233712,20.31871828,5
CE1,10542,-59.37225588,-64.17972675,49.62879928,2
CE1,10543,-58.81971732,-12.40494838,30.91212286,3
CE1,10544,-59.51498822,6.27832662,25.63417258,2
CE1,10545,-59.21684791,21.25042704,33.15067367,2
CE1,10546,-59.20597899,24.37177731,22.9410447,2
CE1,10547,-59.48265638,33.36777776,20.82608047,2
CE1,10548,-59.46348216,46.48075193,57.62351924,1
CE1,10549,-59.30969619,53.10801794,21.54828518,1
CE1,10550,-59.44189814,73.12665519,21.11412273,5
CE1,10551,-59.12495711,78.15903624,21.56887101,3
CE1,10552,-58.87586012,81.87728873,33.32414946,2
CE1,10553,-59.67260965,100.2066691,28.93559452,3
CE1,10554,-59.36143648,112.8572211,57.72377265,1
CE1,10555,-59.51857874,159.8520632,27.81967017,3
CE1,10556,-59.61537825,167.9114226,21.11794486,2
CE1,10557,-59.81288905,176.9168603,28.42117655,2
CE1,10558,-60.58323201,-140.2647041,24.66681575,2
CE1,10559,-60.24074732,-126.8308655,25.41351324,2
CE1,10560,-60.61681943,-123.7708569,51.61318459,1
CE1,10561,-60.62260683,-116.5750003,20.10219206,2
CE1,10562,-60.48807145,-111.5921645,58.32563859,1
CE1,10563,-60.35764348,-87.45419422,52.08350703,2
CE1,10564,-60.7519728,-83.56843163,35.68058467,2
CE1,10565,-60.38680223,-81.27755399,55.17411845,2
CE1,10566,-60.72775629,-71.0287667,22.80427456,2
CE1,10567,-60.46365604,-57.13486513,29.44456827,2
CE1,10568,-60.8647418,-45.6238538,23.3792407,2
CE1,10569,-60.73813703,-32.20417098,20.331324,2
CE1,10570,-60.50666133,-29.22437855,57.88672867,1
CE1,10571,-60.4520232,-19.78718951,22.47665352,3
CE1,10572,-60.11050232,-3.0857242,36.12114549,2
CE1,10573,-60.14810342,3.41178045,28.08244221,3
CE1,10574,-60.88196733,10.59112201,24.18602898,2
CE1,10575,-60.75427818,15.07614611,40.26176676,2
CE1,10576,-60.7162182,18.56318746,30.38725903,2
CE1,10577,-60.66771295,20.49781121,30.9424965,2
CE1,10578,-60.63649236,22.11392983,26.21063602,2
CE1,10579,-60.88541132,23.95654099,30.12681589,2
CE1,10580,-60.7704112,47.38908138,25.71816293,2
CE1,10581,-60.46365604,49.04530806,33.80458583,2
CE1,10582,-60.56932354,65.06493645,43.8263218,2
CE1,10583,-60.90606745,72.91903703,32.14783216,1
CE1,10584,-60.32378663,74.14587161,43.41733407,2
CE1,10585,-60.28053893,76.27159844,23.17412131,2
CE1,10586,-60.63186452,81.68382635,51.00187991,1
CE1,10587,-60.57280122,117.3351673,54.47136286,1
CE1,10588,-60.5380076,121.8697366,56.64623024,1
CE1,10589,-60.59365943,149.2989265,21.11752108,3
CE1,10590,-60.44271392,153.0855986,50.76953927,2
CE1,10591,-61.71917453,-163.0342819,23.79267354,2
CE1,10592,-61.54654899,-148.5883048,35.64550999,2
CE1,10593,-62.06928217,-136.8437231,27.17359299,4
CE1,10594,-61.6004577,-118.9107046,30.05609522,2
CE1,10595,-61.65315258,-109.0795129,45.39780889,2
CE1,10596,-61.59260185,-85.71775144,56.02020521,2
CE1,10597,-61.26992682,-60.522816,23.51220841,2
CE1,10598,-61.44183394,-58.97747629,25.02304926,2
CE1,10599,-61.79843763,-56.15811607,30.05784018,2
CE1,10600,-61.77724638,-54.15507269,29.2887884,2
CE1,10601,-61.53867947,0.69387001,28.56750224,2
CE1,10602,-62.08033119,7.86377438,31.76819407,2
CE1,10603,-61.6004577,12.68381868,25.60037251,2
CE1,10604,-61.83520877,24.79409152,22.31525744,3
CE1,10605,-61.32544741,27.25247927,35.99244473,2
CE1,10606,-61.89083875,47.5424357,32.90627088,2
CE1,10607,-61.81627156,70.49367945,34.89910387,2
CE1,10608,-61.4970503,108.063129,26.08334028,2
CE1,10609,-61.60270187,110.4011926,51.91985338,1
CE1,10610,-61.6397071,115.1433801,21.71323213,2
CE1,10611,-61.23248001,141.7208637,26.48428103,2
CE1,10612,-61.72923327,175.3408497,31.10491598,3
CE1,10613,-62.84168109,-133.7129356,20.78395591,3
CE1,10614,-62.81905743,-130.6741607,50.5468965,2
CE1,10615,-62.39026268,-104.2523907,26.0692239,2
CE1,10616,-63.32654556,-37.98444927,24.43365005,2
CE1,10617,-63.22894326,-16.50776631,24.41146549,2
CE1,10618,-63.02418536,13.92009045,37.6721937,2
CE1,10619,-63.10754244,31.54875958,25.88827332,2
CE1,10620,-62.97812996,43.0621302,21.70584226,3
CE1,10621,-62.37823277,44.93069363,35.88468336,2
CE1,10622,-62.45033983,67.93384192,36.95226005,1
CE1,10623,-62.48959778,88.78295181,20.12690306,2
CE1,10624,-63.1235453,97.62323864,20.0652477,2
CE1,10625,-62.54403716,119.3594443,34.28043818,2
CE1,10626,-62.41758542,145.1347669,26.65250052,3
CE1,10627,-62.54838802,160.1516939,27.57439847,2
CE1,10628,-62.79425915,161.7442196,33.9641331,2
CE1,10629,-64.09659062,-167.5853664,29.01050426,2
CE1,10630,-63.41959563,-153.7551658,23.42245213,2
CE1,10631,-63.9664226,-134.446677,41.57690702,2
CE1,10632,-63.87203421,-116.0465177,48.18853893,2
CE1,10633,-63.49339771,-51.24134058,26.89412489,5
CE1,10634,-63.49023867,-29.3517806,31.37019135,2
CE1,10635,-63.62366637,15.51733469,21.32841475,2
CE1,10636,-63.63833673,17.15468699,23.95193461,3
CE1,10637,-63.68334834,21.05224607,30.3385652,2
CE1,10638,-63.69485147,24.05563148,21.5404948,2
CE1,10639,-64.09968246,34.6276425,33.44580173,2
CE1,10640,-63.9747053,65.73025828,27.78449662,2
CE1,10641,-64.02744989,81.70506003,27.04881173,3
CE1,10642,-63.78045501,119.4490976,50.97585536,2
CE1,10643,-64.11513653,125.6682052,21.02532346,5
CE1,10644,-63.90422418,141.048464,51.54223522,1
CE1,10645,-63.53969026,173.3307284,27.64346605,2
CE1,10646,37.30757391,179.0614615,21.44811915,2
CE1,10647,29.54691861,179.2195344,21.78367083,2
CE1,10648,27.01875124,179.3492957,28.16334128,2
CE1,10649,14.90879714,178.8609212,22.27340927,5
CE1,10650,3.9221188,178.8373282,29.1589876,2
CE1,10651,0.42398453,178.8774363,25.29962679,2
CE1,10652,-2.61152247,178.6273508,20.31069527,5
CE1,10653,-11.41651867,178.2498632,39.50894573,2
CE1,10654,-12.4091535,178.9104664,43.81307526,2
CE1,10655,-47.76441174,177.9006872,30.37955261,4
CE1,10656,-49.62967924,177.6836319,75.38507251,1
CE1,10657,-50.90838032,178.2121145,26.60215798,3
CE1,10658,-61.81404289,177.8015967,33.39531708,2
CE1,10659,60.83994282,-177.1074901,31.2156722,3
CE1,10660,62.96142414,-171.1974505,23.98532022,4
CE1,10661,53.53697359,-169.4987564,25.0633779,4
CE1,10662,55.07166201,-164.1903376,33.17665303,3
CE1,10663,55.45479641,-171.1974505,59.30827366,1
CE1,10664,54.69164214,-176.7064096,72.38204298,1
CE1,10665,61.87462661,-162.3736787,38.30911439,3
CE1,10666,57.35377162,-176.2935326,22.22699619,2
CE1,10667,60.34179261,-178.3815106,29.77900972,2
CE1,10668,64.44015693,-166.6675997,26.23434124,2
CE1,10669,57.39193348,-153.4319421,28.07093076,3
CE1,10670,59.59200364,-147.073636,29.0033215,5
CE1,10671,61.72970173,-150.4120416,80.2178601,1
CE1,10672,61.18295825,-140.8686842,30.55091106,2
CE1,10673,62.31627813,-122.938025,27.21998194,2
CE1,10674,55.8408694,-127.279132,30.33424885,2
CE1,10675,56.22970411,-120.826454,36.49082841,2
CE1,10676,55.36773999,-118.3020059,39.15337732,2
CE1,10677,59.38237397,-114.32659,20.49497657,3
CE1,10678,60.14272349,-116.6504978,70.51984912,1
CE1,10679,54.69845966,-114.9400073,89.29679185,2
CE1,10680,61.9079738,-105.4910218,27.42861108,3
CE1,10681,55.72810424,-103.9220891,42.94699083,2
CE1,10682,55.52163242,-99.698947,54.30854855,1
CE1,10683,63.13252355,-104.5826923,24.87887244,2
CE1,10684,57.62007197,-105.9628812,24.47219524,2
CE1,10685,60.87441132,-102.8604053,22.40252471,3
CE1,10686,58.38265309,-102.270581,63.2720316,1
CE1,10687,56.38022425,-96.8559938,27.26706183,3
CE1,10688,59.98377587,-90.87517525,37.65080108,3
CE1,10689,55.1458881,-92.84518846,27.41300193,2
CE1,10690,59.08063959,-87.70192043,33.41520834,2
CE1,10691,60.32427632,-96.89138326,84.47050028,2
CE1,10692,61.43215449,-83.70291158,22.92570415,4
CE1,10693,62.75153478,-77.74568599,39.29348065,2
CE1,10694,60.94896557,-79.84546056,24.50335928,2
CE1,10695,54.90245309,-78.61862598,25.35327881,2
CE1,10696,58.24633733,-74.67859956,20.65883533,2
CE1,10697,64.15879336,-79.6331238,35.35209898,2
CE1,10698,57.56949774,-81.8744562,109.0898747,1
CE1,10699,63.40842359,-80.54145325,52.58356697,1
CE1,10700,56.83468954,-73.51074741,27.1016292,2
CE1,10701,64.45542158,-72.54343554,31.72241356,2
CE1,10702,58.60458384,-68.85113532,39.63799269,2
CE1,10703,59.14725027,-46.11930622,28.38962692,3
CE1,10704,58.83732571,-40.99963117,28.15375719,4
CE1,10705,59.32825863,-40.59855064,28.12450521,2
CE1,10706,58.94094391,-35.65582288,22.72525395,3
CE1,10707,54.52767775,-30.32381107,20.92092567,4
CE1,10708,58.95311389,-31.7629824,22.41426349,5
CE1,10709,59.34029171,16.95650602,27.73233206,3
CE1,10710,63.80693869,11.95479583,47.64400507,1
CE1,10711,55.97971734,22.32390729,23.23477739,4
CE1,10712,62.98822469,25.68590588,63.60235323,1
CE1,10713,59.41240078,42.18919022,39.31130094,2
CE1,10714,59.72905279,39.95965431,22.71767867,1
CE1,10715,64.29215941,53.46663112,27.50239883,3
CE1,10716,57.32193973,43.26267047,32.14498747,2
CE1,10717,64.19989756,43.39243182,20.30502533,2
CE1,10718,56.83468954,49.67995902,39.96916078,2
CE1,10719,61.60092812,43.79351236,61.23912834,1
CE1,10720,64.30750646,42.40152697,28.73991596,2
CE1,10721,53.70489622,66.12426092,20.7641976,4
CE1,10722,56.61463225,77.03601075,32.58827829,3
CE1,10723,54.30802988,88.97405488,31.73784583,2
CE1,10724,55.15262909,91.40413106,24.09713289,2
CE1,10725,55.42803025,113.2040377,20.44720413,3
CE1,10726,61.91352813,102.1153406,31.64866324,2
CE1,10727,56.60814047,119.857256,31.00643643,2
CE1,10728,63.3608603,121.4261887,29.0048321,1
CE1,10729,54.60291008,115.4453701,41.76471276,2
CE1,10730,60.63813419,122.6530233,75.55251356,1
CE1,10731,55.94009722,128.8933645,37.31212937,1
CE1,10732,62.8054956,127.1474846,20.5897584,3
CE1,10733,61.81896718,135.841495,42.40529285,2
CE1,10734,56.87983571,136.1246106,26.37650543,3
CE1,10735,54.69845966,135.6173617,23.8133047,3
CE1,10736,57.07270291,129.1057013,25.37400573,2
CE1,10737,53.59302204,125.897057,24.072505,2
CE1,10738,59.57408635,116.1177699,24.45556699,2
CE1,10739,61.49977391,145.9392872,23.96223503,2
CE1,10740,56.69244661,142.0700397,30.225895,3
CE1,10741,58.47529469,129.2708521,20.53356545,2
CE1,10742,60.20139884,144.1698143,29.11782086,3
CE1,10743,55.98631675,145.302277,25.38683322,3
CE1,10744,58.04087699,144.3939475,24.19530429,3
CE1,10745,54.72571829,150.3865626,35.27516091,2
CE1,10746,59.6039432,156.3201952,24.91775075,2
CE1,10747,63.78089199,153.1705333,27.01095854,2
CE1,10748,55.69487588,153.2295158,21.22820575,2
CE1,10749,63.42426051,158.3373943,23.89315875,3
CE1,10750,64.39940958,172.5285674,21.27940957,4
CE1,10751,63.87974159,170.1456771,22.10890347,3
CE1,10752,59.28610925,171.0422101,22.36010508,3
CE1,10753,58.13441505,161.8527473,77.32275147,1
CE1,10754,54.59607651,178.9010293,28.50624669,2
CE1,10755,57.70840774,173.7459647,46.25306077,2
CE1,10756,48.94863643,-164.709383,35.73072653,2
CE1,10757,48.21508231,-172.6838077,31.53356428,2
CE1,10758,46.40774611,-170.4070859,30.60472417,3
CE1,10759,46.06505096,-158.7993434,31.71594978,2
CE1,10760,51.01153965,-157.2893931,27.1389192,3
CE1,10761,47.13489007,-172.5658429,30.42217801,2
CE1,10762,48.71567987,-166.5968208,41.83197517,2
CE1,10763,51.74780446,-168.1421605,41.05790466,2
CE1,10764,59.08063959,-178.7354052,25.90740251,2
CE1,10765,48.26222314,-152.5118162,34.917953,2
CE1,10766,46.97415082,-151.1906097,26.57159083,3
CE1,10767,50.21058172,-155.0598572,32.51098717,2
CE1,10768,53.34726133,-152.3348689,28.61948465,3
CE1,10769,49.56456483,-147.5808849,56.9393898,2
CE1,10770,46.08960017,-153.7622437,34.80505962,2
CE1,10771,50.04420642,-150.6833608,90.67709501,2
CE1,10772,49.78594253,-137.4123137,32.40181473,3
CE1,10773,48.35637452,-155.3193799,22.86511752,3
CE1,10774,47.19103436,-138.6391483,95.72349862,1
CE1,10775,52.62290409,-132.5521613,29.70357332,3
CE1,10776,48.48945836,-124.7546839,23.67508438,2
CE1,10777,50.25585645,-127.1847601,33.95707329,2
CE1,10778,53.02918903,-111.9672928,35.9938656,3
CE1,10779,47.13489007,-116.3083997,55.6258821,2
CE1,10780,51.31484096,-121.5696326,30.75508486,5
CE1,10781,48.94088866,-110.0798549,20.9335657,2
CE1,10782,50.98926854,-104.2641872,23.91258926,3
CE1,10783,48.75458119,-100.4893116,39.47834708,2
CE1,10784,47.11883795,-104.4175415,34.07403803,2
CE1,10785,52.0390001,-86.28634208,21.57732725,3
CE1,10786,49.90005299,-90.91056471,39.16560559,2
CE1,10787,51.3737893,-96.91497623,44.37657198,2
CE1,10788,51.47676651,-92.33793955,31.88098773,2
CE1,10789,52.53688586,-92.78620603,24.8620764,4
CE1,10790,48.23080075,-95.60556625,24.23225617,2
CE1,10791,56.51062976,-93.60016358,25.38694862,2
CE1,10792,51.66739464,-85.1420829,24.95847882,4
CE1,10793,54.99053075,-95.93586787,20.68306609,2
CE1,10794,52.57991607,-83.05410483,22.68936516,2
CE1,10795,46.5701822,-83.05410483,66.45539557,1
CE1,10796,45.8436166,-79.24383975,25.34131855,1
CE1,10797,47.18301738,-78.55964355,29.31701144,2
CE1,10798,55.6416517,-75.55153954,38.69639607,2
CE1,10799,52.04625582,-60.15712492,29.50133641,3
CE1,10800,50.48909143,-39.94974389,28.45226327,3
CE1,10801,47.00633743,-45.31714516,24.14488061,5
CE1,10802,52.43631784,-35.85636314,26.06736464,5
CE1,10803,49.75546758,-30.31201458,25.99772685,2
CE1,10804,53.12131898,-13.82052673,24.92235214,2
CE1,10805,51.60149843,-9.25528654,109.3657921,3
CE1,10806,49.87725245,20.22413273,37.55071554,3
CE1,10807,49.84683496,30.48707581,27.60953338,2
CE1,10808,46.86941046,39.24006864,71.5231636,4
CE1,10809,49.76308811,53.06555059,29.94563309,2
CE1,10810,50.49659605,49.66816253,28.45953575,2
CE1,10811,48.77013329,42.33074805,61.18835516,2
CE1,10812,50.84052114,46.36514637,25.41141343,2
CE1,10813,47.73334983,59.58900751,31.60147332,2
CE1,10814,52.35713873,62.04267666,24.14502997,2
CE1,10815,46.7644653,61.07536478,28.00609816,2
CE1,10816,47.34312695,73.00161243,23.55990603,2
CE1,10817,49.83161904,73.40269297,30.09303701,2
CE1,10818,49.77070745,68.71948791,27.44269888,2
CE1,10819,52.31389024,80.11489367,29.32434064,3
CE1,10820,49.54160615,81.0350196,24.22928987,3
CE1,10821,46.12231545,84.50318658,23.20248621,2
CE1,10822,48.9950978,96.60638152,31.87841702,3
CE1,10823,52.07526694,112.4490626,43.72914183,2
CE1,10824,49.31142564,94.16450886,28.33391878,2
CE1,10825,52.08251678,121.6621184,33.82994367,2
CE1,10826,51.88635768,119.5387509,29.40604936,2
CE1,10827,49.81639832,123.325423,25.54958022,5
CE1,10828,48.956383,117.4389763,30.00621952,2
CE1,10829,48.15216028,133.7417204,38.8702928,2
CE1,10830,46.62692024,128.928754,31.34487661,5
CE1,10831,52.83008521,136.9975506,21.97174793,4
CE1,10832,49.43432297,132.6564437,20.09444163,3
CE1,10833,51.10792431,135.1219093,23.62767202,4
CE1,10834,53.31203642,133.4704012,64.60928594,1
CE1,10835,50.72118075,128.1501859,35.85099687,2
CE1,10836,56.79594945,124.9887276,51.64130306,1
CE1,10837,47.77300523,149.5018261,25.30635669,2
CE1,10838,46.62692024,140.3713457,36.19124476,2
CE1,10839,53.39652734,139.0147498,29.93640731,2
CE1,10840,53.48787026,144.6770632,22.79375158,2
CE1,10841,48.87886319,146.9301921,66.90332171,1
CE1,10842,47.74921562,131.7481142,20.1299647,2
CE1,10843,53.29793832,141.3858435,28.26754917,2
CE1,10844,51.82078032,154.2558101,25.45923267,3
CE1,10845,49.0105753,158.5261381,27.42226639,4
CE1,10846,47.35911127,170.2518455,23.55277156,2
CE1,10847,50.72864845,167.2791309,21.99366189,3
CE1,10848,52.54406049,151.4010604,20.36185032,2
CE1,10849,46.40774611,165.3798967,21.97522326,2
CE1,10850,52.48663059,178.6061171,22.9294994,3
CE1,10851,48.34853521,175.8929252,22.67968517,2
CE1,10852,50.89263681,177.9455139,36.32184468,1
CE1,10853,52.64438228,175.8221463,52.53717995,1
CE1,10854,45.28200898,-169.4987564,38.50863623,2
CE1,10855,39.52187255,-157.3483756,35.75710063,2
CE1,10856,39.57644865,-160.4862409,41.08378524,2
CE1,10857,43.02257796,-161.677686,33.89242674,2
CE1,10858,45.20725783,-173.4741723,59.8528886,1
CE1,10859,38.98292401,-173.0494988,24.51971141,4
CE1,10860,42.19781301,-172.1647623,27.18916762,2
CE1,10861,40.74836257,-166.2901122,40.47481914,2
CE1,10862,42.24149387,-173.9106423,27.85990053,2
CE1,10863,44.02331537,-165.7356773,32.13653969,2
CE1,10864,44.83202665,-155.5906991,42.69354834,2
CE1,10865,40.5066307,-153.7032613,35.24824012,3
CE1,10866,38.31036915,-146.4720152,34.80200783,2
CE1,10867,47.51072096,-156.8175337,23.26654078,2
CE1,10868,44.47117489,-148.8313124,34.67110992,2
CE1,10869,45.72845043,-150.5889889,35.73168833,2
CE1,10870,44.89055746,-152.7359494,42.8691495,2
CE1,10871,48.27007573,-146.9792641,31.92251409,2
CE1,10872,38.6336147,-156.0153726,36.1996252,2
CE1,10873,44.02331537,-150.8603081,81.45224464,1
CE1,10874,42.26768788,-141.9657574,74.32859597,1
CE1,10875,46.20401872,-145.0918263,57.25851326,2
CE1,10876,40.55146187,-139.8070004,39.86561375,2
CE1,10877,37.50061197,-142.2134836,28.09029797,3
CE1,10878,40.20098392,-136.9050648,30.47467362,2
CE1,10879,37.64086053,-135.9141599,46.02281259,2
CE1,10880,40.75729879,-122.0178991,33.64945623,2
CE1,10881,38.17139208,-123.9761158,26.32205063,2
CE1,10882,43.16041061,-131.160176,32.16467873,2
CE1,10883,42.67663974,-122.4307761,22.95732145,2
CE1,10884,40.5604245,-112.6986749,50.86385777,2
CE1,10885,42.18907321,-114.2558111,32.8866266,2
CE1,10886,45.62954718,-115.175937,30.35161578,2
CE1,10887,44.80692381,-98.00025297,23.99940487,3
CE1,10888,43.25499059,-88.78719717,40.32631022,3
CE1,10889,45.01578024,-94.6146614,35.03578818,2
CE1,10890,45.58003,-88.19737286,27.93709143,2
CE1,10891,44.34476818,-89.84888094,24.40469762,3
CE1,10892,39.63098182,-97.1155165,66.93822422,1
CE1,10893,39.24834857,-92.14919577,26.67525737,2
CE1,10894,41.3621415,-85.53136695,60.16537171,1
CE1,10895,43.69158098,-71.7176815,26.05510155,4
CE1,10896,38.31962484,13.59450743,34.85252376,2
CE1,10897,40.37195732,32.99972739,31.36008591,3
CE1,10898,42.11036065,37.25825894,42.63790059,2
CE1,10899,48.09704014,27.23124559,22.14530708,2
CE1,10900,45.42293722,49.51480821,26.42839704,4
CE1,10901,42.74598237,52.68806303,43.02615283,2
CE1,10902,39.1203374,51.44943196,21.97380221,2
CE1,10903,43.63184358,45.88149043,24.22908673,2
CE1,10904,37.30382068,47.67455635,37.38770956,2
CE1,10905,44.00634825,62.03088018,31.25948598,2
CE1,10906,42.24149387,59.38846724,26.69369277,2
CE1,10907,42.88443518,66.7494747,20.28131017,4
CE1,10908,44.55529426,69.68679978,38.75240808,2
CE1,10909,40.58730521,67.82295495,32.76095889,2
CE1,10910,39.42170491,73.82736648,29.82680879,3
CE1,10911,42.95354534,75.36090969,30.62808663,2
CE1,10912,42.47684823,72.15226542,29.20483409,2
CE1,10913,41.50364852,85.5176844,32.54811852,3
CE1,10914,43.46083779,83.57126416,38.08290824,2
CE1,10915,44.89891414,82.79269606,37.16518224,1
CE1,10916,43.42657842,95.56829073,21.02205498,2
CE1,10917,41.1404195,109.1578429,35.38461692,2
CE1,10918,42.09285568,105.0526657,37.26489959,3
CE1,10919,42.02278747,111.1278562,54.22575265,1
CE1,10920,45.47259282,106.5744124,23.92621545,2
CE1,10921,38.08787838,113.5815253,28.09733895,2
CE1,10922,46.61881845,110.9037229,119.0076261,1
CE1,10923,40.64103421,116.2357347,28.82601285,2
CE1,10924,50.85541728,120.3998944,56.70161662,1
CE1,10925,41.48597702,125.873464,23.62969615,2
CE1,10926,42.14535609,127.0767056,27.44938752,2
CE1,10927,44.93232874,134.7090323,21.42385161,3
CE1,10928,40.891198,132.809798,26.52625724,2
CE1,10929,40.12886578,135.2752636,78.98399575,1
CE1,10930,46.0323017,135.8061055,48.70593554,2
CE1,10931,39.24834857,144.9011964,33.90281426,2
CE1,10932,40.81981873,141.7987205,40.18094459,2
CE1,10933,38.62439924,141.8694995,110.3807041,1
CE1,10934,49.10333931,138.77882,42.32264633,2
CE1,10935,45.77783649,143.8984951,28.06575985,1
CE1,10936,42.31132039,154.7984484,70.86730154,2
CE1,10937,37.38822308,164.9316302,36.05857959,2
CE1,10938,42.25895775,165.8989421,36.44838776,1
CE1,10939,41.87363589,172.4459919,25.88988334,2
CE1,10940,40.23701426,173.3661179,22.06925982,2
CE1,10941,37.13473143,176.081669,30.79430792,2
CE1,10942,41.17594558,177.5680263,45.07152453,2
CE1,10943,40.13788474,176.4355636,28.0576989,2
CE1,10944,32.82595802,-159.8964166,43.81271991,2
CE1,10945,33.66453495,-169.9470229,38.3156607,2
CE1,10946,29.08406001,-170.7609805,26.71436006,3
CE1,10947,35.2787972,-166.2075368,51.46873556,2
CE1,10948,33.8410806,-171.6811064,27.26925809,3
CE1,10949,36.94641034,-163.9897973,39.87283484,2
CE1,10950,34.66983556,-162.7865557,42.60836299,2
CE1,10951,35.58637265,-172.7427902,32.46477123,2
CE1,10952,34.73772132,-161.4417563,34.92175691,2
CE1,10953,31.12493603,-168.2247359,39.11861836,2
CE1,10954,30.77083906,-170.8907418,27.9258657,2
CE1,10955,26.89678086,-162.8809276,27.84836224,2
CE1,10956,30.99356752,-159.1650344,46.06689919,2
CE1,10957,36.04552768,-177.0721006,26.27899662,2
CE1,10958,33.8900565,-147.3921411,34.7416845,2
CE1,10959,31.30653096,-146.4366257,37.65863196,2
CE1,10960,29.88500844,-150.0109611,50.24012994,2
CE1,10961,30.90251393,-155.0952467,33.42347764,2
CE1,10962,30.17097681,-153.4909245,25.88272616,2
CE1,10963,27.02295476,-156.3692672,30.111622,2
CE1,10964,32.46838034,-143.7588233,45.62812828,2
CE1,10965,29.82362231,-137.5302786,27.3714749,2
CE1,10966,29.40314329,-143.216185,32.81358534,2
CE1,10967,31.1047373,-137.6364469,32.79207197,2
CE1,10968,33.56629711,-140.7271264,41.83383757,1
CE1,10969,44.68124564,-133.755403,22.41424429,2
CE1,10970,33.40888388,-142.9566623,31.44164725,2
CE1,10971,35.09561919,-127.668416,26.86758639,2
CE1,10972,33.67435258,-128.8008787,26.25592989,3
CE1,10973,27.95429656,-127.1139812,42.07211546,2
CE1,10974,34.2808503,-115.1405476,25.53171763,2
CE1,10975,31.49783546,-116.5679224,46.58482261,2
CE1,10976,34.83460431,-110.6578828,31.96420218,2
CE1,10977,28.74330137,-101.4920129,59.27397769,2
CE1,10978,27.87090365,-110.0208725,48.65813245,2
CE1,10979,30.0995621,-109.0181712,43.43583718,2
CE1,10980,31.40726614,-102.7896264,36.54327578,2
CE1,10981,27.89175791,-107.8149296,36.42105416,2
CE1,10982,31.42740023,-118.6323075,33.51465261,2
CE1,10983,29.32089452,-113.8429341,30.03303631,2
CE1,10984,28.01679901,-93.25806548,35.80596538,4
CE1,10985,35.09561919,-89.05851636,22.91495685,2
CE1,10986,29.25916438,-91.93685901,74.07159763,1
CE1,10987,44.13348332,-86.47508586,25.63842862,2
CE1,10988,34.19307903,-79.36180462,45.80198251,2
CE1,10989,28.79500336,-84.15117806,39.77933269,2
CE1,10990,28.9189835,-75.42177819,44.80432989,1
CE1,10991,32.68706997,-81.89804917,60.14193783,1
CE1,10992,35.78757967,-76.66040925,34.46825912,2
CE1,10993,29.4236951,-77.06148979,29.44187498,2
CE1,10994,31.43746565,-79.22024678,41.75147758,2
CE1,10995,28.2664457,-70.84474151,30.05079389,5
CE1,10996,36.77652233,-4.61926742,33.25557919,3
CE1,10997,35.46156183,31.20666147,29.87469061,3
CE1,10998,28.15209653,37.16388705,38.31900158,2
CE1,10999,29.90546209,31.65492795,54.69522163,2
CE1,11000,29.95657784,34.7102179,35.70284486,2
CE1,11001,32.09938447,51.10733386,25.09048384,2
CE1,11002,33.50730068,48.6654612,94.19039595,1
CE1,11003,31.92934344,44.51309802,57.21134142,1
CE1,11004,30.44594854,58.49193428,38.29722406,2
CE1,11005,34.09544815,66.51354497,23.98793986,2
CE1,11006,29.32089452,61.87752585,31.68745151,2
CE1,11007,43.25499059,47.29706879,38.38171589,2
CE1,11008,35.39427565,62.8684307,26.49467548,1
CE1,11009,36.92755255,65.54623309,26.5064153,2
CE1,11010,29.22828532,45.3034626,26.67687157,1
CE1,11011,43.29793301,56.80503674,36.29848853,2
CE1,11012,31.57826795,85.78900358,28.52379979,2
CE1,11013,37.2287167,86.57936817,53.82073766,3
CE1,11014,29.54691861,83.26455552,24.07956931,3
CE1,11015,30.98345474,90.33065081,25.94425119,2
CE1,11016,33.69398447,91.06203296,56.76282515,1
CE1,11017,35.91188186,100.7233552,29.20333969,2
CE1,11018,29.18709876,89.4813038,118.60293,1
CE1,11019,28.72261341,104.5572133,38.08782191,3
CE1,11020,28.48440802,111.6351051,36.71592499,2
CE1,11021,29.62898427,107.3175911,53.39065252,1
CE1,11022,33.74304456,119.031502,31.03513226,2
CE1,11023,31.55816632,116.5896293,28.25429117,2
CE1,11024,30.00766732,124.9651346,30.66635222,2
CE1,11025,32.18927833,125.7319062,38.40730479,2
CE1,11026,34.63101869,131.5947599,36.02249619,2
CE1,11027,36.25508481,134.6736428,28.03770067,3
CE1,11028,32.92503103,129.1646837,27.54217513,3
CE1,11029,33.07343274,139.4394233,27.51176539,2
CE1,11030,34.99904398,148.7350545,25.05194783,2
CE1,11031,34.92170164,164.6957004,32.20413771,2
CE1,11032,32.8358703,168.8244707,31.64748103,2
CE1,11033,35.80671577,171.6202379,24.80220058,5
CE1,11034,35.84497412,170.1574736,32.09756457,2
CE1,11035,33.80187966,177.6623982,36.64921933,2
CE1,11036,40.4438167,168.5437143,25.72473083,2
CE1,11037,37.50061197,174.843038,48.50342472,2
CE1,11038,35.95008947,173.9347085,35.15930736,1
CE1,11039,25.85050488,-163.4353625,28.08971437,2
CE1,11040,20.18616422,-176.1165853,27.79904067,2
CE1,11041,35.31730835,-175.1374769,24.42871724,2
CE1,11042,16.83085199,-162.7157768,32.65781617,2
CE1,11043,27.34824772,-161.5361282,77.15495634,1
CE1,11044,25.65926153,-150.51821,52.11803201,1
CE1,11045,23.81657707,-153.2196053,32.10163051,3
CE1,11046,26.17914369,-153.3493667,39.00223428,2
CE1,11047,23.22167238,-149.7750313,31.9470423,2
CE1,11048,18.91894511,-156.558011,37.1496697,2
CE1,11049,18.37125645,-141.7534207,67.82772014,1
CE1,11050,22.53696826,-127.5976371,51.43424009,2
CE1,11051,27.01244566,-126.2646342,38.39495553,2
CE1,11052,26.72832958,-132.0685054,31.91550263,2
CE1,11053,22.3952527,-129.5440573,30.06185787,2
CE1,11054,23.34086796,-131.7853897,37.83577187,2
CE1,11055,26.80205781,-124.683905,28.15464666,2
CE1,11056,20.90415996,-114.6922811,30.06875084,2
CE1,11057,25.16913701,-128.4115947,59.43990567,1
CE1,11058,27.27487744,-123.374495,37.19877844,2
CE1,11059,21.9692414,-98.93217539,55.2264294,2
CE1,11060,20.45166254,-109.3602693,53.3903951,2
CE1,11061,17.20309167,-98.54289134,46.42867244,2
CE1,11062,26.10501541,-119.3990791,28.88655125,2
CE1,11063,24.39802516,-98.25977567,31.66434086,2
CE1,11064,33.70379873,-107.3666631,27.85389118,2
CE1,11065,20.47376679,-86.95874179,28.34417435,2
CE1,11066,18.32646957,-79.77468164,46.44862135,2
CE1,11067,19.98674288,-85.93244749,45.65974341,2
CE1,11068,26.3272588,-85.08310047,62.32309858,1
CE1,11069,23.81657707,-84.02141671,42.11572582,2
CE1,11070,22.16602245,-85.93244749,43.81820041,2
CE1,11071,33.56629711,-37.17756961,47.67376881,2
CE1,11072,25.81865239,-20.95740095,34.73265559,4
CE1,11073,20.34109362,-8.67725871,32.60109451,3
CE1,11074,23.50323503,-1.68194233,46.02169627,2
CE1,11075,16.52574639,40.27815944,29.93643808,2
CE1,11076,24.98750193,41.10391348,43.31309294,2
CE1,11077,23.21083113,32.99972739,43.48540359,1
CE1,11078,24.17222042,53.78513625,38.18232049,2
CE1,11079,20.33003237,49.58558713,31.39008686,2
CE1,11080,22.85257829,52.65267357,43.29730599,1
CE1,11081,26.48574357,67.76397252,25.92702318,2
CE1,11082,26.36954269,74.62952754,30.27381317,2
CE1,11083,16.84214282,85.23456873,50.49933955,2
CE1,11084,17.58582963,80.06770773,41.73285955,2
CE1,11085,23.81657707,89.3869319,48.595364,2
CE1,11086,19.46484525,85.57666683,59.62340954,1
CE1,11087,26.90730074,79.91435341,52.81116216,2
CE1,11088,31.73892479,86.9804487,36.41350774,2
CE1,11089,19.10854389,98.10453528,30.11419776,4
CE1,11090,20.70566871,91.03843999,40.95112844,2
CE1,11091,17.75442845,106.2795003,55.47430793,1
CE1,11092,18.1247854,108.3084959,35.48653942,2
CE1,11093,21.79409565,107.1996262,34.9629917,4
CE1,11094,31.99939854,113.9590129,30.57832673,2
CE1,11095,24.37653726,123.0187144,58.63590815,2
CE1,11096,25.44640877,121.3436133,47.09079767,2
CE1,11097,21.00330736,122.7945811,48.98847349,1
CE1,11098,17.92286857,117.5687377,50.54104108,2
CE1,11099,18.28167108,118.6422179,37.27395205,3
CE1,11100,22.19879261,120.6122311,49.77772775,2
CE1,11101,18.24806462,125.6493308,39.43078975,2
CE1,11102,16.33339466,123.0069179,34.89849831,2
CE1,11103,17.75442845,136.7380279,31.57881598,2
CE1,11104,25.92479399,135.8532914,26.34664302,2
CE1,11105,19.93130311,132.3143456,29.96128163,3
CE1,11106,23.199989,130.5802621,95.27396115,1
CE1,11107,26.67563728,126.1565797,44.86203964,2
CE1,11108,18.82964755,123.2900335,37.47793488,2
CE1,11109,25.49965738,158.5851205,31.3769788,2
CE1,11110,20.18616422,151.4600428,34.74748706,2
CE1,11111,18.40483899,168.3997971,54.0674592,2
CE1,11112,21.23439484,168.1638674,29.40789891,2
CE1,11113,21.03634187,165.7573842,33.0530045,2
CE1,11114,21.0803765,174.7132766,60.6674789,3
CE1,11115,23.62217725,179.1959414,29.19976369,2
CE1,11116,19.56491475,179.526243,27.11890158,2
CE1,11117,11.78033308,-162.2203244,40.34013134,2
CE1,11118,12.80613221,-158.693175,38.92226672,4
CE1,11119,8.80940468,-178.9123525,28.3126965,2
CE1,11120,14.61677642,-163.9072219,39.86952154,2
CE1,11121,9.25211339,-157.3719685,40.98849454,2
CE1,11122,4.58090054,-178.6528298,29.51671309,1
CE1,11123,13.64442821,-153.549907,47.84086169,2
CE1,11124,24.5376073,-166.7029892,34.23372641,2
CE1,11125,15.01592454,-143.9475671,42.58926998,2
CE1,11126,6.34226987,-137.8251907,38.71477441,2
CE1,11127,16.37867101,-138.3324396,98.5301699,2
CE1,11128,6.54154384,-144.5845774,34.22161173,2
CE1,11129,6.68216014,-142.5201923,41.4444846,2
CE1,11130,7.92242091,-125.0142066,28.0601538,2
CE1,11131,10.61158438,-131.525867,33.84495071,2
CE1,11132,14.61677642,-110.492732,33.63824662,2
CE1,11133,6.9398511,-108.9002063,58.74700859,2
CE1,11134,13.54123358,-96.11281516,54.77213644,2
CE1,11135,11.89578897,-91.88967307,41.56409646,2
CE1,11136,9.15895694,-96.50209921,55.61269821,2
CE1,11137,10.65795984,-91.61835388,41.11047923,2
CE1,11138,14.51402018,-104.1226294,43.31118658,2
CE1,11139,8.12099884,-81.0958881,41.43225816,2
CE1,11140,10.04292317,-83.45518536,65.58253676,2
CE1,11141,11.54927614,-85.02411804,48.57054802,2
CE1,11142,23.48159761,-88.57486042,53.12046508,1
CE1,11143,12.11501981,-80.22294812,100.7237816,1
CE1,11144,6.08427185,-71.11606069,45.4576984,2
CE1,11145,24.10763117,-82.60583835,38.78487983,2
CE1,11146,10.84339074,-68.49724074,32.25137029,2
CE1,11147,23.08066761,-81.3554108,57.71557154,1
CE1,11148,7.29101964,-58.9656798,44.37722687,3
CE1,11149,4.59265925,-36.63493124,35.29364808,3
CE1,11150,4.32216095,-21.64159715,30.81147284,3
CE1,11151,12.43776804,-12.58189567,33.94747343,2
CE1,11152,22.13324465,-1.26906531,31.31110543,2
CE1,11153,19.46484525,6.8115278,30.96088418,3
CE1,11154,9.93836473,11.05826287,42.47341282,2
CE1,11155,13.54123358,28.71760286,30.35829506,3
CE1,11156,13.51829534,31.04151066,33.18000341,3
CE1,11157,10.8781463,27.96262774,45.50848013,3
CE1,11158,10.46081573,20.1651503,28.80770067,3
CE1,11159,13.52976474,40.66744349,33.48994707,2
CE1,11160,15.70979262,42.61386373,44.93620717,2
CE1,11161,9.36852423,53.5727995,34.61007913,2
CE1,11162,15.24367607,48.83061201,33.84378755,2
CE1,11163,4.82779201,56.93479809,29.51322298,2
CE1,11164,14.65101783,57.11174539,532.8771187,2
CE1,11165,18.91894511,70.72489058,35.01091863,2
CE1,11166,5.50920225,74.86545727,33.32690296,2
CE1,11167,9.25211339,80.94064771,40.92933384,2
CE1,11168,14.30836482,79.64303422,52.60800334,1
CE1,11169,24.25828861,82.20287175,34.91680308,2
CE1,11170,15.67572227,101.1716217,51.45029384,2
CE1,11171,14.15971861,91.08562593,65.5053499,1
CE1,11172,15.94812492,96.29967288,53.52925491,1
CE1,11173,14.27407054,97.47932151,52.90752886,1
CE1,11174,9.05412676,98.58819122,31.78631867,2
CE1,11175,13.73611891,100.0745485,47.22127588,2
CE1,11176,12.93263397,95.98116775,75.21103405,1
CE1,11177,6.86958551,96.18170801,43.78771704,2
CE1,11178,11.0055486,110.3374916,49.2946361,2
CE1,11179,5.16858876,117.2502326,29.49090326,2
CE1,11180,6.67044365,118.6422179,102.9543872,1
CE1,11181,13.39209569,121.0487011,133.6851429,1
CE1,11182,15.99348958,135.4286179,51.36942578,1
CE1,11183,16.15218467,129.0231259,49.1432475,2
CE1,11184,15.23229431,126.0150219,43.16722626,1
CE1,11185,7.71205753,129.4831888,57.42470754,1
CE1,11186,9.00752573,127.7255124,78.22009828,1
CE1,11187,14.37693766,134.3905271,55.4227011,1
CE1,11188,15.16399089,122.6412268,33.24650322,2
CE1,11189,11.43367598,153.4654455,27.45096451,3
CE1,11190,15.3802089,160.2956111,45.92368267,2
CE1,11191,6.88129716,156.7212757,31.32266294,2
CE1,11192,12.29949584,159.2929097,50.89473274,2
CE1,11193,7.18569738,168.7418953,44.38758891,2
CE1,11194,0.51599401,-179.0303174,29.29340921,1
CE1,11195,3.49833635,-126.2292447,50.75515957,2
CE1,11196,0.53958599,-142.6263606,76.29526447,1
CE1,11197,4.25158006,-87.34802584,84.10586244,2
CE1,11198,9.55470025,-75.28022036,36.80485424,2
CE1,11199,2.22593135,-67.37657454,125.105923,1
CE1,11200,-4.77508402,-48.466807,37.2096684,3
CE1,11201,-2.45596113,-34.20485506,38.59708487,3
CE1,11202,3.74556756,11.84862745,45.61303516,2
CE1,11203,9.27539866,-0.04223074,57.17705253,1
CE1,11204,-5.38608832,17.84124249,38.74939088,2
CE1,11205,4.09863276,75.49067104,62.60996133,1
CE1,11206,-6.04340467,69.43907357,32.97378189,2
CE1,11207,-3.3866622,62.53812909,46.27365986,2
CE1,11208,4.23981595,78.48697856,29.21442786,2
CE1,11209,5.15684013,80.07950421,104.5093075,1
CE1,11210,7.0803507,87.27536086,45.93451176,2
CE1,11211,2.14341598,92.1473097,49.21260175,2
CE1,11212,3.88681149,98.70615608,47.20621388,2
CE1,11213,2.16699226,103.9909819,45.97609407,2
CE1,11214,-1.25337198,106.3856687,37.33588327,2
CE1,11215,3.69848115,110.372881,93.73088841,1
CE1,11216,2.98012201,124.7645943,43.39214781,2
CE1,11217,1.47135464,123.8326719,37.32695603,1
CE1,11218,4.75726056,127.4541932,46.18155056,1
CE1,11219,-0.58106228,128.8225856,84.65006153,1
CE1,11220,3.674937,153.8075436,66.15479886,1
CE1,11221,-1.59536387,148.2278056,39.8996579,1
CE1,11222,3.12147918,168.0459026,41.7700701,3
CE1,11223,4.08686635,171.5376625,43.03000596,2
CE1,11224,-15.80647767,-174.2645369,52.6454215,1
CE1,11225,-8.5238795,-127.9987176,35.65310006,2
CE1,11226,-1.22978455,-115.0343792,56.63342039,2
CE1,11227,-13.67327056,-91.0049366,45.35698085,2
CE1,11228,-2.30273906,-92.85698494,36.34820375,2
CE1,11229,-14.37140867,-47.46410566,43.96283107,2
CE1,11230,-14.48565281,17.62890574,35.83373505,2
CE1,11231,-9.42108442,18.40747384,40.63240597,2
CE1,11232,-11.54368397,33.75470251,40.98597228,3
CE1,11233,-12.59342229,47.06113906,30.47508567,1
CE1,11234,-12.04022626,84.16108847,35.88804818,1
CE1,11235,-11.17359073,116.0351945,51.48023677,1
CE1,11236,-16.18069275,135.2398742,36.47863202,2
CE1,11237,-0.56926638,132.0312299,48.93217425,2
CE1,11238,-9.0018884,158.3255978,70.2655221,2
CE1,11239,-12.22475421,-171.7990713,103.1935839,1
CE1,11240,-18.70137969,-166.5732278,45.38597766,2
CE1,11241,-18.47775942,-133.7671994,59.73459103,2
CE1,11242,-23.73578682,-131.6202389,42.42125715,2
CE1,11243,-20.84371569,-57.19620686,52.35115001,2
CE1,11244,-26.39613296,-60.29868276,41.81314758,2
CE1,11245,-21.19608297,19.05628058,30.00984637,2
CE1,11246,-29.30563167,18.20693357,28.28623811,2
CE1,11247,-24.87535411,121.7800833,76.80060483,1
CE1,11248,-28.08463722,138.7906165,48.52856994,2
CE1,11249,-38.46308611,-160.8637285,30.73727948,2
CE1,11250,-34.23713365,-145.9647663,35.66031567,2
CE1,11251,-28.76932262,-108.310382,60.07072226,1
CE1,11252,-35.06198684,-84.198364,35.56591753,2
CE1,11253,-28.86234452,-72.89733013,61.73042276,2
CE1,11254,-35.43769278,-54.55379393,33.31080588,2
CE1,11255,-37.03607323,-15.28329104,65.78922405,1
CE1,11256,-37.39306073,49.5266047,47.50553021,2
CE1,11257,-33.80693911,78.74650126,31.83183537,2
CE1,11258,-37.09255193,71.20854652,28.74301488,2
CE1,11259,-38.28737434,81.88436662,51.19146033,1
CE1,11260,-29.96185307,85.96595088,107.27703,2
CE1,11261,-20.08112468,112.6613994,32.65559717,2
CE1,11262,-29.60351162,97.98657042,52.88519013,1
CE1,11263,-37.13018104,118.0523936,37.21631075,2
CE1,11264,-33.59102581,124.6702224,35.38310369,1
CE1,11265,-22.44450062,115.5161491,59.80705289,1
CE1,11266,-34.52919498,127.8080878,26.52246609,2
CE1,11267,-25.37732253,149.3720647,27.61912213,2
CE1,11268,-47.87213939,-173.5095618,20.50520738,3
CE1,11269,-40.55608813,-133.5076767,97.57992121,1
CE1,11270,-44.03617453,-127.5386547,101.3619257,1
CE1,11271,-40.49332043,-77.52155275,59.2301669,2
CE1,11272,-37.77633357,-78.58323652,30.27996554,2
CE1,11273,-39.82618585,-65.14703863,23.48702317,2
CE1,11274,-45.31118632,-74.06518227,31.46294575,2
CE1,11275,-39.45373922,-53.79881881,33.77404535,2
CE1,11276,-40.91363226,-39.77279659,30.41000967,2
CE1,11277,-40.38558196,24.74218698,24.2756094,2
CE1,11278,-44.28159882,57.56001187,26.70000209,1
CE1,11279,-40.07035923,111.4109718,70.2030986,1
CE1,11280,-39.0792894,106.2677038,91.46652626,1
CE1,11281,-40.56505014,123.4433879,44.5083438,1
CE1,11282,-40.22365064,124.8943557,28.75863036,2
CE1,11283,-33.01920756,129.801694,36.4170595,2
CE1,11284,-38.86835708,152.7104704,96.74868646,1
CE1,11285,-53.82006829,-169.439774,92.34350861,2
CE1,11286,-45.53473434,-176.5176658,32.24716208,2
CE1,11287,-51.37022622,-134.2036694,30.69689534,2
CE1,11288,-53.56161712,-127.5032652,42.06615341,2
CE1,11289,-50.67273247,-37.84996933,65.06924974,1
CE1,11290,-44.14631856,-39.48968092,53.27897349,1
CE1,11291,-52.8337638,-20.80404662,52.1181401,1
CE1,11292,-53.3368107,-4.13561148,32.23778425,2
CE1,11293,-45.51820559,-15.1417332,71.05621292,1
CE1,11294,-50.41034233,5.11283378,54.16234402,2
CE1,11295,-49.02230524,10.50382802,22.15810786,2
CE1,11296,-51.25962727,21.33300244,21.15301432,2
CE1,11297,-48.84406544,59.90751264,30.5094048,2
CE1,11298,-53.30157717,65.98270309,45.93276764,1
CE1,11299,-52.90497142,100.6053904,31.83495556,2
CE1,11300,-54.57909803,132.4441069,44.21160723,1
CE1,11301,-49.19220028,169.6384282,36.8135665,2
CE1,11302,-56.48794631,-152.4410373,25.76765489,2
CE1,11303,-58.87707961,-142.9802552,23.61970958,1
CE1,11304,-59.93958322,-129.7563941,34.13293262,2
CE1,11305,-58.19984631,-133.9087573,110.2215187,3
CE1,11306,-50.07083622,-131.0186181,20.86888534,2
CE1,11307,-60.15749699,-107.4964244,55.74202383,2
CE1,11308,-58.66301437,-74.05338578,94.08105902,2
CE1,11309,-60.0693269,-69.96000504,31.64075095,2
CE1,11310,-57.7997733,0.67735493,66.84982799,1
CE1,11311,-58.52778295,28.88275367,20.50289033,2
CE1,11312,-60.11050232,12.20252204,55.38566224,1
CE1,11313,-58.80383437,42.41332346,40.68665706,1
CE1,11314,-56.27895773,95.32056451,47.87666239,2
CE1,11315,-55.52507912,91.60467133,90.91146708,1
CE1,11316,-57.52845668,106.9872895,34.3743383,2
CE1,11317,-58.79161178,121.3318168,29.66269915,2
CE1,11318,-59.57716973,141.6217732,83.70200433,1
CE1,11319,-59.13222062,158.5167009,25.60130014,2
CE1,11320,-64.39694321,-176.2109571,25.17732427,4
CE1,11321,-64.62032602,-135.9141599,20.00769414,2
CE1,11322,-61.6822644,-139.3587339,66.72779999,1
CE1,11323,-64.26408371,-126.406192,38.72044402,2
CE1,11324,-62.7867077,-110.9409984,94.66194987,2
CE1,11325,-64.43769422,22.63061593,22.36469404,1
CE1,11326,-62.18729828,35.58315789,39.05017341,2
CE1,11327,-64.57984674,65.09796661,22.5250092,2
CE1,11328,-63.55335324,68.79026682,41.14773168,1
CE1,11329,-55.20999028,104.403859,29.8729425,2
CE1,11330,-64.5037856,146.1162345,27.95857889,2
CE1,11331,49.50331772,-104.1556595,22.7797669,2
CE1,11332,53.60702255,-97.59681314,26.53353799,2
CE1,11333,52.22004003,-2.30479681,20.11737229,1
CE1,11334,51.90819557,53.11509583,30.77895541,2
CE1,11335,59.40639754,125.9112128,26.04733404,2
CE1,11336,50.09720675,138.3329129,33.24893517,1
CE1,11337,40.73048651,-96.31099613,22.19907234,2
CE1,11338,44.69801851,-55.80186218,38.64098275,3
CE1,11339,41.21145241,82.29960294,39.22259576,1
CE1,11340,48.90213176,120.2724923,22.00901082,2
CE1,11341,53.92775505,120.8741131,44.54266903,1
CE1,11342,41.68890819,168.8622194,32.69259488,2
CE1,11343,36.84263477,-168.8971356,43.27164508,2
CE1,11344,47.60624943,-131.5117113,24.96069061,2
CE1,11345,45.78606326,-89.32747624,33.22601995,1
CE1,11346,31.13503378,-96.14584533,26.45407272,2
CE1,11347,36.84263477,71.37605662,26.01039612,2
CE1,11348,31.42740023,81.94570835,27.46553197,2
CE1,11349,46.95805025,71.12833041,34.64829956,1
CE1,11350,39.27574919,110.3044614,37.59099594,2
CE1,11351,21.03634187,-91.87551728,27.32898614,2
CE1,11352,26.80205781,-46.86012556,29.86251236,2
CE1,11353,32.72677437,147.3454284,36.79743433,2
CE1,11354,39.20265706,174.0880628,22.95167346,2
CE1,11355,15.41432816,-99.46065798,94.96943875,1
CE1,11356,11.6879334,15.22478183,37.51495599,2
CE1,11357,27.97513474,33.35598128,36.39296335,2
CE1,11358,9.14731067,45.10528163,39.08317716,2
CE1,11359,26.73886511,106.5531788,30.76245007,2
CE1,11360,11.75723606,132.1043681,55.78663272,1
CE1,11361,1.4831472,-167.4343713,38.61962806,2
CE1,11362,-1.17081506,-89.48083057,67.58062094,1
CE1,11363,-0.34514042,7.43910088,50.18427092,2
CE1,11364,0.40982912,37.70888472,33.47451322,2
CE1,11365,16.81956048,75.12733927,35.74192208,2
CE1,11366,-6.59446895,-113.4866802,47.96695077,2
CE1,11367,1.66002786,11.56787108,28.96226784,2
CE1,11368,-18.623146,-127.0054535,48.50695837,2
CE1,11369,-11.41651867,98.95624159,31.23966489,2
CE1,11370,-20.63410559,138.2975234,39.12540741,2
CE1,11371,-16.16936322,-30.78151474,30.91412499,2
CE1,11372,-32.09454922,17.53689315,34.36487292,2
CE1,11373,-34.64573392,76.77884735,41.57432025,2
CE1,11374,-25.63284745,146.849976,73.03115599,1
CE1,11375,-42.89753885,-48.55881959,96.93113444,1
CE1,11376,-37.32742685,137.0470959,79.07037623,1
CE1,11377,-28.19905849,176.2350233,59.81204959,2
CE1,11378,-38.44461023,-135.8646147,35.2678666,2
CE1,11379,-51.42910334,-11.45887018,27.84192083,2
CE1,11380,-47.49889641,87.78496907,36.29104318,2
CE1,11381,-45.10340813,116.0493502,65.67005356,1
CE1,11382,-50.65029907,-141.0550687,26.94146726,2
CE1,11383,-48.03015645,-34.14351333,27.98473554,2
CE1,11384,-58.44145414,78.18262922,24.25357016,2
CE1,11385,-56.33785169,-72.32873949,56.40217112,1
CE1,11386,61.13174201,157.3332942,29.99452787,2
CE1,11387,63.24957251,-178.4839089,38.24529668,2
CE1,11388,54.32179236,11.89958349,32.09403363,2
CE1,11389,49.38059319,145.418843,24.49983694,2
CE1,11390,48.96412837,-14.73688258,26.62831564,2
CE1,11391,58.94094391,14.14091588,26.90529377,2
CE1,11392,58.49995796,43.33721948,20.35300419,1
CE1,11393,39.15693581,179.6640427,30.19679289,2
CE1,11394,44.96572392,-96.10904508,30.2939833,3
CE1,11395,27.59943373,173.4237015,26.53175303,2
CE1,11396,31.769017,-179.7815224,96.32999626,1
CE1,11397,42.33748538,-178.8967859,31.60662336,2
CE1,11398,44.12501615,-44.01576158,32.12128566,2
CE1,11399,43.0570652,-37.45691519,34.81430917,1
CE1,11400,32.90522529,67.1661218,37.80578572,1
CE1,11401,25.38247933,179.9353619,57.88045925,1
CE1,11402,33.58595363,-156.3301076,41.02560057,1
CE1,11403,33.5466361,-154.5134488,24.95184201,1
CE1,11404,35.46156183,-85.18549876,25.43400337,4
CE1,11405,30.84176336,61.53919784,30.09715748,1
CE1,11406,13.26582982,179.6286533,30.70805108,3
CE1,11407,13.98808283,-55.94200922,32.79960357,4
CE1,11408,19.85365476,24.0263714,39.3597444,2
CE1,11409,24.67703439,60.10002651,37.42648444,2
CE1,11410,-5.85567763,179.451706,91.90908982,1
CE1,11411,-2.24380305,-179.3922384,97.78567456,1
CE1,11412,-3.99880297,-143.4719376,48.1560187,2
CE1,11413,-24.05934185,179.3219446,43.20448726,2
CE1,11414,-29.02751134,-178.0120495,140.1590789,1
CE1,11415,-38.83160909,-108.3537979,31.34740275,2
CE1,11416,-36.23145343,-9.75876536,37.09069994,2
CE1,11417,-36.45000273,96.36950329,23.52968406,2
CE1,11418,-31.15034149,-144.7577546,23.95587817,2
CE1,11419,-35.00403155,21.37216199,36.91468762,2
CE1,11420,-41.7902766,45.61394133,32.64456023,2
CE1,11421,-55.20325898,-74.26195245,30.47749223,2
CE1,11422,-62.58099917,-176.3723379,21.34808889,3
CE1,11423,-62.45579541,37.42717984,22.14183302,2
CE1,11424,61.32478992,178.3381177,29.31052706,2
CE1,11425,47.19905013,179.6239347,41.76539464,2
CE1,11426,44.68124564,179.388005,69.12401145,1
CE1,11427,47.49478261,-179.2907886,32.6163719,2
CE1,11428,43.29793301,179.6475277,23.18561515,2
CE1,11429,46.73213328,-37.81552838,31.77498437,2
CE1,11430,33.64489634,-179.6446832,55.47211667,2
CE1,11431,22.25339255,-179.4677359,38.06425614,2
CE1,11432,22.37343745,-92.0439759,35.12900436,3
CE1,11433,21.99111948,-30.85560146,35.82173845,2
CE1,11434,34.14427769,7.95483847,31.7057879,2
CE1,11435,10.36799853,107.0755439,40.8506899,2
CE1,11436,22.58054384,163.1914293,50.53045245,2
CE1,11437,10.12422305,-134.2518039,50.05812832,2
CE1,11438,-2.22022798,-179.9749848,27.98573883,2
CE1,11439,7.75881409,-31.63416955,43.97910201,2
CE1,11440,-4.11647212,-178.936894,66.78728253,2
CE1,11441,-13.42096863,-179.8452234,71.35338835,2
CE1,11442,-10.7682604,-56.84326078,35.7258056,2
CE1,11443,3.82796268,72.080538,33.72655427,2
CE1,11444,-19.79279798,179.3054296,36.95115937,2
CE1,11445,-11.54368397,-63.89755959,41.00538771,2
CE1,11446,-24.1670131,14.14799378,40.23886085,2
CE1,11447,-33.19706943,-178.8307256,62.46254525,1
CE1,11448,-29.23359878,-178.7953362,130.8383879,1
CE1,11449,-29.01719613,119.2141283,45.03016799,2
CE1,11450,-38.18545154,179.1284823,238.2936602,1
CE1,11451,-34.34434107,-56.79607483,99.31983735,1
CE1,11452,-49.26153518,-125.5106075,24.7881351,2
CE1,11453,60.85143645,-166.1178835,57.28035365,1
CE1,11454,59.47956434,-134.5221746,54.51537376,1
CE1,11455,57.29645436,-104.127348,49.84867376,1
CE1,11456,61.80001994,-89.12693598,64.72950046,1
CE1,11457,60.42224652,-77.41302508,68.90232106,2
CE1,11458,60.56865025,-69.1295324,56.41128221,2
CE1,11459,60.65201304,-64.12546291,53.49180557,2
CE1,11460,60.7582191,20.70542937,55.74923107,1
CE1,11461,59.74926474,44.57443975,58.64825624,1
CE1,11462,58.52214011,116.9671169,58.0135902,1
CE1,11463,58.15433811,119.9138792,60.27102551,1
CE1,11464,59.25958861,131.1181818,48.89240683,2
CE1,11465,59.94716861,132.7154261,69.68153692,1
CE1,11466,58.88734502,138.5192973,83.49733099,1
CE1,11467,60.34179261,162.8931973,64.34437117,1
CE1,11468,54.4893243,-156.2324279,66.17984976,1
CE1,11469,54.65480772,-150.8131221,65.36305206,1
CE1,11470,50.50409948,-153.9486282,74.41789777,1
CE1,11471,55.68024645,-68.01830339,68.79234018,1
CE1,11472,54.51809276,41.75507952,65.47568586,1
CE1,11473,49.93043697,91.6282643,96.66589683,1
CE1,11474,52.5081756,98.82648024,72.38257295,1
CE1,11475,54.37679629,117.9297102,69.29035538,1
CE1,11476,55.21997638,124.2502675,53.28740054,1
CE1,11477,49.721923,126.4963185,73.42662224,1
CE1,11478,56.30831034,155.6100467,75.57431496,1
CE1,11479,52.69016718,169.2184733,64.04985346,1
CE1,11480,48.53947025,-174.5712456,50.55956659,1
CE1,11481,41.56546083,-124.7216537,59.36874432,1
CE1,11482,48.60503593,-106.7579644,73.73552437,1
CE1,11483,49.05079429,-102.8981541,67.09590294,1
CE1,11484,43.80236417,-92.10908771,73.60465032,1
CE1,11485,43.95711615,-80.40461401,69.05403124,1
CE1,11486,48.07655188,-26.2469454,67.4941458,2
CE1,11487,48.66895854,-1.02605769,83.58021893,1
CE1,11488,45.33012982,27.50964267,178.4966854,1
CE1,11489,43.92823697,80.18331329,64.2258462,1
CE1,11490,48.67363262,89.10617553,44.92239585,2
CE1,11491,42.01752923,91.06675155,87.84862231,1
CE1,11492,47.55532259,107.4143223,60.53036122,1
CE1,11493,46.71919503,126.4986778,84.97193307,1
CE1,11494,46.58315614,133.2651424,83.01433503,1
CE1,11495,45.05412715,174.4018494,67.00489981,1
CE1,11496,34.4697346,-133.9583025,71.50232598,2
CE1,11497,40.9215109,-107.5530476,256.2820641,1
CE1,11498,32.91908978,-91.41545432,128.9047051,1
CE1,11499,37.66887854,56.73897642,95.76516009,1
CE1,11500,38.12871924,72.65479574,85.94821032,1
CE1,11501,36.98599651,84.07615377,63.51330642,2
CE1,11502,27.31261678,-151.3604791,54.77606192,1
CE1,11503,25.88022613,-151.8630094,54.3373084,1
CE1,11504,30.56384725,-141.121129,116.1947943,1
CE1,11505,22.55657897,-119.1112449,77.12224481,1
CE1,11506,26.47729655,1.3002094,99.99376822,1
CE1,11507,24.47749858,-2.95360355,75.17812369,1
CE1,11508,25.85475123,146.588094,218.6574391,1
CE1,11509,24.25398658,161.6120989,96.24362211,1
CE1,11510,15.96400372,-153.0804068,50.82173769,2
CE1,11511,20.3764843,-112.0074008,100.5388837,1
CE1,11512,13.11422419,-104.1721746,50.06123303,2
CE1,11513,16.26999017,-93.61431937,82.75008499,1
CE1,11514,13.82548284,-80.7514307,63.02124681,1
CE1,11515,17.33376278,8.12565638,84.87730479,1
CE1,11516,15.0068094,67.02787177,88.34126477,1
CE1,11517,17.99468774,78.12600608,113.3469572,1
CE1,11518,19.24670262,124.6253958,56.64882949,1
CE1,11519,13.80028109,129.6978849,103.8522807,1
CE1,11520,15.34380886,142.9712913,121.0871503,1
CE1,11521,19.92686709,172.9060549,62.5527915,1
CE1,11522,2.00430865,-128.7654892,272.2359803,1
CE1,11523,1.92413968,-111.993245,61.61415628,2
CE1,11524,1.54918439,-95.27998323,100.6000532,1
CE1,11525,-0.19178783,-98.4060521,91.94175665,2
CE1,11526,7.94111472,-91.36119048,166.6286316,1
CE1,11527,2.03731827,-88.57721972,191.7298873,1
CE1,11528,-0.47253921,-91.2621,100.5419227,2
CE1,11529,-1.55527098,-86.3476838,69.1724773,1
CE1,11530,-0.89010437,-84.00490163,91.52776848,1
CE1,11531,2.69735404,172.1746728,58.13494392,1
CE1,11532,-9.09042658,-168.4606656,76.81365462,1
CE1,11533,-12.59111974,-126.7978353,101.4749055,1
CE1,11534,-14.23652551,-123.596269,145.2204642,1
CE1,11535,-6.32018265,-104.3821521,102.8193087,1
CE1,11536,-10.46216317,-76.07530353,95.09725538,1
CE1,11537,-10.22774784,-66.43049634,127.4042131,1
CE1,11538,-12.43219427,-19.80370459,94.77137646,1
CE1,11539,-6.70929627,79.03905412,126.1022545,1
CE1,11540,-7.62456397,89.69128125,62.79258723,1
CE1,11541,-11.14118486,125.6682052,80.34552472,1
CE1,11542,-8.36285246,143.5847086,91.28456106,1
CE1,11543,-11.68003359,151.8729198,57.12712034,1
CE1,11544,-3.9376083,163.3131523,61.46043716,2
CE1,11545,-6.72335491,157.6319645,67.88989254,2
CE1,11546,-21.14108056,-172.8631143,66.61266055,1
CE1,11547,-18.70361441,-95.1337068,483.1943477,2
CE1,11548,-16.15576694,-75.18584847,54.83460894,2
CE1,11549,-14.36455216,-70.75508821,51.13200325,2
CE1,11550,-21.62220269,-66.50835315,66.86013443,2
CE1,11551,-16.27809979,-47.23761313,60.50775405,1
CE1,11552,-14.33712402,81.40071068,92.6556677,1
CE1,11553,-20.76431868,111.0098913,61.68679766,1
CE1,11554,-23.51098204,111.2104316,107.2663604,2
CE1,11555,-17.68381777,136.1222513,90.42064042,1
CE1,11556,-17.15030312,156.6292631,84.57999965,1
CE1,11557,-33.97340906,-175.0973688,93.9236269,1
CE1,11558,-30.13340029,-151.6412355,90.52104039,1
CE1,11559,-30.40237279,-137.2919895,98.39018772,1
CE1,11560,-28.44620522,-116.8321637,83.10622476,1
CE1,11561,-32.95984032,-63.71966378,59.22433098,1
CE1,11562,-29.88210526,-39.54866335,79.83198742,1
CE1,11563,-30.06400031,-29.41784092,92.19130145,1
CE1,11564,-32.36198608,26.07283064,132.5493537,1
CE1,11565,-31.6758615,81.16006236,67.71892667,2
CE1,11566,-31.94051736,121.0675755,85.60885277,1
CE1,11567,-27.31383424,149.6764141,52.31213553,1
CE1,11568,-31.69393028,155.3882728,88.64116817,1
CE1,11569,-32.76761328,164.4574114,330.746118,2
CE1,11570,-34.46891918,174.3216333,87.24562544,1
CE1,11571,-35.2645064,-151.0136624,249.9711803,1
CE1,11572,-41.99575689,-109.572606,65.31158426,2
CE1,11573,-43.52515999,-91.13705724,55.49886398,2
CE1,11574,-43.28175719,-73.79150379,78.01605396,2
CE1,11575,-41.82896438,14.07816337,123.4455515,2
CE1,11576,-41.65468542,38.69035238,79.56989096,1
CE1,11577,-35.28569354,65.51556223,41.72663822,1
CE1,11578,-36.03709707,94.85106436,71.02351255,1
CE1,11579,-39.4992669,91.6306236,82.1766024,1
CE1,11580,-39.91853156,103.2006174,70.4452437,1
CE1,11581,-35.60858929,134.5415222,109.0317266,1
CE1,11582,-43.53029175,141.6548034,79.53633767,2
CE1,11583,-40.99381477,141.4754968,95.1007191,1
CE1,11584,-42.5839132,144.3963068,86.28725141,1
CE1,11585,-36.01038316,141.1404766,143.8684777,1
CE1,11586,-43.40358083,147.3643028,69.49176039,1
CE1,11587,-39.91853156,159.1961785,65.5297661,1
CE1,11588,-49.68160954,-145.327756,53.02109886,1
CE1,11589,-44.33562391,-99.07609252,86.44018744,1
CE1,11590,-45.99884594,-79.19665381,88.05916703,1
CE1,11591,-46.48834382,-73.81273746,78.39387675,1
CE1,11592,-50.76235891,-26.51826459,68.01978008,1
CE1,11593,-50.08446291,-17.47743749,83.66222931,1
CE1,11594,-49.10578095,92.32425699,43.36157604,1
CE1,11595,-45.36591314,102.7334765,57.67744959,1
CE1,11596,-45.04842805,99.60740764,49.81182575,2
CE1,11597,-49.00837899,116.5660363,120.1483309,1
CE1,11598,-50.08294903,121.5771837,120.5170518,1
CE1,11599,-51.78369528,127.6783264,134.9784823,1
CE1,11600,-46.75570649,139.7815214,120.3492134,1
CE1,11601,-50.11019164,149.0040144,119.747592,1
CE1,11602,-53.92856183,-121.4658235,48.49196221,2
CE1,11603,-52.78955636,-57.11835005,116.5316726,2
CE1,11604,-55.43550088,-53.15708995,66.33387735,1
CE1,11605,-55.06704299,-20.03491572,55.62713744,1
CE1,11606,-55.5424364,43.16357999,96.67255961,1
CE1,11607,-54.39408087,83.32589724,87.72509501,1
CE1,11608,-53.52236187,75.79502039,205.5657861,1
CE1,11609,-52.75101647,91.73207338,52.64425565,1
CE1,11610,-52.97180004,97.94410307,57.32789925,1
CE1,11611,-55.57446047,101.523157,51.44803816,1
CE1,11612,-52.60654607,110.8022731,46.87423879,2
CE1,11613,-56.11094019,129.27793,103.8550475,1
CE1,11614,-55.015673,151.4954323,98.89506099,1
CE1,11615,-57.09780585,162.5723329,160.4824131,1
CE1,11616,-57.78719889,169.0509632,100.1888531,1
CE1,11617,-56.50748024,171.2852177,66.4051089,1
CE1,11618,-55.19113978,169.3387975,53.21721859,1
CE1,11619,-59.0667935,-124.4975205,60.40081334,2
CE1,11620,-61.43055326,-121.4445898,48.83420415,1
CE1,11621,-62.32787356,20.4199544,92.6698391,1
CE1,11622,-63.59220436,29.95151533,82.61414107,2
CE1,11623,-58.85634251,66.28941173,95.87124046,2
CE1,11624,-59.0473837,86.35759422,55.83177053,1
CE1,11625,-60.35881033,172.0590672,109.4476402,1
CE1,11626,-61.30393068,168.5342771,77.3086929,1
CE1,11627,59.29695265,34.57101937,116.0779942,1
CE1,11628,57.58214789,79.45664974,249.1620931,1
CE1,11629,61.01077044,127.317354,85.2801524,1
CE1,11630,61.72746677,145.3754152,126.621539,1
CE1,11631,61.70287154,172.358698,92.32709363,1
CE1,11632,57.30027829,170.0277123,95.29108484,1
CE1,11633,51.74050038,-98.62782604,53.79043092,1
CE1,11634,51.19819515,-86.33588732,54.06512391,1
CE1,11635,51.61322031,150.6224923,65.97004827,1
CE1,11636,46.25298245,-84.33756254,221.816494,1
CE1,11637,44.82366025,-32.55570628,247.3655882,1
CE1,11638,32.64337473,-168.4465099,91.07958211,1
CE1,11639,39.85774082,-149.7066117,47.54725803,2
CE1,11640,32.76447718,-109.0370456,65.72322099,2
CE1,11641,12.93723283,-170.4283196,223.8195322,1
CE1,11642,16.73146368,36.20601237,70.99148965,1
CE1,11643,9.07742501,-93.87856066,66.12435716,2
CE1,11644,-10.18130831,156.1054991,221.8786498,1
CE1,11645,-24.87535411,167.692008,78.56584547,1
CE1,11646,-28.97386101,-111.365672,176.8001232,1
CE1,11647,-33.61853581,18.11963957,90.05318184,1
CE1,11648,-40.54174641,11.36025292,63.68282554,2
CE1,11649,-35.7657221,92.4021138,79.09643149,1
CE1,11650,-42.65162407,101.0442197,114.7430125,3
CE1,11651,-47.03461471,-25.95203325,60.07420345,1
CE1,11652,-52.69814712,-148.7699707,147.4028622,1
CE1,11653,-57.43206329,116.8302776,108.2869992,1
CE1,11654,-63.59325365,86.73508178,63.71061191,1
CE1,11655,50.10628664,-158.7285644,65.98474368,1
CE1,11656,45.38152417,58.38812521,106.9678291,1
CE1,11657,45.87154963,68.71005072,62.44394289,1
CE1,11658,62.1227433,18.35698009,88.05049395,1
CE1,11659,-43.74031808,-27.88052761,64.17560509,1
CE1,11660,51.69811344,-172.7626131,84.19443908,1
CE1,11661,-57.59805651,174.7911334,63.98,2
CE1,11662,-34.6107894,85.76541061,128.8702005,1
CE1,11663,-36.66604558,82.75022871,41.55,2
CE1,11664,-34.54279961,82.51665828,54.13,2
CE1,11665,-32.37792754,83.67507324,91.01,1
CE1,11666,-20.93849614,11.9783888,43.19,3
CE1,11667,-13.82223145,13.9601985,54.18,2
CE1,11668,1.05150244,116.7594987,62.23,2
CE1,11669,-31.87041735,68.3797491,63.27,2
CE1,11670,-20.30919254,-28.67702158,65.98,2
CE1,11671,4.11510543,10.5203431,43.75,4
CE1,11672,-16.44335441,172.962678,139.7424642,3
CE1,11673,-13.65951556,175.5531864,65.61,1
CE1,11674,-11.88789513,172.9508816,35.72,2
CE1,11675,-14.7983791,173.2174822,32.06,3
CE1,11676,-11.25458954,4.01576055,147.011636,2
CE1,11677,18.10236164,92.65691791,80.41,2
CE1,11678,-22.62101491,111.8969871,56.81,2
CE1,11679,-48.61686113,-177.67844,83.85478984,3
CE1,11680,15.97988126,71.85735326,34.65,3
CE1,11681,-30.52032426,5.27798459,79.65,2
CE1,11682,7.24187231,107.0132417,56.25,2
CE1,11683,9.13566401,107.9687571,59.06,1
CE1,11684,6.26019334,108.2259205,44.68,2
CE1,11685,-16.784735,15.1681587,47.76,2
CE1,11686,-13.4324427,-2.81676431,110.54,2
CE1,11687,18.81624882,-107.6780903,64.73,1
CE1,11688,3.3429002,57.1023082,9.2,4
CE1,11689,-11.85557146,-172.5493278,37.63,2
CE1,11690,-11.45351812,-175.3380172,34.77,2
CE1,11691,-9.79560198,-174.0286072,38.06,4
CE1,11692,-8.74780406,-175.4182333,88.73,1
CE1,11693,-41.28343794,-143.2350593,41.33,2
CE1,11694,15.51892559,170.827514,105.33,2
CE1,11695,16.24507565,173.7813542,44.96,2
CE1,11696,-12.84887572,79.831778,91.42,2
CE1,11697,-48.81455586,101.8817702,62.14,2
CE1,11698,-26.89800284,7.91803822,63.44,2
CE1,11699,4.58560405,60.95975922,50.66,2
CE1,11700,37.06322445,158.1226983,64.59,2
CE1,11701,37.8423541,160.604679,39.13,2
CE1,11702,36.18465992,156.1857152,40.92,2
CE1,11703,6.1921773,21.50994973,25.51,4
CE1,11704,29.7990573,-3.93035262,81.04,3
CE1,11705,58.93363987,4.95240156,31.95,4
CE1,11706,4.59501097,17.31275991,10.4,3
CE1,11708,23.8036261,-47.44994988,39.99,5
CE1,11709,33.91159699,1.25774205,54.37,5
CE1,11710,50.23775172,17.32455639,87.57,4
CE1,11711,25.45066952,103.7715673,62.45,1
CE1,11712,10.53041043,-145.2428213,66.39,3
CE1,11713,10.06847677,-143.4709891,60.94,1
CE1,11714,-18.25384713,-1.85181173,96.99,3
CE1,11715,-55.16419502,25.55142594,40.56,1
CE1,11716,32.81802739,-87.68540535,44.48,2
CE1,11717,46.77254528,44.37861808,88.12,3
CE1,11718,30.73839909,1.52670194,38.88,5
CE1,11719,10.20318037,64.05043863,32.92,3
CE1,11720,62.96249664,165.1156554,125.4314653,1
CE1,11721,-22.12140076,12.74516041,47.54,2
CE1,11722,-44.72414227,-81.93343863,57.85,3
CE1,11723,59.67668274,-57.72233015,163.7589222,1
CE1,11724,59.24993962,-55.74759834,32.28,3
CE1,11725,58.64880185,-61.16926345,70.96,1
CE1,11726,4.1809927,94.2093355,95.28,1
CE1,11727,3.13561387,96.6276152,63.4,1
CE1,11728,1.22133837,80.73538885,34.63,3
CE1,11729,-16.0968389,103.5214818,75.46,2
CE1,11730,-51.03614537,19.20963491,65.31,1
CE1,11731,-52.97890339,20.28075586,38.71,2
CE1,11732,-49.60828007,16.69934262,41.43,2
CE1,11733,19.40032326,-83.28059737,69.19,1
CE1,11734,17.51159621,-82.03252912,46.66,4
CE1,11735,20.64607049,-82.31328549,54.25,1
CE1,11736,-35.8843242,-8.41301741,40.31,2
CE1,11737,-37.64941793,-8.74095973,31.15,2
CE1,11738,-20.21180636,70.14686275,150.4254121,1
CE1,11739,-23.75954166,157.9575475,65.38,1
CE1,11740,-22.71245183,155.2325591,41.12,2
CE1,11741,-44.08873035,18.31782054,36.57,2
CE1,11742,-28.10961228,-150.3742929,66.89,2
CE1,11743,24.57194223,-89.76866483,54.95,2
CE1,11744,-51.57743093,-34.99521964,48.51,2
CE1,11745,-18.03637607,28.96532908,50.69,2
CE1,11746,40.72512276,129.4548773,62.86,1
CE1,11747,41.04084405,131.4980287,30.45,2
CE1,11748,42.10335924,128.2728693,34.24,2
CE1,11749,-3.7893104,126.9115548,47.16,2
CE1,11750,-16.60394669,79.54866233,56.21,2
CE1,11751,-13.35211276,151.7903444,76.77,1
CE1,11752,61.5267806,90.11595476,211.3299802,2
CE1,11753,58.73951879,87.33670259,57.26,2
CE1,11754,63.73707933,93.62658908,47.03,5
CE1,11755,21.99768224,-96.44783537,86.33,2
CE1,11756,-12.47135889,48.25966207,17.5,5
CE1,11757,-17.18636985,-128.1733056,61.9,2
CE1,11758,23.12623922,143.1175677,55.9,2
CE1,11759,20.66152413,139.7650063,50.29,2
CE1,11760,-18.65891445,176.4473601,42.98,2
CE1,11761,-19.88822579,175.2464778,57.12,2
CE1,11762,25.16273095,-105.104097,87.62,2
CE1,11763,29.46273209,-104.1485816,33.85,2
CE1,11764,-63.36993594,-163.6712922,87.75383028,1
CE1,11765,34.99711131,60.59170885,47.3,3
CE1,11766,33.58595363,70.01238281,75.24,2
CE1,11767,36.64980507,51.01060267,48.53,2
CE1,11768,14.89511745,-37.2743008,9.84,5
CE1,11769,16.86020675,-41.66731229,11.67,4
CE1,11770,16.03657647,-42.58743823,8.55,4
CE1,11772,21.75246699,17.99931541,15.56,4
CE1,11773,-55.52507912,-165.3652676,70.25,2
CE1,11774,48.8183142,-34.40539533,37.59,3
CE1,11775,-54.99131685,51.63345715,77.03,2
CE1,11776,-56.81349176,50.08575815,44.55,2
CE1,11777,-54.32259151,53.5704402,26.89,4
CE1,11778,-13.79244686,-50.15606384,45.57,2
CE1,11779,8.08362689,115.1363022,34.99,2
CE1,11780,-30.09462395,174.0668292,81.64,4
CE1,11781,58.54553939,-146.311583,300.6944766,1
CE1,11782,57.506181,-144.7709619,58.23,2
CE1,11783,56.38414293,-145.3702234,35.15,2
CE1,11784,56.2650969,-151.129268,45.39,2
CE1,11785,61.05533259,-145.8633165,28.63,5
CE1,11786,-38.47232227,113.8953118,48.18,3
CE1,11787,-37.57466017,-115.6171256,163.4403115,1
CE1,11788,-25.31762196,2.46570225,59.9,1
CE1,11789,31.46966772,-147.8805156,51.11,3
CE1,11790,29.26533907,-147.3661888,44,2
CE1,11791,-17.87253466,40.24748857,31.11,2
CE1,11792,12.89124042,-86.45857078,70.07,1
CE1,11793,-20.19187894,-171.5725787,43.03,4
CE1,11794,-32.57497024,128.6291232,32.15,3
CE1,11795,-36.46138846,126.9705373,72.67,1
CE1,11796,-8.37919159,-17.39486208,59.25,1
CE1,11798,63.79860637,-87.28668411,61.34,1
CE1,11799,-25.14688684,46.62702836,45.4,2
CE1,11800,-39.02798983,-148.1825057,50.72,3
CE1,11801,45.81238074,88.67914273,50.2,3
CE1,11802,50.92387826,82.45059796,40.95,2
CE1,11803,-53.25361286,177.9360767,58.65438321,2
CE1,11804,-51.45851348,177.7213806,47.48726871,2
CE1,11805,42.38281227,-103.4643854,77.21,1
CE1,11806,41.5372111,-101.3197842,36.61,3
CE1,11807,38.90401978,-102.7212068,44.32,2
CE1,11808,39.79613627,-104.7242502,28.95,2
CE1,11809,20.95924996,-36.90625042,14.17,4
CE1,11810,17.30673498,-158.3699513,61.68,2
CE1,11811,-39.0994326,39.20703848,90.01,1
CE1,11812,-40.39097298,40.0563855,31.69,2
CE1,11813,43.42657842,137.0022692,81.89,2
CE1,11814,43.92653776,141.3245018,51.95,2
CE1,11815,26.54696592,-69.16020327,36.75,3
CE1,11816,-49.20761645,68.88463872,44.32,1
CE1,11817,-50.2582409,71.7370291,57.35,1
CE1,11818,-52.89643267,72.92847422,64.73,1
CE1,11819,26.00751816,-134.6613731,66.16,1
CE1,11820,-35.76763645,-124.7216537,115.1421543,1
CE1,11821,-9.85139491,91.00776912,50.66,3
CE1,11822,1.20246821,113.1780855,35.78,2
CE1,11823,0.28007015,113.428171,115.35,1
CE1,11824,-20.70695042,-22.24085866,60.72,4
CE1,11825,31.15522607,56.4110341,54.36,3
CE1,11826,30.57197292,55.53809412,37.46,2
CE1,11827,31.42740023,57.16129063,45.02,2
CE1,11828,45.15736909,28.22686903,41.04,5
CE1,11829,12.0919513,-108.7397741,38.77,3
CE1,11830,23.05244888,174.3169147,24.76,2
CE1,11831,22.64805877,174.7368696,59.21,2
CE1,11832,-24.80470029,-65.26500349,84.46,2
CE1,11833,-61.240427,-170.2065456,37.54,3
CE1,11834,-63.51024005,-174.8071753,32.7,2
CE1,11835,-47.67234972,168.7300988,49.63,2
CE1,11836,38.96091306,10.72560196,52.85,2
CE1,11837,6.22970448,45.97114373,74.65,1
CE1,11838,-28.05132809,-27.85126754,34.03,3
CE1,11839,48.74213604,152.8496689,10.91,5
CE1,11840,19.91134003,81.35352473,46.41,3
CE1,11841,45.5684697,152.8944956,235.9217632,1
CE1,11842,38.11201438,118.6610923,23.78,3
CE1,11843,-7.59650179,35.00277076,57.58,2
CE1,11844,-34.02230894,-26.62443296,75.72,3
CE1,11845,13.30256851,-72.45614154,48.13,2
CE1,11846,52.22437595,-139.2030203,59.69,2
CE1,11847,-43.43614006,127.7184345,49.57,3
CE1,11848,52.05496114,-144.1103586,125.7731735,2
CE1,11849,-45.79030907,129.0443596,34.2,3
CE1,11850,-45.62720563,127.4825048,62.45,2
CE1,11851,-51.95559204,113.5107464,24.61,3
CE1,11852,40.32520759,4.65041151,56.66,2
CE1,11853,-17.91519292,23.67578462,26.97,2
CE1,11854,5.14509128,-66.84573265,56.88,3
CE1,11855,-24.59678793,-53.72803989,98.77,2
CE1,11856,3.97390017,15.13040994,59.35,4
CE1,11857,-1.93965686,36.68494971,52.64,2
CE1,11858,40.74657518,45.78004065,14.2,4
CE1,11859,-39.02065828,-154.5785606,36.31,2
CE1,11860,-39.02065828,-152.8586329,39.43,4
CE1,11861,-58.83681389,96.17698942,51.75,2
CE1,11862,43.72398497,171.7594364,36.13,2
CE1,11863,43.26701752,175.6428397,60.41,2
CE1,11864,41.60604818,170.2542048,88.6,1
CE1,11865,18.93679891,112.2603188,32.12,2
CE1,11866,-40.09021643,-109.3956587,65.59,2
CE1,11867,50.24076965,-100.4680779,42.65,2
CE1,11868,-61.30732904,-91.29277086,33.6,3
CE1,11869,-5.76413769,150.2355675,131.1988466,2
CE1,11870,36.2189286,-131.6886586,55.79,2
CE1,11871,39.10935417,-131.7570782,73.92,1
CE1,11872,3.50304614,-140.6822997,109.88,2
CE1,11873,-11.58760044,137.2948221,45.92,2
CE1,11874,-10.37166713,138.3069606,45.48,2
CE1,11875,-14.05121578,139.5927776,77.67,2
CE1,11876,-13.28553341,136.0042865,45.87,3
CE1,11877,-33.25035773,-137.0183111,75.7,1
CE1,11878,47.12525938,174.3216333,41.72,2
CE1,11879,-34.04577089,-132.9272896,178.489112,2
CE1,11880,-46.11018162,162.9922878,35.68,4
CE1,11881,-44.67383178,165.4931429,59.31,2
CE1,11882,-33.24246521,-21.11311457,63.58,1
CE1,11883,-47.73109773,14.0451332,34.22,2
CE1,11884,-38.62362651,123.2357697,39.18,4
CE1,11885,61.60205021,-80.62166935,31.97,2
CE1,11886,-58.74512663,-14.64628078,229.8084543,2
CE1,11887,27.4508845,55.5475313,146.5482138,2
CE1,11888,63.35557063,17.21602872,63.23,2
CE1,11889,60.28687681,15.46071156,49.22,2
CE1,11890,-38.04251974,126.8077458,32.66,2
CE1,11891,31.11281731,-162.987096,92.16,1
CE1,11892,28.80534068,-163.6783701,60.65,2
CE1,11893,-15.22678709,46.14573172,79.02,2
CE1,11894,-14.16562235,44.55084678,40.78,2
CE1,11895,55.8554387,103.9980598,171.8436477,3
CE1,11896,52.60284826,91.02192491,34.37,2
CE1,11897,23.4772697,-113.1021147,59.25,2
CE1,11898,22.00205725,-112.476901,70.6,1
CE1,11899,23.10671043,-115.5628618,42.45,2
CE1,11900,21.65163184,-121.9258865,73.23,1
CE1,11901,12.08272334,69.64433243,74.85,2
CE1,11902,8.26811692,73.15732605,39.66,2
CE1,11903,8.74178602,70.34504372,48.4,2
CE1,11904,-0.22717705,-167.7835473,57.61,2
CE1,11905,-1.30290489,-165.7168029,37.96,2
CE1,11906,-3.70691162,-166.7950018,29.91,2
CE1,11907,-1.68969697,-169.5483017,55.35,2
CE1,11908,0.39331444,-170.7279503,54.72,2
CE1,11909,21.68671295,1.9891242,20.96,5
CE1,11910,-17.47690029,48.9202653,45.16,2
CE1,11912,9.63146832,-20.00424485,96.07,5
CE1,11914,-50.51397335,-152.7689796,67.22,2
CE1,11915,0.61036133,171.7924666,78.56,2
CE1,11916,-2.01275157,172.6229392,30.52,2
CE1,11917,-1.45149764,171.5754113,28.37,2
CE1,11918,3.61371931,170.9667126,30.87,4
CE1,11919,57.23394051,-111.3090488,34.17,2
CE1,11920,50.42600551,-115.9710202,30.64,3
CE1,11921,50.34477138,-117.68387,35.7,2
CE1,11922,52.48232032,-123.4499925,349.4675479,1
CE1,11923,-46.95576482,150.5823842,67.5,2
CE1,11924,-47.39199302,152.6609251,40.18,3
CE1,11925,-10.2997157,-165.0986671,48.25,5
CE1,11926,-9.53045835,-163.2395408,40.14,2
CE1,11927,-16.67176235,-66.85045125,45.94,3
CE1,11928,0.85570798,118.8168059,32.1,3
CE1,11929,-23.05153878,92.32425699,144.9167936,1
CE1,11930,-21.22247686,94.49952907,47.98,2
CE1,11931,-22.41833119,96.59458503,38.42,2
CE1,11932,-23.58235609,94.97846641,49.95,2
CE1,11933,-28.6120306,92.64512142,36.58,2
CE1,11934,-63.72306663,4.70467535,40.26,2
CE1,11935,-50.30497729,9.80075743,77.3,1
CE1,11936,-20.24058591,157.4502986,79.58,1
CE1,11937,-13.31997329,24.2089858,98.09,2
CE1,11938,-6.44679479,-177.4307138,34.21,2
CE1,11939,-7.58714733,175.2488371,37.56,1
CE1,11940,-6.61087449,172.8871805,21.4,3
CE1,11941,-4.14000388,174.8902239,28.82,1
CE1,11942,-3.29716137,177.4689358,66.65,1
CE1,11943,51.28976495,164.7192934,227.6958507,2
CE1,11944,55.33823128,165.6512158,41.7,3
CE1,11945,17.10615517,-84.40598216,60.69,3
CE1,11946,-4.81740266,-61.19521572,36.66,3
CE1,11947,-11.34250531,124.0355715,69.3,2
CE1,11948,-9.95598117,122.9668098,68.23,1
CE1,11949,28.06885669,-177.1688318,54.01,2
CE1,11950,26.6144837,-177.1334424,41.29,4
CE1,11951,-19.8660384,-69.25221586,135.7643665,1
CE1,11952,-26.43205383,-136.9947181,35.95,5
CE1,11953,-11.79091266,-8.06384142,17.6,5
CE1,11954,-10.8957097,-7.11304462,33.94,3
CE1,11955,17.24816113,26.41256944,69.56,1
CE1,11956,29.55512818,51.69951747,30.9,2
CE1,11957,58.79945823,53.0584727,125.8839051,1
CE1,11958,28.70606009,51.51549229,54.41,2
CE1,11959,50.17433098,-170.9119755,43.19,2
CE1,11960,-25.80714256,-50.72937307,34.08,2
CE1,11961,-1.90428731,17.45195845,39.72,2
CE1,11962,29.99132154,-34.64368435,57.51,3
CE1,11963,-6.81238347,140.7346775,31.92,2
CE1,11964,27.22244042,60.24725145,34.27,2
CE1,11965,49.60586324,-176.328922,115.9318224,1
CE1,11966,-15.87229943,121.6621184,40.97,2
CE1,11967,-54.98319485,-2.98663372,51.49,3
CE1,11968,62.38306634,34.99097428,24.83,4
CE1,11969,49.37137647,142.8273741,82.04,1
CE1,11970,48.78412607,140.4232502,32.16,4
CE1,11971,-16.2599812,142.834452,42.5,3
CE1,11972,-16.92698488,141.421233,45.69,2
CE1,11973,-11.74933823,15.79337247,37.78,3
CE1,11974,21.14640398,20.64172834,44.18,2
CE1,11975,24.42810208,110.7810395,72.37,1
CE1,11976,24.4495812,112.4254697,47.73,2
CE1,11978,-32.57099385,-5.61017227,221.9264271,1
CE1,11979,-18.70808375,-63.51440492,73.33,1
CE1,11980,-18.64997304,-61.79919581,29.79,2
CE1,11981,-19.62621729,-176.7677513,31.34,2
CE1,11982,-2.61859299,165.6535751,46.31,2
CE1,11983,2.80104363,17.34343077,17.25,5
CE1,11984,27.64960212,-34.24968171,17.57,4
CE1,11985,10.61622225,-152.0210823,47.24,3
CE1,11986,-12.80056645,129.7639452,38.4,2
CE1,11987,-31.33591805,98.13520615,55.05,2
CE1,11988,-28.45242838,-41.39835241,65.08,2
CE1,11989,-12.52203373,-159.8421528,101.79,3
CE1,11990,-11.49744868,-159.2641249,34.31,4
CE1,11991,35.56526447,-122.7280476,50.95,2
CE1,11992,-40.85655435,-48.96461872,30.23,2
CE1,11993,-38.16504984,-51.34986825,59.8,1
CE1,11994,10.28676089,97.13486411,63.84,2
CE1,11995,11.04491639,98.3499022,35.44,3
CE1,11996,-33.15362534,-156.0696364,54.45,3
CE1,11997,-33.93035389,-158.9149489,34.48,2
CE1,11998,-32.88854695,-158.7356423,34.8,2
CE1,11999,-31.45876207,-158.4289337,19.12,2
CE1,12000,4.41861086,69.99586772,48.12,2
CE1,12001,6.5391999,69.79060886,8.87,3
CE1,12002,5.60782678,169.5299005,36.11,2
CE1,12003,6.31178582,170.636411,27.91,2
CE1,12004,64.11659827,102.8443635,53.75496071,2
CE1,12005,60.87326297,-121.7088311,63.14,2
CE1,12006,63.37355155,-118.25482,49.64,2
CE1,12007,58.24757893,-121.5177281,31.5,2
CE1,12008,21.06716748,99.0340984,68.9,2
CE1,12009,20.5731965,98.47258565,28.23,2
CE1,12010,21.68452063,-72.00315646,141.3133198,1
CE1,12011,24.91477257,99.28654321,62.72,1
CE1,12012,24.86126772,97.35899735,48.82,2
CE1,12013,48.78723504,10.64066726,34.18,3
CE1,12014,40.8822798,-172.3110388,33.58,2
CE1,12015,-22.52951714,-78.28596507,49.57,3
CE1,12016,-63.23425622,-142.4612098,56.36,2
CE1,12017,24.01930648,64.82428813,44.99,2
CE1,12019,16.6184595,-88.67159161,191.5105086,1
CE1,12020,16.75631563,-88.16906129,50.48,3
CE1,12021,-5.00310303,110.158185,73.94,2
CE1,12022,-5.4283667,112.2862711,32.28,2
CE1,12023,-25.39650574,-120.3050493,46.21,4
CE1,12024,55.01759275,-107.9682839,36.99,3
CE1,12025,52.67729503,-110.0255911,31.91,2
CE1,12026,9.03548707,-100.6733368,80.21,1
CE1,12027,62.94211252,-176.0222134,104.0349181,1
CE1,12028,63.90050783,-171.4027093,44.85,2
CE1,12029,64.14027658,178.1602099,40.58045417,2
CE1,12030,2.37209001,-36.74581821,10.89,5
CE1,12031,0.65990353,-36.41551659,8.72,4
CE1,12032,0.36264425,-40.18567362,8.73,4
CE1,12034,3.2533954,-37.85940652,94.68,1
CE1,12035,53.7858195,56.45586075,123.8090825,2
CE1,12036,54.67663956,62.5286919,29.75,3
CE1,12037,59.90342309,67.74981673,59,2
CE1,12038,58.4715937,60.56103798,32.74,3
CE1,12039,53.65878409,50.59064776,66.05,1
CE1,12040,5.39411962,-159.4363536,43.51,3
CE1,12041,7.85464875,-158.2401899,134.965406,1
CE1,12042,14.47975747,-11.25125202,58.77,4
CE1,12043,5.74164764,98.56695754,63.75,1
CE1,12044,47.46129634,-141.8171217,76.79,1
CE1,12045,28.27060155,109.4079285,70.01,1
CE1,12046,-4.50700625,-27.60590062,63.82,1
CE1,12047,44.37850335,16.39027468,70.16,5
CE1,12048,23.30403709,-29.13472525,26.03,4
CE1,12049,-9.38151508,-133.7766366,69.4,1
CE1,12050,-11.52981419,-136.3765822,132.0684518,1
CE1,12051,34.63101869,-153.0804068,48.88,2
CE1,12052,33.74892989,-150.6762829,48.02,2
CE1,12053,35.48269731,-159.5944265,65.28,1
CE1,12054,37.8106739,-156.8741568,46.7,2
CE1,12055,-42.74698861,41.9485419,78.9,4
CE1,12056,43.14491992,100.6030311,182.8412891,1
CE1,12058,-42.56653958,8.77918172,69.03,1
CE1,12059,-43.32982951,8.13273427,28.49,5
CE1,12060,-45.90863083,10.11218467,29.62,3
CE1,12061,-58.27312241,125.2506096,59.32,2
CE1,12062,-22.68415644,19.89147181,37.77,2
CE1,12063,-19.53285651,123.0682596,252.5588036,1
CE1,12064,-38.07781461,5.04677345,68.42,1
CE1,12065,17.90266418,-126.080609,155.5027659,2
CE1,12066,-42.27568497,-177.7798898,77.36921892,4
CE1,12067,7.32612157,63.46297361,56.81,2
CE1,12068,4.24452161,112.8005979,51,3
CE1,12069,5.06754347,111.3260371,40.96,2
CE1,12070,26.86521532,-172.145888,104.21,2
CE1,12071,28.54038299,-173.9696247,49.17,2
CE1,12072,30.91870757,-172.9291747,35.46,2
CE1,12073,-3.27360717,-3.71565657,76.18,1
CE1,12074,-4.4599647,-44.26725787,19.34,4
CE1,12075,-3.24534141,-44.14457442,112.24,1
CE1,12076,14.95438981,109.3607425,133.2434821,2
CE1,12077,25.52095023,131.889672,69.03,1
CE1,12078,63.48330779,-19.0156993,37.68,3
CE1,12079,23.66324133,-141.4561492,37.02,2
CE1,12080,21.07157062,-140.5501791,31.24,2
CE1,12081,20.25479489,-143.5087378,35.19,4
CE1,12082,22.7960397,-143.6880444,46.27,2
CE1,12083,-30.27816648,-52.9447532,51.57,2
CE1,12084,-30.168082,-49.53792795,32.47,2
CE1,12085,42.61242884,-145.4858289,136.3519195,1
CE1,12086,44.85210106,-142.1167524,35.05,3
CE1,12087,39.87403867,-146.5593092,37.76,2
CE1,12088,-24.60751353,34.59461234,96.76,1
CE1,12089,-21.37195292,33.12712944,128.7925968,2
CE1,12090,-25.18105304,33.3394662,16.52,2
CE1,12092,38.84156824,47.7170237,55.92,3
CE1,12093,-39.51382946,59.15489682,57.75,1
CE1,12094,-43.04772241,64.73699413,36.66,2
CE1,12095,-43.16829347,61.64395542,44.73,1
CE1,12096,-38.49448424,58.48957499,10.61,5
CE1,12097,-42.15686672,63.55026761,62.94,1
CE1,12098,24.96825422,170.8440291,83.16,2
CE1,12099,24.68346573,173.8474145,27.76,2
CE1,12100,37.4781477,-118.8281292,78.3,1
CE1,12101,34.82685786,-119.4722173,45.27,2
CE1,12102,-36.05045063,60.5492415,134.8274855,1
CE1,12103,-33.52811287,59.10063298,11.21,5
CE1,12104,-39.47559622,67.37232917,30.64,2
CE1,12105,36.28932264,-147.4487642,65.66,2
CE1,12106,37.61843851,-148.4373098,37.67,2
CE1,12107,-19.6595473,149.3461125,277.1593107,1
CE1,12108,-13.98712308,-152.9435676,242.2215158,1
CE1,12109,-13.45080005,-152.415085,52.91,2
CE1,12110,-15.03319843,-151.9172733,49.15,2
CE1,12111,-14.98078531,-154.5950757,136.0919549,1
CE1,12112,-12.76375318,-154.6540581,36.7,2
CE1,12113,49.56762517,-84.55933648,76.83,2
CE1,12114,0.97129883,-18.70191277,11.56,5
CE1,12115,-9.62584105,97.17733146,42.11,2
CE1,12116,-47.21600875,156.9973135,81.05,1
CE1,12117,-49.33077279,154.0694256,45.93,2
CE1,12118,-45.60740318,156.1951524,52.89,2
CE1,12119,-17.54664892,-39.92379162,111.39,2
CE1,12120,-15.52933873,-39.75156292,32.22,5
CE1,12121,-10.88412565,37.96132953,33.14,2
CE1,12122,-33.78929387,-12.57717708,79.64,1
CE1,12123,36.0054577,79.10983304,176.0535321,2
CE1,12124,36.0569725,81.554065,35.46,2
CE1,12125,39.79432353,72.16406191,30,3
CE1,12126,17.43283062,131.285692,61.62,2
CE1,12127,15.02048197,132.8593432,38.81,2
CE1,12128,-19.43499206,13.90829396,44.68,2
CE1,12129,-14.35312418,158.4128918,36.63,3
CE1,12130,-15.4429403,156.4711902,40.35,2
CE1,12131,34.55915958,56.59505929,81.98,4
CE1,12132,-34.42806244,13.43407521,88.54,1
CE1,12133,-35.79634606,15.26960848,65.1,1
CE1,12134,-22.921221,-123.4570704,90.19,2
CE1,12135,-24.17131807,-126.2434005,52.08,3
CE1,12136,-18.30313274,84.39229961,78.76,2
CE1,12137,-3.23120823,76.33529946,100.25,1
CE1,12138,-63.77002942,75.95309331,63.9,1
CE1,12139,12.40551108,100.086345,46.16,3
CE1,12140,36.01500002,102.8679565,22.13,5
CE1,12141,-1.81939746,137.8468976,38.96,3
CE1,12142,8.16770888,-77.58761308,40.1,5
CE1,12143,-9.97457079,45.03450271,73.04,2
CE1,12144,15.22318847,89.18167304,93.18,2
CE1,12145,17.11742946,89.75026368,11.06,5
CE1,12146,1.84868309,10.20419726,34.25,5
CE1,12147,-25.17678279,-105.0946598,35.47,3
CE1,12148,39.80701167,161.1968626,37.86,3
CE1,12149,-32.54514302,14.14894228,44.09,2
CE1,12150,-3.77753962,-108.4071132,34.98,3
CE1,12151,-42.26521,-88.61260917,36.16,3
CE1,12152,-16.98340353,150.3039872,36.95,2
CE1,12153,13.16247254,52.81782437,14.27,4
CE1,12154,3.69848115,133.2038006,68.28,3
CE1,12155,2.93771127,131.2526618,32.55,2
CE1,12156,1.84868309,127.3503841,63.9,1
CE1,12157,0.23288468,126.0834415,68.59,1
CE1,12158,12.5206961,-130.1008515,36.72,3
CE1,12159,-5.37904164,-68.56330106,218.3219557,1
CE1,12160,-46.91710202,-147.8828749,59.82,2
CE1,12161,-48.94178867,-148.2580032,38.73,3
CE1,12162,-11.58528922,-14.1060017,60.75,1
CE1,12163,45.02245111,-129.6502257,45.05,3
CE1,12164,-39.63567107,85.06469932,35.2,3
CE1,12165,-8.58220596,41.33040602,70.65,2
CE1,12166,-47.74537777,-93.94933958,37.03,5
CE1,12167,11.59781402,117.2502326,98.28,1
CE1,12168,-63.477599,49.60210221,54.33,1
CE1,12169,-61.25291108,52.15958044,42.98,2
CE1,12170,-49.23689392,138.1960736,31.36,3
CE1,12171,31.24805513,73.60559253,42.79,2
CE1,12172,32.2292027,72.90252195,87.49,3
CE1,12173,-41.38441529,-33.49470659,25.63,4
CE1,12174,-40.25966892,-33.9995962,70.56,2
CE1,12175,-41.2302291,-32.63120379,55.52,4
CE1,12176,-8.01022948,5.81118577,37.76,2
CE1,12177,-42.81625264,84.57632479,34.59,2
CE1,12178,-56.58551539,71.43503905,57.45,4
CE1,12179,14.07506107,72.58637612,59.54,1
CE1,12180,-11.52750249,-51.93969256,41.18,3
CE1,12181,-57.60564118,-173.6416824,44.99,3
CE1,12182,39.47453855,99.73480969,28.47,2
CE1,12183,40.42226694,98.57875403,273.7102831,1
CE1,12184,37.48189222,103.3539717,28.93,3
CE1,12185,-38.33180496,79.89783833,43.11,2
CE1,12186,52.82153171,-43.51700135,63.45,1
CE1,12187,33.27485791,114.3789678,39.77,5
CE1,12188,35.59788386,114.7965634,52.77,2
CE1,12189,35.08210553,111.658698,53.98,2
CE1,12190,2.73270377,135.4758039,41.06,4
CE1,12191,-6.23810264,-80.39517682,63.29,2
CE1,12192,19.49598462,-146.549872,78.46,1
CE1,12193,-29.2438923,62.71271708,59.98,2
CE1,12194,63.04496063,71.09765955,56.69,2
CE1,12195,32.53404322,-110.9362799,52.28,2
CE1,12196,30.74651011,-111.1981618,37.98,2
CE1,12197,-19.35487724,75.71008569,40.77,2
CE1,12198,-10.50392169,166.8473796,174.6492447,1
CE1,12199,-13.02363139,168.4800133,124.3336112,1
CE1,12200,-22.06674955,79.68314227,137.7074748,2
CE1,12201,-19.24131388,79.6595493,68.09,1
CE1,12202,2.77747861,-76.50705493,167.4019941,1
CE1,12203,-39.45009572,-17.65438478,64.65,1
CE1,12204,-39.77724663,-14.48584856,64.87,1
CE1,12205,22.61539439,-102.421576,33.7,2
CE1,12206,23.42748854,-100.7771459,61.93,2
CE1,12207,-32.38191247,-7.7406177,69.03,1
CE1,12208,4.80193132,152.0262742,33.31,3
CE1,12209,3.73850476,155.7138558,43.49,2
CE1,12210,-23.90845026,-56.95791784,47.57,2
CE1,12211,12.7969296,-152.304198,39.06,2
CE1,12212,-49.35536718,6.32787187,68.74,1
CE1,12213,23.31703738,-49.7573426,68.32,4
CE1,12214,-5.65849636,-2.03111833,35.87,3
CE1,12215,13.35996155,104.531261,39.09,4
CE1,12216,0.51127561,-133.3661189,82.94,2
CE1,12217,5.18738611,-134.144687,48.9,2
CE1,12218,-29.38583704,-16.34025621,40.36,3
CE1,12219,-54.47093035,174.1942312,43.24,2
CE1,12220,40.88941445,122.6836941,113.87,2
CE1,12221,-17.92866182,108.4217422,175.5738244,2
CE1,12222,-16.49765406,112.4372661,48.73,3
CE1,12223,-18.67456078,114.3388597,47.11,2
CE1,12224,-21.06184122,109.261652,32.59,2
CE1,12225,-24.89675639,-30.36391912,57.36,2
CE1,12226,-5.30152278,5.01610259,155.7141206,1
CE1,12227,-6.02228859,93.60535541,157.8338243,1
CE1,12228,-8.23911977,94.9902629,38.13,2
CE1,12229,-4.52111812,93.36234779,48.89,2
CE1,12230,15.05238121,136.8748672,44.46,2
CE1,12231,13.5068254,137.1367492,41.47,2
CE1,12232,33.55843324,121.9617492,38.39,2
CE1,12233,-19.19898584,62.61834519,47.6,2
CE1,12234,-27.57137285,151.2618619,37.77,3
CE1,12235,-29.02751134,148.0107502,77.85,2
CE1,12236,-26.23964142,151.1863643,26.53,4
CE1,12237,-54.81769075,33.12477015,112.4766365,1
CE1,12238,-55.30948043,37.01761062,33.02,4
CE1,12239,-54.88560257,29.86186203,51.41,2
CE1,12240,-56.17403301,38.36241006,28.18,3
CE1,12241,41.1706179,54.84682002,34.35,2
CE1,12242,-51.01091736,159.231568,87.84,2
CE1,12243,-3.9376083,5.92443203,29.65,4
CE1,12244,4.38803053,-30.69186144,9.48,4
CE1,12246,-17.18186189,-123.723671,76.84,1
CE1,12247,22.39743404,86.90495119,81.84,2
CE1,12248,-41.05966964,-1.61116341,65.79,2
CE1,12249,-27.21526674,80.96188139,217.4628433,3
CE1,12250,-24.05287869,-39.12634915,446.5565556,2
CE1,12251,37.2287167,168.6239304,45.17,2
CE1,12252,35.60172057,167.3357541,42.42,3
CE1,12253,6.79462411,122.4052971,88.29,1
CE1,12254,7.22782923,125.6045041,40.36,2
CE1,12255,-5.41427424,-173.2689135,93.73,2
CE1,12256,-4.52347007,-171.3154153,69.36,1
CE1,12257,-7.3274806,-170.9709579,28.8,2
CE1,12258,-3.84816187,-176.026932,36.61,2
CE1,12259,-44.91659418,-65.3452196,33.31,3
CE1,12260,27.94179173,119.3287734,42.83,4
CE1,12261,27.595252,117.4625693,33.47,3
CE1,12262,29.49354015,119.182497,35.31,2
CE1,12263,-14.35998104,-129.1500547,83.95,3
CE1,12264,-17.52415229,147.5436094,94.1,1
CE1,12265,-7.92377805,33.57775522,41.39,2
CE1,12266,-4.47172537,33.03983544,29.51,2
CE1,12267,-23.25761734,117.7102955,30.83,4
CE1,12268,62.16022747,-42.19815418,169.5663047,1
CE1,12269,22.10701692,-163.3291941,71.38,5
CE1,12270,-56.831567,11.38620519,66.28,1
CE1,12271,-59.84727442,10.5179838,33.91,2
CE1,12272,8.6088447,89.48838169,73.77,2
CE1,12273,8.93528227,92.38559872,47.49,2
CE1,12274,-44.72246596,40.51408916,217.8779091,1
CE1,12275,-46.23761381,42.377934,15,5
CE1,12276,-35.04460457,-148.0810559,41.22,2
CE1,12277,-58.52162364,90.62320367,66.69,1
CE1,12278,-53.41844053,89.62050233,44.74,2
CE1,12279,0.41926606,78.17083273,37.77,2
CE1,12280,-41.99575689,96.16755223,73.66,3
CE1,12281,25.79528845,93.40009654,182.1461124,1
CE1,12282,27.26019757,-144.1032807,97.52,2
CE1,12283,25.66138815,-143.8815068,67.82,1
CE1,12284,27.57434092,-148.0834152,38,3
CE1,12285,-34.74078607,147.2085892,146.4524263,1
CE1,12286,-33.07458094,149.8557207,29.57,2
CE1,12287,-35.17584562,150.1624293,32.13,4
CE1,12288,-37.86951513,145.4013675,56.19,2
CE1,12289,9.06111639,15.28376427,84.72,1
CE1,12290,14.74686532,-116.2093092,70.03,2
CE1,12291,-10.55031343,20.27603727,30.85,3
CE1,12292,-10.76130707,70.66826744,48.65,2
CE1,12293,-14.14274564,71.37133803,30.86,3
CE1,12294,-15.60206724,71.14720479,39.91,2
CE1,12295,-52.04129416,-142.1969685,55.56,2
CE1,12296,5.97165176,116.1720337,32.3,3
CE1,12297,-11.56679876,-112.842592,27.99,3
CE1,12298,-9.74677548,161.6852371,177.8561738,3
CE1,12299,-13.06040641,163.2730442,65.65,1
CE1,12300,-11.14118486,157.9929369,29.67,4
CE1,12301,51.3045172,43.71329625,32.75,3
CE1,12302,28.67708548,126.7558412,31.67,2
CE1,12303,8.14902552,-37.97265279,29.49,5
CE1,12304,7.13887962,-36.09937076,10.7,5
CE1,12305,10.00807409,-41.82302591,11.5,4
CE1,12306,7.45714426,-41.82774451,9.51,3
CE1,12308,-14.08554378,112.0173112,55.88,2
CE1,12309,2.8034001,-147.1349777,91.67,2
CE1,12310,35.81628209,123.0116365,55.1,3
CE1,12311,36.11035966,124.5428204,63.73,1
CE1,12312,-26.27984185,-22.54048941,45.54,3
CE1,12313,-6.38818195,84.19175934,67.79,1
CE1,12314,4.95943102,120.5650452,76.21,5
CE1,12315,36.88416193,-141.7840915,77.47,1
CE1,12316,38.03586609,-143.3223533,30.98,4
CE1,12317,39.33599286,-143.4686298,38.8,2
CE1,12318,-42.22678688,150.3653289,94.7,1
CE1,12319,14.31522304,153.9066341,56.25,2
CE1,12320,16.19523715,151.0023392,31.22,2
CE1,12321,10.83412191,-115.0155048,78.78,2
CE1,12322,24.44528567,152.1890657,80.43,2
CE1,12323,-15.30644848,115.9054331,97.97,1
CE1,12324,19.59825746,158.3539094,68.08,2
CE1,12325,-17.33281862,-89.57756175,40.49,3
CE1,12326,-4.02704512,-157.7400189,489.1652129,2
CE1,12327,-0.68486501,-153.240839,66.47,2
CE1,12328,-3.39608286,-153.3470074,36.84,2
CE1,12329,-4.17059412,-152.7265122,29.71,3
CE1,12330,-5.70545047,-156.7963,30.63,2
CE1,12331,-8.44687495,-157.3743278,56.75,2
CE1,12332,-0.12808706,-160.5003967,31.43,4
CE1,12333,14.55512842,118.8734291,67.91,2
CE1,12334,30.88226802,-129.4213739,113.71,3
CE1,12335,29.18915848,-131.4598067,100.63,2
CE1,12336,-21.76907778,101.1480288,44.97,2
CE1,12337,-46.64891986,129.8347241,59.35,2
CE1,12338,16.65688841,-72.69207126,51.15,3
CE1,12339,53.39089983,-127.9704061,61.59,1
CE1,12340,54.76521076,-125.9130989,59.64,3
CE1,12341,53.98467199,-132.9485233,38.58,3
CE1,12342,-29.91483004,-79.67559115,41.17,3
CE1,12343,3.86091851,-175.6612409,61.67,3
CE1,12344,2.68321386,-171.5796566,45.99,2
CE1,12345,3.13561387,-174.3117229,35.93,2
CE1,12346,0.91468337,-177.3269048,41,2
CE1,12347,29.03456475,-45.54835629,22.87,3
CE1,12348,-26.34751635,5.8678089,46.44,1
CE1,12349,38.58936965,-165.2921294,66.45,1
CE1,12350,-53.470433,104.3731881,65.87,1
CE1,12351,-55.80850707,103.2997079,42.74,2
CE1,12352,38.87280087,-151.7639189,43.02,2
CE1,12353,8.19806748,-134.5929535,33.48,3
CE1,12354,40.14329554,140.3170819,31.85,2
CE1,12355,-23.70986752,1.09259125,67.22,1
CE1,12356,41.38515738,-107.7559471,37.83,3
CE1,12357,53.62941371,-28.34200137,80.4,3
CE1,12358,-37.89558489,-59.08364467,57.95,3
CE1,12359,-1.25101325,10.11218467,36.07,2
CE1,12360,-44.62179835,-22.78821562,58.11,1
CE1,12361,-32.94004237,-71.6280282,160.6989081,1
CE1,12362,-31.34397832,-76.64389417,126.0913826,1
CE1,12363,-23.11665045,-70.05673622,112.2768945,1
CE1,12364,-24.91173578,-74.34122005,135.6503378,1
CE1,12365,23.92660804,-20.5704762,68.03,1
CE1,12366,-43.11148242,105.8265152,30.12,4
CE1,12367,-14.72765532,64.75350921,55.71,3
CE1,12368,-31.00283146,131.6702574,84.28,2
CE1,12369,-33.00931579,132.9159664,63.04,1
CE1,12370,-31.65176431,129.9503297,45.35,2
CE1,12371,-15.28824283,131.9085464,42.8,2
CE1,12372,42.19606514,-119.1607901,219.75263,1
CE1,12373,-9.48159345,132.4488255,40.05,2
CE1,12374,-9.94203827,119.5599846,53.76,3
CE1,12375,-5.84159553,119.6637936,104.76,3
CE1,12376,-13.37965747,119.0881251,147.2165636,1
CE1,12377,44.20455967,162.7327651,30.58,2
CE1,12378,-35.82121934,-128.7513335,57.8,2
CE1,12379,-0.29795522,-26.56780983,91.5,2
CE1,12380,-8.9086669,61.09895776,142.5495716,4
CE1,12381,0.1927769,-31.10237916,38.75,3
CE1,12383,-1.46329031,-29.14416244,9,5
CE1,12384,-10.67553609,76.40843768,17.91,3
CE1,12385,28.30591967,-97.08248634,89.17,1
CE1,12386,38.29185422,-81.21857156,71.01,1
CE1,12387,41.00524482,-80.33855368,50.56,2
CE1,12388,-44.87982699,-139.8471085,68.4,2
CE1,12389,-42.54568484,-139.4908546,69.31,2
CE1,12390,-50.04357123,109.5966722,63.59,2
CE1,12391,-47.17913797,108.3769156,109.4314795,1
CE1,12392,7.87334563,-164.8698152,20.99,2
CE1,12393,10.50721394,-164.1242773,63.39,3
CE1,12394,6.28129997,-163.9308149,35.8,2
CE1,12395,5.76746912,-165.6365868,29.55,3
CE1,12396,-30.74363235,-40.61270642,49.7,3
CE1,12397,-28.19282048,-176.2746582,41.17,2
CE1,12398,-28.90985695,70.05249086,102.11,1
CE1,12399,-29.70807492,72.21124785,78.08,1
CE1,12400,-61.36052196,-149.9779309,30.4,3
CE1,12401,-61.85747288,-156.6948502,33.94,2
CE1,12402,26.65033632,30.583807,34.51,2
CE1,12403,19.09962644,148.2655543,34.04,2
CE1,12404,-10.49928213,-42.48834774,117.59,3
CE1,12405,29.31060875,-116.270651,57.03,2
CE1,12406,25.84838165,-119.3400967,89.45,1
CE1,12407,33.25118487,-119.2339283,35.33,2
CE1,12408,1.71898465,-108.9922189,50.14,4
CE1,12409,-23.29662803,143.2827185,108.23,1
CE1,12410,-24.13902729,138.8142095,47.05,2
CE1,12411,-35.77146499,-4.18279743,63.7,2
CE1,12412,-36.88714493,-1.31389196,33.59,4
CE1,12413,-47.2144062,6.66996997,75.42,1
CE1,12414,-46.0709123,0.97934498,28.89,2
CE1,12415,31.91332334,-67.68328318,19.53,5
CE1,12416,12.26952725,52.85321383,31.63,3
CE1,12417,-24.27889497,-48.14594257,38.96,2
CE1,12418,-54.55584563,6.209907,61.18,2
CE1,12419,-55.4033636,8.83344556,38.53,2
CE1,12420,-32.2822366,24.87902622,53.08,3
CE1,12422,-55.4381778,-114.3714167,170.7923458,1
CE1,12423,-1.25573071,178.7358784,38.94254657,3
CE1,12424,9.81982476,113.166289,87.26,3
CE1,12425,7.70971957,113.1639297,45.07,2
CE1,12426,-46.28817794,36.73685425,35.08,2
CE1,12427,-17.3463311,-146.7079449,56.11,2
CE1,12428,-0.42299548,-67.32938859,31.25,2
CE1,12429,27.3985307,98.35226149,90.69,3
CE1,12430,-49.6327355,-21.62508207,152.9616875,2
CE1,12431,-53.41703444,-19.06760384,31.54,2
CE1,12432,33.94487614,-96.52097359,394.3387695,1
CE1,12433,31.72688516,-98.73399442,35.27,2
CE1,12434,33.35175097,-99.56918565,36.91,2
CE1,12435,-6.29438747,129.2354626,90.08,1
CE1,12436,-6.69758043,131.8472047,48.93,2
CE1,12437,-36.69064366,-142.4258204,35.1,4
CE1,12438,-12.84657549,-103.3393427,62.65,3
CE1,12439,-17.86130709,-23.84989939,42.97,2
CE1,12440,-8.22744486,-121.2275345,64.61,3
CE1,12441,-40.14253945,155.874288,28.43,3
CE1,12442,26.51530326,89.3940098,67.58,2
CE1,12443,-62.7154131,152.8779805,37.19,2
CE1,12444,-50.7414614,84.97268673,163.0407179,1
CE1,12445,-48.97896633,80.10545648,38.39,2
CE1,12446,-51.54809746,78.11656889,63.59,1
CE1,12447,18.15841564,-149.3031719,186.6536477,1
CE1,12448,-1.98209934,68.0352917,54.33,2
CE1,12449,21.27617213,46.03248545,62.79,3
CE1,12450,-10.98836587,29.85714344,27.58,5
CE1,12454,3.57133542,-41.39127451,60.42,1
CE1,12455,-11.9132896,44.16864062,37.2,2
CE1,12456,-12.72003045,45.05101779,29.35,3
CE1,12457,-50.06932191,-6.28729058,172.2897798,1
CE1,12458,-51.6858003,-9.39212578,47.27,2
CE1,12459,41.67128732,-43.46273751,39.49,3
CE1,12460,-40.73688808,-168.5786305,83.84,3
CE1,12461,-46.72822104,52.24451514,32.04,2
CE1,12462,22.07422539,105.5528367,41.29,2
CE1,12463,5.74634254,162.2113604,203.6269206,1
CE1,12464,5.7205201,162.3930263,61.94,2
CE1,12465,4.45389429,159.8261109,54.02,3
CE1,12466,5.59373857,160.3781865,36.22,2
CE1,12467,9.11004002,161.652207,32.48,2
CE1,12468,14.46605091,9.10240544,38.34,4
CE1,12469,19.37361701,34.90603958,39.62,2
CE1,12470,-9.48392051,145.2432945,72.88,3
CE1,12471,-11.70313707,145.3824931,36.21,2
CE1,12472,-39.3480003,76.80244032,56.55,2
CE1,12473,-38.02765364,73.64570059,37.4,2
CE1,12474,-38.02951207,75.58268364,44.12,2
CE1,12475,-28.37565052,-139.0071987,70.27,3
CE1,12476,-30.07420924,-141.9445237,33.39,2
CE1,12477,-28.02633948,-143.1336096,34.52,2
CE1,12478,11.94426586,-50.77891831,40.09,3
CE1,12479,12.61741182,-45.96123331,15.23,4
CE1,12480,14.00868592,-47.59858561,11.08,4
CE1,12481,11.43136349,-45.01279581,8.72,4
CE1,12482,53.52154725,-62.90098763,39.92,3
CE1,12483,42.73731878,30.49887229,33.33,2
CE1,12484,-14.49935816,-93.77475158,53.8,4
CE1,12485,49.78746577,-27.38176739,45.49,3
CE1,12486,-15.70429808,-170.8034478,50.16,2
CE1,12487,-15.14254083,-173.018828,40.21,2
CE1,12488,-13.73515813,-174.7458335,39.98,2
CE1,12489,47.04172032,-92.74373868,75.29,1
CE1,12490,48.24808545,-91.70800718,57.55,1
CE1,12491,47.07386623,-96.99991093,31.63,3
CE1,12492,16.69530961,-166.1343985,88.58,2
CE1,12493,-10.44592223,-148.9610738,58.83,2
CE1,12494,-9.21154858,-148.0551036,34.99,2
CE1,12495,-10.12324938,-150.8815418,29.75,2
CE1,12496,-43.73861351,-35.30192829,136.1466149,1
CE1,12497,15.96173539,-96.87250888,77.28,1
CE1,12498,23.95895228,119.8195073,38.92,2
CE1,12499,-10.85632208,113.2181935,87.27,2
CE1,12500,-48.89217534,-109.5914804,143.9295279,2
CE1,12501,-51.53929373,-107.0929846,57.59,3
CE1,12502,-46.55328026,-116.5348923,60.75,2
CE1,12503,5.51859577,140.9564514,342.0382032,2
CE1,12504,-29.19653354,-26.09359108,46.32,2
CE1,12505,46.7046358,66.0582006,64.3,2
CE1,12506,50.89858918,74.12227863,41.52,2
CE1,12507,-21.49054594,-49.20290774,84.46,2
CE1,12508,-23.09060957,-46.75159789,31,2
CE1,12509,-20.01685131,-47.80620376,39.44,2
CE1,12510,12.10117895,125.5832705,65.94,2
CE1,12511,39.33781762,60.14108307,122.8462793,1
CE1,12512,40.09999708,64.94225299,38.83,2
CE1,12513,-1.89957132,47.7123051,13.8,5
CE1,12514,-40.40534694,43.52927106,83.81,2
CE1,12515,6.71496482,-121.4823386,134.0911803,2
CE1,12516,10.02666073,-30.16337885,12.19,5
CE1,12517,9.26841324,-32.0177865,8.23,5
CE1,12519,-39.35712204,0.89205098,61.37,3
CE1,12520,46.75961673,121.5205606,93.97,2
CE1,12521,43.80406693,118.6540144,32.4,2
CE1,12522,45.7942888,117.8164639,48.99,3
CE1,12523,8.57385235,155.7114965,35.65,2
CE1,12524,-31.27544403,112.8760954,269.0881358,1
CE1,12525,-32.61472443,113.6971309,58.91,3
CE1,12526,-35.91490241,112.7911607,52.94,2
CE1,12527,-35.78294953,111.420409,36.77,5
CE1,12528,-37.4717456,108.2070462,97.13,1
CE1,12529,-34.46308373,107.7351867,69.19,1
CE1,12530,24.6877531,-161.7272313,72.28,1
CE1,12531,17.93184756,-154.812131,97.1,1
CE1,12532,20.64827825,-154.1491685,45.62,2
CE1,12533,-18.66785538,-164.7848805,49.97,2
CE1,12534,9.49187713,103.309145,61.56,4
CE1,12535,11.38279693,103.4153134,74.1,2
CE1,12536,-19.20789791,47.69343073,36.6,3
CE1,12537,-45.90370578,-20.5704762,77.05,1
CE1,12538,47.31274339,-160.0497709,83.71,1
CE1,12539,45.73668447,-161.2695276,36.24,3
CE1,12540,50.26641437,-161.7791358,41.72,3
CE1,12541,4.98058487,130.2405233,56.01,1
CE1,12542,6.72668024,127.23006,40.75,2
CE1,12543,21.91453146,-175.3026277,72.77,4
CE1,12544,25.9035733,148.0201874,444.1174891,2
CE1,12545,21.04514984,-90.20513482,88.89,1
CE1,12546,-0.67071021,-5.79655675,24.38,5
CE1,12547,-60.91180289,97.69165826,54.7,2
CE1,12548,-61.19157804,100.8177271,50.65,2
CE1,12549,5.12159294,-0.10593176,57.83,1
CE1,12550,19.55379898,153.9986467,50.54,2
CE1,12551,-41.09523944,0.23380704,51.99,3
CE1,12552,-50.3561838,-56.3893272,78.37,1
CE1,12553,-24.80470029,177.3132222,75.8,2
CE1,12554,-31.28754194,39.95729501,49.22,3
CE1,12555,-58.58070839,39.01121681,72.79,1
CE1,12556,-60.1938717,40.20030263,42.46,2
CE1,12557,-5.19344996,123.3513753,36.87,5
CE1,12558,-6.90139551,122.4029378,75.31,1
CE1,12559,8.74878163,84.59048058,157.8225385,2
CE1,12560,35.55758739,-94.62645789,128.8849526,2
CE1,12561,-26.60305232,125.3025141,97.03,2
CE1,12562,-28.51671288,124.4201369,39.11,2
CE1,12563,29.74376396,43.68970328,39.8,4
CE1,12564,-26.16978658,-85.11613063,38.08,4
CE1,12565,-42.43956553,25.94542858,40.54,2
CE1,12566,33.24329243,134.1333637,35.46,3
CE1,12567,35.11106062,151.1958015,42.67,3
CE1,12568,-44.62179835,-170.8246815,62.13,1
CE1,12569,14.79933536,-101.3386586,50.87,2
CE1,12570,12.51608969,-100.944656,39.57,2
CE1,12571,0.17390262,76.02387222,41.79,2
CE1,12572,-48.78658338,-45.75597445,32.12,2
CE1,12573,-34.87251417,3.93082585,70.61,1
CE1,12574,-33.44547013,3.5439011,30.91,3
CE1,12575,32.26910954,167.4183295,60.58,3
CE1,12576,31.22384764,164.072846,41.64,2
CE1,12577,34.19503049,166.7648041,50.5,2
CE1,12578,62.54340539,154.7819334,49.52,2
CE1,12579,-38.59966049,162.4944761,72.23,2
CE1,12580,-30.41254664,157.3748011,70.41,5
CE1,12581,57.16236612,-64.19860113,73.47,1
CE1,12582,18.35110379,-113.6848612,61.75,5
CE1,12583,-43.79313572,76.25980195,78.67,2
CE1,12584,-42.54394663,74.67907279,38.23,2
CE1,12585,7.30272059,-75.99508743,73.02,2
CE1,12586,20.52017536,117.8825242,79.94,4
CE1,12587,20.80715244,119.9351128,59.12,2
CE1,12588,56.75199558,137.1579828,60.77,1
CE1,12589,-35.50494268,-166.0706975,211.3617109,2
CE1,12590,-34.91121764,-160.6207209,35.91,2
CE1,12591,-36.74170684,-163.312679,32.94,2
CE1,12592,-34.4183317,-168.0996932,37.08,3
CE1,12593,-32.05056654,-172.9409711,32.04,4
CE1,12594,-42.60996455,169.2892522,82.05,1
CE1,12595,-41.70050145,165.0189242,68.43,1
CE1,12596,-40.64923442,165.5379696,56.1,3
CE1,12597,-25.7561558,-175.0525422,72.93,2
CE1,12598,-22.80817742,-175.3521729,130.8138199,1
CE1,12599,-40.31366041,-3.79351338,127.2566774,1
CE1,12600,10.27051085,122.0514025,108.13,1
CE1,12601,-26.42360287,68.47648029,37.94,5
CE1,12602,5.50450543,-1.60880412,49.51,2
CE1,12603,-28.68035748,-47.73070625,39.84,2
CE1,12604,62.59883237,-94.62881719,60.92,2
CE1,12605,-4.18706529,140.7275996,67.5,1
CE1,12606,-5.45655064,138.7599457,72.64,1
CE1,12607,10.11493268,163.9902706,92.03,2
CE1,12608,-22.91035551,163.5302076,85.88,1
CE1,12609,-22.68850996,167.319239,62.61,1
CE1,12610,-24.83467956,161.9117297,63.78,1
CE1,12611,48.63310949,-155.2651161,71.45,1
CE1,12612,52.96244914,-150.756499,48.09,2
CE1,12613,25.9035733,-108.7728043,94.57,1
CE1,12614,-33.23457198,103.6724768,93.08,1
CE1,12615,-31.88243828,104.4887937,28.05,2
CE1,12616,-35.00596406,101.6953857,37.47,2
CE1,12617,-14.59527184,3.32920505,70.66,1
CE1,12618,-7.85600612,-15.71504243,47.28,2
CE1,12619,37.32446114,-171.185654,41.12,2
CE1,12620,34.13646686,-173.2453205,41.19,2
CE1,12621,-13.9069821,-140.4652444,133.8469669,1
CE1,12622,-16.39130299,-140.1514578,37.51,3
CE1,12623,-16.29395218,-140.5289454,87.84,2
CE1,12624,-14.49935816,-142.6570315,44.23,3
CE1,12625,-11.55524161,104.8851556,254.6012947,1
CE1,12626,-8.99489762,109.2640113,37.62,4
CE1,12627,-11.69620622,100.5534858,40.15,2
CE1,12628,-9.9071784,101.9997351,37.88,2
CE1,12629,-8.15505281,104.0287307,49.85,2
CE1,12630,-16.69888188,133.6874566,55.25,2
CE1,12631,-44.76268405,137.3514452,95.28,3
CE1,12632,-28.34450851,142.4616831,151.9831935,2
CE1,12633,-29.2109494,145.8000887,43.92,3
CE1,12634,-32.41179382,142.1573337,60.64,1
CE1,12635,44.23330432,145.2480131,59.98,2
CE1,12636,12.5206961,-106.2176853,40.84,3
CE1,12637,18.27271,53.39349291,18.86,4
CE1,12638,-46.45259569,67.950357,61.53,1
CE1,12639,-48.1939818,72.18529558,42.8,1
CE1,12640,-24.01409294,106.1615354,48.87,2
CE1,12641,-9.96527611,128.9853771,88.74,1
CE1,12642,47.04654344,-175.7249419,62.48,2
CE1,12643,42.14710536,-127.6754939,87.41,2
CE1,12644,42.57074309,-125.1864353,43.09,4
CE1,12645,38.80112919,-127.2626169,38.6,2
CE1,12646,42.01402351,-128.7135847,61.6,2
CE1,12647,41.99824533,-130.3037511,33.71,3
CE1,12648,-25.44338519,60.76865614,201.2315989,3
CE1,12649,-19.90819179,57.13297906,31.95,5
CE1,12650,-27.72184758,60.05378907,11.19,5
CE1,12652,45.22720109,108.5255513,32.86,4
CE1,12653,36.93698203,-115.2018893,64.07,2
CE1,12654,-27.49187227,-86.63551807,36.67,4
CE1,12655,-26.52497349,75.75963093,104.21,2
CE1,12656,-23.2359398,70.68242323,41.08,2
CE1,12657,-25.03150536,70.83577755,61.88,1
CE1,12658,-25.07425193,72.59109471,61.65,1
CE1,12659,14.59394584,54.73829234,22.35,4
CE1,12660,-29.68143185,32.27306383,87.58,3
CE1,12661,-43.5832944,-7.40559748,59.95,1
CE1,12662,-41.40034477,-7.76421067,70.08,1
CE1,12663,3.30992569,-100.1826029,9.29,5
CE1,12664,-48.37922829,124.5310239,40.96,3
CE1,12665,-50.97973439,125.7059539,36.9252364,2
CE1,12666,-49.37226869,121.4379852,59.77,2
CE1,12667,-56.42667483,-81.15722983,302.433804,1
CE1,12668,-20.33131723,140.0787928,62.14,2
CE1,12669,-29.97207253,-13.53741106,100.63,2
CE1,12670,-50.62336485,30.62627435,79.85,2
CE1,12671,-35.05039907,119.4585348,53.47,2
CE1,12672,42.33225326,28.27877357,42.97,2
CE1,12673,-57.59299919,136.1269699,322.571618,1
CE1,12674,-55.38862527,137.4694101,44.88,2
CE1,12675,-55.81646125,135.2115626,66.75,1
CE1,12676,-10.18363044,163.3391045,36.8,4
CE1,12677,-23.54342959,8.52437762,49.88,2
CE1,12678,-23.96882811,6.16272106,91.68,1
CE1,12679,15.3870332,23.69937759,41.31,4
CE1,12680,-24.55387631,-154.8876285,75.7,2
CE1,12681,-26.26080128,-154.5313746,38.63,3
CE1,12682,-27.200579,-155.8761741,44.57,2
CE1,12683,24.27119382,79.10983304,69.59,4
CE1,12684,57.41354091,-99.06429604,187.9638365,1
CE1,12685,-42.35419175,111.333115,40.87,2
CE1,12686,-42.24774785,115.6388325,34.25,4
CE1,12687,-57.55631258,164.0115042,325.5991891,1
CE1,12688,-53.86043851,164.3842732,34.88,2
CE1,12689,-22.41396914,25.73309183,40.81,2
CE1,12690,25.65500819,115.1056313,66.53,1
CE1,12691,23.92229486,114.2727994,34.47,3
CE1,12692,-25.31975463,21.52646482,39.7,2
CE1,12693,-57.64354076,68.06596257,68.68,1
CE1,12694,-61.75715698,64.31232063,39.54,3
CE1,12695,17.00691206,99.36675931,71.4,1
CE1,12696,-56.11620188,-10.19192755,51.46,2
CE1,12697,31.90130644,30.06948019,95.06,3
CE1,12698,17.51384615,-133.3802747,141.2879108,2
CE1,12699,-3.96585256,130.8468627,53.9,1
CE1,12700,-1.79817436,132.8074387,37.89,2
CE1,12701,-4.67868184,134.2536879,77.45,1
CE1,12702,-56.78765487,108.5703779,54.88,2
CE1,12703,-58.9951655,110.5922957,33.74,2
CE1,12704,25.5656529,-44.06435831,46.13,3
CE1,12705,16.09098871,46.97148576,26.91,5
CE1,12706,56.11412258,7.34944758,21.05,3
CE1,12707,-9.18360102,-1.85417103,173.906257,1
CE1,12708,-25.46894811,-1.97685449,114.97,1
CE1,12709,-1.76516017,90.7671208,35.25,2
CE1,12710,-0.73440645,91.79341511,38.01,2
CE1,12711,63.12399242,-62.80661574,123.0012882,4
CE1,12712,20.60190859,-20.5681169,18.81,5
CE1,12713,42.72865398,-135.2960241,54.77,2
CE1,12714,42.62805381,-137.8959696,46.98,2
CE1,12715,-34.75047913,23.51299311,82.44,1
CE1,12716,-17.00145391,178.9199036,41.92803272,3
CE1,12717,14.81302112,-159.6227381,68.37,2
CE1,12718,-40.04688417,145.1512819,61.28,2
CE1,12719,44.71981599,114.5323221,27.76,3
CE1,12720,38.93706014,-114.5955499,75.08,2
CE1,12721,-28.62238602,-1.14402256,128.4603878,1
CE1,12722,54.150812,-87.86235265,51.31,2
CE1,12723,-30.43289117,48.03552883,64.85,2
CE1,12724,-28.28219711,48.97452914,33.5,4
CE1,12725,-28.36942285,48.03081023,42.57,2
CE1,12726,-31.75614029,49.44402929,14.55,4
CE1,12727,-47.73903157,60.47374398,47.62,1
CE1,12728,-47.68029251,64.14245122,33.22,1
CE1,12729,6.96561252,-54.94071868,29.85,4
CE1,12731,3.27223919,-22.83068297,43.28,4
CE1,12732,51.31041678,-78.33315101,111.5694153,1
CE1,12733,49.02140669,-73.70185049,138.3766167,1
CE1,12734,50.60153566,-80.57684271,43.98,2
CE1,12735,-37.088788,47.33953614,70.81,2
CE1,12736,-3.08044223,-74.36717232,186.1896063,1
CE1,12737,0.56789623,-73.10730758,31.55,2
CE1,12738,-36.9983974,26.53997149,71.79,1
CE1,12739,31.048158,100.197232,187.7526857,1
CE1,12740,-48.82542983,-139.9178874,49.14,2
CE1,12741,39.45085946,87.3272654,122.0083649,1
CE1,12742,37.44069224,89.84699487,48.54,2
CE1,12743,1.96186673,19.22379069,29.52,3
CE1,12744,21.86417975,-105.2621699,89.85,4
CE1,12745,-12.88567655,-72.84778488,84.06,2
CE1,12746,-42.0886201,136.8040882,153.8380444,2
CE1,12747,25.44001735,36.47733155,43.7,2
CE1,12748,-52.0848086,46.27313378,33.76,1
CE1,12749,-52.31328558,42.25760984,46.67,1
CE1,12750,-57.64859105,43.07864529,46.58,2
CE1,12751,-17.9511077,35.06647179,11.43,4
CE1,12753,-40.75118793,130.9553903,67.66,2
CE1,12754,-56.39143161,-33.7447921,46.85,2
CE1,12755,-56.59850562,-36.75997399,44.65,2
CE1,12756,-30.76796202,27.80455482,41.67,4
CE1,12757,-28.39433134,24.56052109,92.01,1
CE1,12758,57.19050117,-162.3335707,181.6057389,2
CE1,12759,52.82010597,-155.883252,49.85,4
CE1,12760,51.52816811,-162.7134175,57.97,2
CE1,12761,58.7456398,-163.2631338,54.93,2
CE1,12762,-28.75691343,-169.7228897,60.83,3
CE1,12763,10.60694645,137.1627014,15.98,5
CE1,12764,-61.15745246,-12.17373725,49.98,5
CE1,12765,-46.4086909,-96.32279262,48.03,4
CE1,12766,46.86295821,-103.6531292,77.88,1
CE1,12767,1.4100323,20.11324576,29.75,3
CE1,12768,-23.72066785,16.7158577,97.67,1
CE1,12769,4.53386379,102.8986273,74.57,2
CE1,12770,5.87074326,103.6134944,62.42,1
CE1,12771,2.72092064,102.1861195,42.79,3
CE1,12772,-1.63545598,103.1038862,103.34,2
CE1,12773,1.54210908,108.2707472,59.9,1
CE1,12774,0.23760323,108.0560511,38.24,2
CE1,12775,-3.97762071,105.7085504,49.93,3
CE1,12776,-4.19412426,101.98322,50.65,2
CE1,12777,-0.59521731,101.7991948,34.47,2
CE1,12778,32.43055271,-139.2266133,55.09,2
CE1,12779,-20.97595095,44.14976624,62.24,2
CE1,12780,49.12187134,-121.0694616,71.33,2
CE1,12781,46.92261193,-120.3097679,43.68,2
CE1,12782,-39.2457555,-9.34022124,81.74,1
CE1,12783,-27.17749436,109.285245,86.4,3
CE1,12784,-26.32637232,117.9179137,56.74,2
CE1,12785,-59.71308953,-33.43336486,29.1,3
CE1,12786,-44.54954566,-54.85106538,225.3457809,1
CE1,12787,-47.23843928,-51.55748641,32.95,2
CE1,12788,-51.8638984,-39.67370611,148.3005332,2
CE1,12789,-55.41809643,-49.17223688,45.04,2
CE1,12790,-56.22390808,-45.22749186,347.9326297,1
CE1,12791,51.01747681,-135.0530164,64.45,1
CE1,12792,45.02578626,-138.6698191,44.15,2
CE1,12793,-1.95380447,155.0839234,77.4,2
CE1,12794,1.22133837,155.1594209,56.97,2
CE1,12795,2.17406507,156.0040493,35.35,2
CE1,12796,-5.88853447,-83.25700439,87.55,3
CE1,12797,-9.2092197,-82.46428051,36.75,3
CE1,12798,41.40993461,-163.7703827,56.87,2
CE1,12799,-19.45501459,89.9106959,52.09,3
CE1,12800,-20.37555712,88.30165517,58.06,1
CE1,12801,2.72092064,-6.94317522,36.67,2
CE1,12802,2.79633066,81.11051712,51.94,2
CE1,12803,1.98544571,84.72024192,30.72,3
CE1,12804,42.51511872,60.82527928,61.31,1
CE1,12805,4.5362157,146.3946316,100.08,2
CE1,12806,0.84627183,143.469103,46.38,3
CE1,12807,3.35232128,144.731327,36.62,3
CE1,12808,-31.2552774,-149.5485388,41.53,2
CE1,12809,-6.89671108,-143.0368784,63.8,2
CE1,12810,44.37344431,127.5532837,53.54,2
CE1,12811,-58.96233681,-48.67914375,67.84,1
CE1,12812,-32.58491044,152.5925055,55.39,1
CE1,12813,21.19920479,-66.61452152,45.01,3
CE1,12814,29.25298931,114.3978422,102.63,2
CE1,12815,30.68160286,115.103272,51.97,2
CE1,12816,-32.84098614,-85.13028642,48.47,3
CE1,12817,12.36864109,173.0806429,75.12,4
CE1,12818,13.95602991,172.4530698,42.66,2
CE1,12819,45.7942888,-40.25881183,37.61,3
CE1,12820,47.65394835,-42.67473222,17.26,4
CE1,12821,32.55989725,172.4271176,92.9,1
CE1,12822,34.50279415,173.4486933,35.72,2
CE1,12823,33.01212363,175.319616,36.88,3
CE1,12824,31.57424797,175.430503,38.66,2
CE1,12825,-12.1348128,128.6810278,48.13,4
CE1,12826,19.42702512,-116.572641,74.36,1
CE1,12827,22.11138854,135.1620173,62.7,2
CE1,12828,22.27740979,138.1677621,41.09,2
CE1,12829,20.5864489,138.0380007,61.29,2
CE1,12830,20.88652689,136.9503647,47.14,3
CE1,12831,19.01711735,135.1525802,32.4,3
CE1,12832,21.03193769,133.9870873,39.58,2
CE1,12833,-26.89800284,154.8550716,66.94,2
CE1,12834,-12.4667516,-60.4378813,44.17,4
CE1,12835,-12.65788521,-61.46181631,48.46,2
CE1,12836,-8.19241809,-56.63469411,70.29,1
CE1,12837,-10.28810909,-62.01153257,90.32,1
CE1,12838,-14.71396419,96.91309016,45.49,2
CE1,12839,49.27757499,160.1139452,74.65,3
CE1,12840,59.3077926,-92.84282916,39.84,3
CE1,12841,-29.37761376,55.80469471,85.98,2
CE1,12842,-27.43953793,53.78985485,34.51,2
CE1,12843,-22.25466071,-168.828716,41.13,2
CE1,12844,-22.96467422,-170.1546411,79.49,1
CE1,12845,57.2888053,-50.73409166,147.0393019,1
CE1,12846,-46.34846763,24.8106066,30.86,2
CE1,12847,13.01540045,165.858834,88.19,3
CE1,12848,14.96122788,163.5349262,53.45,2
CE1,12849,10.50721394,-13.68368749,66.74,1
CE1,12850,-25.29629319,134.7892484,20.94,3
CE1,12851,34.67371624,162.5794108,31.24,3
CE1,12852,46.32797533,-108.7657264,68.48,3
CE1,12853,-48.78658338,46.74499323,47.72,2
CE1,12854,-36.70955991,-104.9979286,38.94,4
CE1,12855,7.00542285,179.0826951,39.93033216,2
CE1,12856,29.1067374,157.6649946,63.28,2
CE1,12857,32.51216092,159.5831033,36.61,3
CE1,12858,32.92503103,158.1628063,32.29,2
CE1,12859,-19.71508192,-142.2299987,33.31,4
CE1,12860,-39.65565445,-118.6582598,37.88,2
CE1,12861,-39.5265692,-117.1884176,29.98,2
CE1,12862,-32.4556019,54.14139014,109.8,1
CE1,12863,-34.44362927,32.0418527,36.58,3
CE1,12864,-36.83806686,35.64214032,71.54,5
CE1,12866,12.25108334,147.0387198,43.76,3
CE1,12867,13.77507662,147.350147,32.41,2
CE1,12868,-41.26747984,5.97633657,131.4893149,1
CE1,12869,57.1559688,146.6187648,68.62,3
CE1,12870,61.95681732,54.38203846,54.72,2
CE1,12871,-5.58336187,164.7074969,69.76,2
CE1,12872,-46.56139186,-10.60008597,58.52,2
CE1,12873,-21.63316869,-132.3445432,62.17,2
CE1,12874,-17.92192749,-131.7405631,50.82,2
CE1,12875,-17.30353818,-134.6991219,42.45,2
CE1,12876,23.21083113,-76.80668569,200.6145471,1
CE1,12877,-29.2809404,135.8485729,71.66,1
CE1,12878,4.40684934,-47.65049015,8.39,5
CE1,12880,19.66047871,11.73774048,11.61,5
CE1,12881,37.64459687,108.7308101,52.87,2
CE1,12882,19.36248811,53.4878648,10.06,4
CE1,12883,33.67631597,105.7675328,137.1539603,1
CE1,12884,-16.20108425,19.05156199,33.15,3
CE1,12885,5.53973065,46.61287258,33.47,3
CE1,12886,0.34377023,49.94891891,39.81,3
CE1,12887,-5.30387198,16.70877981,57.32,5
CE1,12888,32.01340315,-136.2822103,8.59,4
CE1,12889,32.90918679,-135.145029,36.35,2
CE1,12890,-10.06517995,135.9405854,62.31,1
CE1,12891,-6.79364198,134.4329945,45.16,2
CE1,12892,28.28514572,143.8229976,30.63,2
CE1,12893,38.39732598,124.7504385,56.09,2
CE1,12894,61.79332989,50.23911247,31.33,2
CE1,12895,-30.55486916,145.6868424,41.15,2
CE1,12896,-21.98145148,-3.92563403,30.75,5
CE1,12897,-21.55419496,-4.85283785,13.45,5
CE1,12898,-24.0938065,-5.44974006,54.64,3
CE1,12899,-11.40958074,26.37482068,19.91,5
CE1,12900,-10.56191027,25.31785551,77.09,1
CE1,12901,40.24241716,-134.5693605,98.59,4
CE1,12902,-32.32212012,166.0404999,8.2,5
CE1,12903,-35.98366019,166.4415804,35.67,3
CE1,12904,63.05672219,-0.57543192,86.43,1
CE1,12905,-5.56927307,-149.4376518,32.81,3
CE1,12906,-2.51253104,-150.1076923,52.15,2
CE1,12907,26.73675808,-13.00656918,51.44,2
CE1,12908,6.92345673,176.6785712,31.11,2
CE1,12909,21.42778979,48.2337098,34.14,4
CE1,12910,-26.7379818,100.7964935,53.75,3
CE1,12911,-27.92007317,99.17093764,34.63,2
CE1,12912,28.60461389,150.2520826,68.42,1
CE1,12913,15.56665899,-29.12528806,50.64,2
CE1,12914,17.56333787,-34.92444073,29.61,2
CE1,12915,-5.24044044,28.14429363,87.64,2
CE1,12916,28.31630513,52.80602789,44.16,3
CE1,12917,4.2374631,3.65006948,24.97,5
CE1,12918,29.39081021,167.1139801,76.17,2
CE1,12919,29.74171548,163.9029766,36.23,2
CE1,12920,5.33304648,-149.8009836,182.619241,1
CE1,12921,9.10072174,-147.684694,55.09,2
CE1,12922,7.50860677,-154.0689524,35.29,2
CE1,12923,-48.60438191,142.643349,65.59,2
CE1,12924,-52.36662003,144.1886887,42.7,2
CE1,12925,-50.93366408,139.6092927,38.34,2
CE1,12926,56.56136669,175.6428397,44.21,2
CE1,12927,57.7663399,175.2040104,32.36,4
CE1,12928,-20.4861013,128.9641434,198.8478755,3
CE1,12929,17.21661366,145.1088146,28.53,3
CE1,12930,-43.288627,-11.20878467,85.29,5
CE1,12931,7.77284005,1.42997075,21.71,3
CE1,12932,28.00638445,87.48533831,39.29,3
CE1,12933,6.7126217,174.319274,65.06,2
CE1,12934,-43.56107316,119.9822988,46.01,3
CE1,12936,-33.2286516,0.71510368,139.1176459,1
CE1,12937,-27.09140954,172.0590672,225.335791,2
CE1,12938,13.3530751,159.8308295,44.32,3
CE1,12939,16.36961658,159.5689475,44.37,2
CE1,12940,36.07985715,128.2563543,33.11,3
CE1,12941,52.55123395,146.2837446,37.85,4
CE1,12942,52.2084755,140.0764335,46.42,1
CE1,12943,61.74869232,-132.6795634,46.16,2
CE1,12944,61.2261428,-126.7034634,32.96,3
CE1,12945,56.40764653,-132.4530709,33.48,3
CE1,12946,57.69706234,-132.835277,53.28,2
CE1,12947,13.81173677,-83.87042168,45.16,3
CE1,12948,43.71716453,93.02024969,39.95,2
CE1,12949,-0.82169239,-138.7854247,46.96,3
CE1,12950,0.37444049,-137.3486127,84.69,2
CE1,12951,-45.45369703,63.44409923,93.52,2
CE1,12952,-18.47104629,64.95876807,44.99,3
CE1,12953,-0.07382331,162.6053631,74.91,2
CE1,12954,1.42418375,160.9963223,59.43,1
CE1,12955,-4.63635472,157.9386731,31.17,3
CE1,12956,25.85687435,129.0018922,66.54,2
CE1,12957,-20.9208671,171.5093509,98.22,5
CE1,12958,-4.14941638,119.2768689,43.95,2
CE1,12959,-5.80404154,114.9192469,73.51,1
CE1,12960,33.93704692,93.75870973,95.78,2
CE1,12961,9.72914787,131.2503025,31.16,2
CE1,12962,9.59424961,134.1852683,31.32,3
CE1,12963,-29.3241462,-56.40820157,38.46,2
CE1,12964,-30.30668678,-59.35496385,32.01,2
CE1,12965,-30.45323145,-60.31519784,66.56,1
CE1,12966,-16.30074567,61.58733229,150.7279722,1
CE1,12967,15.66890752,176.7422723,32.02,2
CE1,12968,16.84214282,176.6431818,88.69,2
CE1,12969,-30.40644246,-37.45360739,36.87,3
CE1,12970,17.68026445,31.36709369,100.74,1
CE1,12971,-53.39030998,38.69035238,58.57,1
CE1,12972,-48.7290354,36.21544956,70.59,4
CE1,12973,-19.4127419,171.1224262,170.6182596,1
CE1,12974,-55.0359585,38.14299542,37.24,2
CE1,12975,-13.56320811,131.8165338,64.65,2
CE1,12976,53.89857237,-84.76695464,37.95,2
CE1,12977,56.63669596,131.6419458,30.36,3
CE1,12978,51.91838295,126.7346075,97.81,1
CE1,12979,41.08887248,-77.96274134,94.29,1
CE1,12980,-24.75757535,-132.9154931,30.79,3
CE1,12981,15.99575754,-120.4678408,115.8998048,1
CE1,12982,-27.1418087,-127.9326573,42.34,3
CE1,12983,40.26402443,153.0336941,64.13,1
CE1,12984,27.9730511,-88.05817432,44.92,5
CE1,12985,28.0792652,-33.76602577,30.74,3
CE1,12986,-9.82349962,-138.8797966,87.16,2
CE1,12987,-49.53024646,-60.4378813,34.14,2
CE1,12988,-25.64135557,128.2988216,39.32,2
CE1,12989,-62.59077555,-124.049254,100.83,1
CE1,12990,-63.24487922,-120.104509,31.43,3
CE1,12991,-49.66634167,48.5758079,66.8,1
CE1,12992,50.13654052,-123.7378268,33.27,4
CE1,12993,45.20892003,-113.8099039,34.07,2
CE1,12994,43.26701752,-112.2244562,31.62,2
CE1,12995,39.99524532,-178.3248875,35.31607858,2
CE1,12996,-1.20147935,77.26486258,63.93,2
CE1,12997,-58.95625398,-41.46441273,65.49,1
CE1,12998,-27.54627361,37.16624635,39.65,5
CE1,12999,-31.90046675,-19.50879243,34.11,2
CE1,13000,-27.98259544,3.3693131,42.51,3
CE1,13001,-44.83801755,-158.9880871,30.94,3
CE1,13002,40.89833169,146.5102372,31.93,2
CE1,13003,41.19725199,149.881673,27.11,3
CE1,13004,38.93706014,147.7795391,40.84,2
CE1,13005,-43.211297,-20.93852657,55.1,2
CE1,13006,-41.82720635,-17.76763105,44.5,3
CE1,13007,-18.44419112,-152.8987409,61.83,2
CE1,13008,-18.14850834,-159.4717431,53.89,2
CE1,13009,-20.54797128,-154.9796411,33.46,4
CE1,13010,-44.54281992,175.7230558,172.0406218,1
CE1,13011,-49.10423638,175.2865858,157.1040287,1
CE1,13012,35.40773738,-105.8307606,74.83,3
CE1,13013,32.02740561,-106.1469064,83.41,1
CE1,13014,44.90058533,-159.868105,84.15,2
CE1,13015,43.79044353,-121.6404115,49.37,2
CE1,13016,-31.54928158,-86.61428439,40.16,4
CE1,13017,-23.86962103,56.72953923,58.38,3
CE1,13018,-34.02035349,-16.02646967,86.77,1
CE1,13019,-36.34175495,-17.59540235,38.83,2
CE1,13020,-1.45857325,98.21070366,103.4,1
CE1,13021,60.08747304,-84.81885918,43.18,3
CE1,13022,61.97566777,120.253618,30.73,2
CE1,13023,-54.36522514,-78.86871149,35.92,2
CE1,13024,14.58252966,51.73018834,34.94,3
CE1,13025,-41.59648734,51.04599213,71.44,1
CE1,13026,-41.54706597,48.30920731,29.58,2
CE1,13027,-43.49093708,51.81748234,45.11,2
CE1,13028,-60.92097745,5.25439161,68.54,2
CE1,13029,-31.928504,21.90395238,78.92,1
CE1,13030,-32.05456584,18.7873207,30.36,3
CE1,13031,4.70318154,125.333185,34.84,2
CE1,13032,-28.67621772,166.9393921,53.95,3
CE1,13033,45.27370815,72.95914508,66.78,2
CE1,13034,44.0758826,71.06462938,35.78,4
CE1,13035,19.68935895,167.0738721,30.83,3
CE1,13036,-24.77899799,120.3998944,33.36,2
CE1,13037,7.60917496,-167.2645019,82.07,2
CE1,13038,9.72449711,-170.4707869,30.76,3
CE1,13039,9.84074668,-167.2385497,32.43,4
CE1,13040,59.51908045,-105.2975594,66.88,2
CE1,13041,62.479155,-102.4192167,61.2,2
CE1,13042,59.38718004,-107.4327234,66.76,1
CE1,13043,-61.3808698,-50.64679767,63.18,5
CE1,13044,-16.01521737,167.6967266,117.3620669,1
CE2,13076,64.78581382,-129.5729587,10.08028182,5
CE2,13329,64.62241637,155.9393653,8.772954963,2
CE2,13700,63.85512894,109.7767653,9.149910265,5
CE2,14015,62.88766533,9.20287219,8.570753597,5
CE2,14086,62.76690352,166.1177669,9.523032665,2
CE2,14275,62.45486863,70.0825719,11.36421364,2
CE2,14302,62.51073267,139.5019447,15.76649386,2
CE2,14346,61.77583372,-116.1426591,8.96994108,2
CE2,14356,62.10874614,-93.59859072,11.46778221,2
CE2,14489,61.83110731,57.18901237,10.05798468,3
CE2,14536,61.75304509,174.029277,8.934354997,3
CE2,14759,61.47685384,139.8833644,11.88844265,1
CE2,14762,61.54390792,152.2785224,16.19934934,2
CE2,14767,61.3997745,161.0226678,10.12525092,2
CE2,14769,61.26395408,166.6436936,12.86712156,2
CE2,14869,61.0157988,-28.01405905,8.641528064,2
CE2,15071,60.46228035,-99.26778542,15.38326363,2
CE2,15077,60.53344364,-93.77848713,10.03576916,2
CE2,15257,60.22589174,72.51363112,8.000886368,2
CE2,15328,60.01187065,-147.5596512,11.34269163,5
CE2,15361,59.83451315,-78.7015946,10.71457852,2
CE2,15524,60.16677114,28.01925087,8.541531302,4
CE2,15594,59.9242957,140.4132232,11.96533523,3
CE2,15628,59.49691082,-173.631852,9.638780048,1
CE2,15671,59.62391019,-97.39509322,8.988063093,2
CE2,15893,59.61297225,128.6501603,8.006542295,4
CE2,15922,59.05444191,-177.8835023,14.23390027,2
CE2,15953,58.88823657,-118.6965984,12.36519599,2
CE2,15958,58.79464813,-114.9885695,11.69978743,2
CE2,15980,59.07516125,-77.80506164,10.05384486,2
CE2,16618,58.5980053,156.3247172,8.289164769,2
CE2,16619,58.68599329,157.4463664,13.46093323,2
CE2,17001,57.81546489,137.5358636,12.98202632,2
CE2,17010,57.89392155,155.0526627,11.09325002,5
CE2,17379,57.11177321,86.36172299,8.43260085,2
CE2,17405,57.63015479,130.8521711,13.70035912,2
CE2,17412,57.47086332,138.5995135,13.8057538,2
CE2,17418,57.23647033,152.1507271,12.69945981,1
CE2,17434,57.25029961,179.2030193,14.83113883,4
CE2,17444,56.89173404,-172.9437237,18.23142499,2
CE2,17460,56.95718564,-163.2794523,9.274271685,5
CE2,17495,56.87347296,-121.7902269,13.64873821,2
CE2,17809,56.98665498,127.9993875,12.8649412,1
CE2,17822,56.91964548,156.3296324,17.38212749,2
CE2,17829,56.8186362,163.1578319,8.5246378,3
CE2,18020,56.04464784,-34.01453842,9.36452158,3
CE2,18232,56.22596366,133.5447191,10.73414631,2
CE2,18272,55.61565377,-164.0373765,9.302260433,3
CE2,18364,55.75143314,-86.95716893,8.228543602,5
CE2,18677,55.81887001,123.2257427,12.83560088,2
CE2,18688,55.61065698,142.1610693,8.453371421,2
CE2,18716,55.56398954,175.7358354,8.403825971,2
CE2,18754,55.25649557,-135.0829009,14.46910962,2
CE2,19122,55.24753075,126.0323234,12.44810062,2
CE2,19124,55.08244188,128.0986746,9.637343397,2
CE2,19127,55.19650485,133.398246,10.4285976,2
CE2,19136,55.30800408,145.3451375,14.50587699,1
CE2,19138,55.23015565,155.2335422,10.7261915,2
CE2,19156,55.1004439,178.4215021,10.26372745,3
CE2,19160,54.58021548,-177.4057446,8.084737129,2
CE2,19172,54.84371523,-171.1172344,8.418748846,5
CE2,19209,54.57736671,-139.8496644,16.11872557,2
CE2,19216,54.60755351,-135.8113339,11.06278636,2
CE2,19270,54.82050078,-90.28869327,20.25081427,1
CE2,19534,54.80860529,49.07401284,8.173768318,1
CE2,19595,54.54373621,123.5078753,14.43906967,2
CE2,19597,54.44153491,127.9168121,8.000988403,2
CE2,19598,54.90988796,132.8467603,14.26898718,2
CE2,19601,54.66274312,134.6476905,19.93738948,1
CE2,19620,54.43181535,166.4834579,8.770111743,3
CE2,19625,54.56653958,172.8791196,10.37312998,2
CE2,19626,54.60299845,173.908363,8.436440439,2
CE2,19630,54.91271344,177.9653713,13.10810455,3
CE2,19632,54.02555049,-179.0434901,12.55748352,2
CE2,19642,54.0596068,-162.6119677,8.046135908,2
CE2,19672,53.75848764,-119.2244911,8.580427244,2
CE2,19673,54.13109184,-117.8560987,8.692189476,2
CE2,20056,54.19095208,132.7219142,18.34977348,1
CE2,20061,54.29607296,139.8214328,10.4091485,3
CE2,20065,54.05499063,143.2335665,8.95969959,2
CE2,20112,53.68636148,-149.2711248,12.97038414,3
CE2,20170,53.30390425,-97.3557716,10.07833387,2
CE2,20174,53.55750714,-93.66150531,8.760300382,1
CE2,20279,53.34207052,-23.60020709,8.134565097,2
CE2,20411,53.24570847,44.68080473,8.491107585,1
CE2,20467,53.45519393,123.5295022,11.64514283,5
CE2,20471,53.21922965,130.7469857,10.26003712,2
CE2,20478,53.60303006,140.9017944,10.02904748,2
CE2,20511,53.61119566,173.4827065,8.86515328,2
CE2,20518,52.77609585,-178.5942406,14.4410375,2
CE2,20524,53.21098846,-175.8476254,11.51157377,2
CE2,20596,52.87054604,-89.57795497,17.41645869,2
CE2,20720,52.83195914,-13.56827854,8.022339925,3
CE2,20885,52.89901898,128.5577545,8.091602905,2
CE2,20891,53.14618102,142.0106641,10.53941643,2
CE2,20901,53.0854089,155.3524901,19.33368384,3
CE2,20923,52.68144026,171.2256454,8.155429816,2
CE2,20940,52.31518541,-173.9061203,18.39975453,2
CE2,20942,52.07415228,-170.3445645,12.18587629,2
CE2,20967,52.03244183,-138.311206,8.218943341,3
CE2,20973,52.33681431,-127.251017,8.130619581,5
CE2,21035,52.32780356,-86.78611988,11.47709586,2
CE2,21320,52.057231,99.53839819,8.74185641,2
CE2,21324,52.40763494,113.7983841,17.18256527,2
CE2,21335,52.54654454,123.0124229,15.86610721,2
CE2,21344,52.5333909,130.6024788,11.68438808,2
CE2,21347,52.5022848,138.8226637,9.035871315,2
CE2,21372,52.32780356,165.0708287,9.59536989,2
CE2,21403,51.69735497,-169.4952175,12.37000339,2
CE2,21435,51.67724349,-129.4156723,15.73249656,2
CE2,21450,51.92647978,-116.1102187,11.49295985,1
CE2,21458,51.64553453,-109.9426225,13.59875281,2
CE2,21570,51.91799198,-42.38709457,9.199771685,2
CE2,21796,51.51970013,94.1218449,10.11616847,2
CE2,21803,51.81236686,116.3365947,9.044158629,2
CE2,21804,51.90707675,115.5865348,9.25099879,2
CE2,21815,51.87492203,123.4115373,15.83842375,2
CE2,21827,51.90465078,133.8062079,15.49310148,2
CE2,21828,51.57899566,135.0015851,12.82489395,4
CE2,21877,51.56860925,176.6412157,9.954307728,5
CE2,21887,51.1185114,-173.1196879,21.40753013,3
CE2,21905,50.92682477,-152.1130949,11.44784647,2
CE2,21909,51.37020248,-146.4094938,12.38117367,2
CE2,21927,50.84868679,-129.8600066,8.417063803,2
CE2,22292,50.841859,127.6336964,8.504111358,2
CE2,22310,51.30448966,141.1927744,13.46101876,3
CE2,22311,51.21775223,142.0283588,11.94632582,2
CE2,22313,50.95593792,143.5953254,10.46047758,2
CE2,22321,51.07159059,155.4498111,9.855253806,2
CE2,22323,50.86854377,156.8260678,8.548952697,2
CE2,22324,50.84868679,157.9821235,8.039357574,2
CE2,22367,50.52732454,-167.0592431,14.58882637,2
CE2,22378,50.69139469,-158.5264513,10.73097664,2
CE2,22379,50.35264713,-156.748131,15.26737533,2
CE2,22405,50.23960977,-133.4972565,12.72714522,2
CE2,22408,50.49231555,-129.4726886,10.90585837,2
CE2,22424,50.42973491,-111.216643,8.300134408,1
CE2,22431,50.26349558,-102.968933,15.9984074,1
CE2,22441,50.54981662,-95.03481292,9.300875471,2
CE2,22444,50.26412399,-92.93798748,12.16729199,1
CE2,22446,50.56293204,-91.81240608,15.67866666,2
CE2,22778,50.50294602,93.96062625,12.79763258,2
CE2,22798,50.53044908,122.5179535,12.2024772,2
CE2,22800,50.12441302,128.6442621,10.57304363,2
CE2,22802,50.39966679,131.5678246,8.259643949,3
CE2,22809,50.68765802,141.4149415,22.44953304,2
CE2,22811,50.43223972,145.0708692,8.253258944,1
CE2,22819,50.33508118,149.5397715,8.765985796,2
CE2,22853,50.12441302,-174.5028259,11.34459182,2
CE2,23283,49.91787753,117.120078,12.43871249,4
CE2,23289,49.71617437,124.7877941,11.46491549,1
CE2,23292,49.80190577,129.8121142,18.40372262,2
CE2,23293,49.88051813,130.8157986,20.46435742,2
CE2,23295,50.08342926,132.6629317,14.4535657,2
CE2,23296,49.79302215,133.7197003,10.42134426,2
CE2,23297,49.90331714,135.7663907,10.01828007,5
CE2,23350,50.01146536,178.0410654,12.5885012,2
CE2,23355,49.84883498,178.5876359,8.745006335,2
CE2,23385,49.37621238,-150.1312852,8.523013782,2
CE2,23401,48.95583767,-136.9575592,11.92258743,3
CE2,23403,48.98874753,-133.8865406,13.00658306,2
CE2,23413,48.96874609,-127.0996288,13.54345411,2
CE2,23441,49.43953622,-105.2348414,9.251785482,2
CE2,23445,49.50533192,-96.46710297,10.79330055,2
CE2,23529,49.36212932,-55.27475585,9.731814891,2
CE2,23761,49.21594002,99.23267259,13.86801581,5
CE2,23781,49.50213999,117.0689599,14.58390815,2
CE2,23790,49.28588285,135.6022229,10.77970935,2
CE2,23792,48.9622923,136.5715009,9.266602834,2
CE2,23793,49.03259354,137.2006468,8.280603294,2
CE2,23803,49.15747148,149.0128617,10.4563803,2
CE2,23836,49.03452704,179.437966,8.318525706,2
CE2,23850,48.7436628,-172.368645,9.248730642,2
CE2,23869,48.48825642,-158.1283199,12.04796535,1
CE2,23874,48.48695333,-150.2728431,9.22842403,2
CE2,23882,48.32511146,-135.8663842,16.25111855,2
CE2,23885,48.57223457,-134.5864654,9.125465646,1
CE2,23895,48.31007583,-125.9425901,9.276093365,2
CE2,23901,48.55466927,-117.8236584,8.627613894,2
CE2,24080,48.44262858,-21.57809273,10.27779258,2
CE2,24081,48.51756694,-20.92830295,9.382673334,2
CE2,24083,48.51561343,-18.28982218,9.010087272,3
CE2,24273,48.55597061,90.52981482,8.446404995,2
CE2,24278,48.64957931,93.04050032,9.677245975,2
CE2,24281,48.41914686,95.76253953,8.563405184,2
CE2,24312,48.76569831,126.6221477,8.523381911,1
CE2,24316,48.56052505,130.6575291,12.58593853,2
CE2,24317,48.83109975,134.5680643,13.56411946,2
CE2,24339,48.30549889,148.7297461,8.849317573,2
CE2,24343,48.71188874,151.104772,20.07009003,2
CE2,24356,48.52147373,170.4057896,8.332898779,2
CE2,24375,47.93274423,-178.6994259,8.91201953,3
CE2,24378,47.57187605,-176.9142243,9.701005117,2
CE2,24388,47.92418121,-171.1536069,8.35414394,5
CE2,24390,47.74733523,-170.1076517,9.87024898,2
CE2,24391,47.95579148,-170.3730727,8.774339467,5
CE2,24392,47.82923441,-169.0892218,13.81096202,2
CE2,24396,48.01961158,-165.3733286,8.398055596,1
CE2,24405,47.87804825,-161.6053342,10.00230426,2
CE2,24438,47.96369103,-134.0035224,9.591191656,2
CE2,24450,48.13127092,-125.552323,8.988725136,2
CE2,24472,48.29438175,-104.2822751,15.16814571,2
CE2,24478,47.77046501,-98.20511862,17.75816486,2
CE2,24480,47.92352245,-96.45137432,17.15006043,2
CE2,24644,48.06627524,0.80180786,21.46020165,2
CE2,24808,48.12142837,92.75050337,10.10056785,2
CE2,24830,47.99198782,115.8814469,19.57922242,2
CE2,24831,47.62026893,116.3513403,8.932487435,2
CE2,24842,48.13061481,130.7587822,10.56402659,2
CE2,24864,47.76650064,147.3397268,9.1105422,2
CE2,24868,48.07153047,152.4574357,14.2874372,2
CE2,24890,48.0373619,173.931956,8.57455077,2
CE2,24894,47.8991427,177.472868,9.233287271,4
CE2,24898,47.74138591,178.564043,10.82649925,2
CE2,24901,47.38717548,-174.9569907,20.77998353,2
CE2,24916,47.4171171,-167.1998179,15.35828721,5
CE2,24917,46.92996676,-166.7368058,8.1522146,2
CE2,24932,46.97962068,-154.6906272,10.30031145,2
CE2,24939,47.48359312,-148.5662847,9.168234115,2
CE2,25016,47.32124401,-88.07390297,9.886753403,5
CE2,25025,47.4855861,-83.43984993,9.11409329,2
CE2,25100,46.85741617,-52.13492441,8.108397388,4
CE2,25410,47.21785249,116.1773421,15.88020841,2
CE2,25415,47.04664739,126.0136456,14.67768741,1
CE2,25419,47.27991164,129.9025539,9.918962572,2
CE2,25422,46.88832935,131.917787,9.423036869,2
CE2,25426,47.00040796,135.1362617,9.861731367,1
CE2,25478,47.33123892,176.9292466,8.145917679,2
CE2,25486,46.68572666,-177.2769663,8.90728869,2
CE2,25496,46.36241802,-169.1049504,18.39718853,1
CE2,25497,46.23337172,-167.5340516,8.332201645,2
CE2,25498,46.75514165,-167.7483545,8.417927283,2
CE2,25499,46.2156891,-166.6060614,9.857272506,2
CE2,25530,46.2156891,-146.2974272,9.366673636,2
CE2,25545,46.35902596,-132.6321808,8.101164707,2
CE2,25550,46.41598461,-131.011147,9.819168763,1
CE2,25562,46.42276144,-122.2866624,9.320070361,2
CE2,25567,46.39497108,-117.4795942,8.344804678,3
CE2,25596,47.17911213,-85.19261119,8.49735755,1
CE2,25672,46.74301731,-54.77438822,8.180626056,3
CE2,25834,46.30879887,44.51172176,9.37696719,3
CE2,25837,46.40581778,50.20745856,9.637954859,1
CE2,25888,46.15375506,91.03608069,8.008888995,1
CE2,25893,46.33595438,93.711917,10.60185435,2
CE2,25911,46.35156269,114.5779352,9.025678615,2
CE2,25933,46.61419663,134.6054198,8.052715525,2
CE2,25935,46.80024715,135.6169685,11.59532422,2
CE2,25936,46.67426123,137.0492585,9.681500347,2
CE2,25943,46.18575168,146.0470285,9.091960844,2
CE2,25946,46.19391805,149.0099126,8.208294828,2
CE2,25949,46.7948634,152.802483,11.78874717,1
CE2,25953,46.33866919,152.9430578,13.1876255,2
CE2,25962,46.49657429,161.729474,8.137028218,2
CE2,25982,46.29114056,172.9587459,8.471897127,2
CE2,26002,46.02012166,-172.2860695,16.6025503,2
CE2,26003,45.65096025,-171.9066159,15.09330866,5
CE2,26009,45.90942517,-166.4143685,9.164516477,5
CE2,26016,46.10742912,-163.0051839,8.604637487,1
CE2,26020,45.52368907,-157.3487688,12.64480221,1
CE2,26021,45.55880345,-156.06885,10.70549838,3
CE2,26022,46.09447815,-154.7446944,10.32551842,2
CE2,26030,45.82180484,-148.790418,10.86256083,2
CE2,26042,46.02012166,-141.8648975,12.59357956,2
CE2,26045,45.57807261,-139.6795984,9.839397999,1
CE2,26069,46.01534305,-121.6643977,8.716556837,2
CE2,26070,46.0726591,-120.3392591,8.858026138,2
CE2,26077,46.1843905,-112.7482201,10.20439564,5
CE2,26088,45.93882914,-102.3850069,8.507596041,2
CE2,26102,45.67981406,-92.59785546,8.322322827,2
CE2,26198,45.59802298,-52.20472029,8.090430631,2
CE2,26368,46.06106422,40.39671412,8.116419643,4
CE2,26381,45.48441763,48.55201832,8.106620166,5
CE2,26418,45.47545715,67.70361383,8.044545269,3
CE2,26438,45.71688996,85.11424457,12.36077672,2
CE2,26467,46.02763006,113.5998099,17.18045449,2
CE2,26478,45.99417567,125.877986,9.430724267,2
CE2,26490,45.88753304,139.3544886,9.68674093,1
CE2,26491,45.65508314,140.9430821,9.860190935,2
CE2,26496,45.74159357,147.0752889,9.135724633,2
CE2,26501,45.90600509,151.8980857,9.03533635,2
CE2,26525,46.00441896,169.0904814,8.963380626,2
CE2,26531,45.708653,173.0128131,11.55832342,2
CE2,26532,46.07675083,174.1423267,9.155178842,2
CE2,26543,45.13737027,-176.3185018,10.53976345,2
CE2,26544,45.40303181,-175.158514,18.99665591,1
CE2,26548,45.15193078,-169.1747463,10.7401703,2
CE2,26554,44.85234859,-163.5271785,11.3156453,4
CE2,26555,45.17965479,-161.9179411,8.112714482,2
CE2,26558,45.17757596,-153.9159913,15.77178131,5
CE2,26565,45.18311934,-148.1927293,12.59332049,1
CE2,26573,45.24752159,-137.1777602,8.07984656,2
CE2,26726,45.18658368,-46.09807255,8.019881957,2
CE2,26731,44.8230712,-42.17770693,8.448819897,4
CE2,26939,45.00893844,73.98425974,9.647690361,2
CE2,26948,45.26551348,80.0427385,8.715430804,4
CE2,26964,45.15193078,91.97881655,12.18160926,1
CE2,26976,44.99503663,101.5261061,12.23688395,2
CE2,26988,45.4120038,109.9370009,11.8201669,2
CE2,27022,44.91155493,142.2220178,9.682365237,2
CE2,27042,44.83980296,158.4933046,10.0248543,2
CE2,27045,44.91433961,163.5638276,10.06674264,2
CE2,27051,45.32152858,166.2386809,9.502477028,2
CE2,27054,44.83143768,168.4790302,8.390321202,4
CE2,27057,44.95748489,169.395224,9.753281165,2
CE2,27062,45.11933782,170.777379,9.47601057,2
CE2,27065,45.34571551,177.7304246,13.1653503,5
CE2,27066,44.96722289,178.467705,10.68601278,5
CE2,27077,44.77424249,-170.4674446,13.99805007,2
CE2,27079,44.23158227,-168.344077,8.817344489,2
CE2,27086,44.1639235,-166.0329488,11.79840712,2
CE2,27088,44.59321699,-164.0304952,8.023108434,5
CE2,27091,44.67646111,-161.7832646,10.51152161,2
CE2,27092,44.31252957,-161.8766534,11.63904911,1
CE2,27095,44.33503421,-161.0843228,10.83988177,2
CE2,27099,44.54139152,-153.9454825,8.01010937,2
CE2,27102,44.58761646,-153.0017636,8.233785026,2
CE2,27103,44.11595153,-152.380482,9.090779973,2
CE2,27110,44.47829832,-144.6606647,12.00375092,2
CE2,27111,44.74562363,-139.5714639,12.40370997,2
CE2,27120,44.39336538,-133.872778,8.949985951,2
CE2,27135,44.18366533,-124.7078912,10.04077624,5
CE2,27164,44.34909523,-104.6450171,9.974181882,2
CE2,27179,44.59811701,-92.57622857,8.439279618,2
CE2,27183,44.16321831,-90.62096097,13.31509493,2
CE2,27184,44.21890217,-89.17097619,12.3763642,4
CE2,27288,44.68624669,-45.22218344,8.983662924,2
CE2,27292,44.67995615,-43.31803394,8.068606455,2
CE2,27439,45.12627405,28.2237233,8.366324167,5
CE2,27453,44.25411794,36.96295357,8.339537278,4
CE2,27525,44.50985346,67.02433283,8.026313065,3
CE2,27548,44.78610469,82.40498488,9.044488814,1
CE2,27574,44.28720154,103.1736821,8.180932787,5
CE2,27579,44.58971672,115.7094148,24.95411428,1
CE2,27587,44.8112166,125.7845972,14.05954885,2
CE2,27588,44.74492543,126.5611992,8.11647558,5
CE2,27602,44.18507521,142.8983497,8.83017915,2
CE2,27603,44.3230797,144.6815852,9.498277995,2
CE2,27652,43.56788379,-178.8911188,8.558626553,3
CE2,27654,43.50944932,-176.5996514,10.89442002,2
CE2,27662,43.44096628,-172.1897316,9.233276854,2
CE2,27666,43.88684394,-168.65865,15.51990917,1
CE2,27674,43.57002056,-164.8847574,8.895674039,2
CE2,27677,43.97675389,-162.9963366,21.97024362,2
CE2,27688,43.48021085,-156.2792207,9.020526085,5
CE2,27691,43.52085561,-153.2396594,10.48251914,2
CE2,27692,43.62910788,-151.556694,8.093706623,2
CE2,27696,43.64120294,-148.7412659,11.18190317,5
CE2,27704,43.93146193,-142.9885128,8.558592575,5
CE2,27713,43.33809621,-136.347091,8.17462839,2
CE2,27714,44.02554561,-135.618658,9.276189544,3
CE2,27718,43.70803756,-133.9877937,10.815823,2
CE2,27722,43.87763289,-131.0426043,8.450651644,1
CE2,27751,43.67462955,-104.0522437,9.410005263,5
CE2,27773,43.6696523,-87.56960318,9.604862538,2
CE2,27885,43.98241296,-42.08726721,9.002177791,2
CE2,28066,43.3452456,47.16789726,8.232967674,3
CE2,28104,43.96614168,69.66379664,20.77825981,2
CE2,28113,43.74071674,85.98128631,8.256944202,2
CE2,28140,43.68671545,112.1380286,10.43145645,2
CE2,28148,43.86204172,123.6287893,15.78577124,2
CE2,28157,43.8705465,133.8946815,16.67319446,1
CE2,28167,43.8343928,148.5301888,8.08845276,5
CE2,28178,43.59636786,155.7565197,8.082529324,2
CE2,28185,43.58853608,162.263265,8.315404571,2
CE2,28188,43.78828279,165.7157033,9.389768531,2
CE2,28189,43.54508683,166.4166112,9.320343987,5
CE2,28191,43.34381579,168.4544542,8.48607211,5
CE2,28193,43.97180176,170.4175861,16.16056936,3
CE2,28207,42.95077895,-174.1440161,19.78242507,2
CE2,28209,42.75620038,-171.2420805,8.388257104,2
CE2,28219,42.77785049,-165.8805775,9.918274098,2
CE2,28221,43.08015735,-163.0680985,13.56921012,2
CE2,28224,43.0018441,-160.482702,8.669950847,2
CE2,28225,42.86869833,-159.7493537,10.80114048,1
CE2,28229,43.23720011,-159.9931478,9.537624595,1
CE2,28237,42.73526474,-152.2969235,8.233856546,2
CE2,28246,42.73382064,-146.0536331,8.562336361,2
CE2,28249,42.92990916,-144.401142,8.030030911,2
CE2,28253,43.19134808,-143.841792,17.7462162,2
CE2,28262,42.85428695,-133.5906454,8.372842743,2
CE2,28265,42.70782114,-132.8317381,10.96066308,1
CE2,28281,42.69337226,-110.5344129,8.991299699,2
CE2,28288,42.8550076,-102.1638228,14.2335633,2
CE2,28289,42.73237651,-100.663703,8.251576865,2
CE2,28296,43.34095607,-96.19676682,13.764392,1
CE2,28299,43.13470194,-93.54845565,8.101809723,1
CE2,28305,42.6543435,-89.96232382,8.892315617,2
CE2,28310,42.83987221,-87.00042271,8.389754949,2
CE2,28317,43.3874099,-85.72738523,11.74796809,1
CE2,28325,43.02915731,-82.63965494,9.405378958,1
CE2,28327,43.13254978,-81.93284881,16.42121828,1
CE2,28422,42.71287745,-47.56575205,9.974437501,2
CE2,28433,42.78290109,-44.13985582,8.149311241,2
CE2,28601,43.04640151,43.61617184,8.661530467,3
CE2,28632,42.6218008,57.15460595,8.410041943,3
CE2,28640,42.88742809,62.4512283,11.8428561,1
CE2,28642,43.01693974,67.36151573,10.66901484,1
CE2,28648,42.86005191,72.57556267,8.642004555,3
CE2,28667,42.65723536,84.34943904,8.133735051,1
CE2,28673,42.67386094,90.32829151,9.566466383,2
CE2,28703,43.05502179,112.3946022,10.40889336,2
CE2,28704,42.68903694,112.7642254,11.84967316,2
CE2,28708,42.88742809,118.8079586,13.83385973,2
CE2,28713,42.87734354,124.762235,8.355295409,5
CE2,28723,43.29661311,132.6973381,9.000911283,2
CE2,28724,43.18203017,134.2829825,9.076313545,2
CE2,28739,42.79155832,154.4510419,8.445652898,3
CE2,28755,43.06435906,166.412679,8.506538751,4
CE2,28756,42.81752271,165.8434986,10.01399126,2
CE2,28759,42.94286366,166.9739952,11.3906899,2
CE2,28762,43.07010436,169.6046116,9.497967439,2
CE2,28766,42.84708,172.0681112,9.756779788,2
CE2,28771,43.15837064,178.4244512,8.019117482,2
CE2,28780,42.47406051,-176.0638943,22.2481287,2
CE2,28782,42.12214109,-174.7564504,17.46031117,2
CE2,28784,41.88692392,-169.7537572,8.532488964,2
CE2,28791,42.32233658,-164.6989628,9.459213486,2
CE2,28797,42.32597062,-162.2108872,8.109484599,2
CE2,28799,42.28089367,-159.0160055,8.946933617,1
CE2,28810,42.47623569,-150.2364706,11.42522016,2
CE2,28811,42.48276079,-149.5994603,9.653178158,2
CE2,28812,42.31870233,-149.2219727,8.489426099,5
CE2,28830,42.61673708,-127.8457565,10.73284155,5
CE2,28847,42.1789883,-117.2112241,9.323678839,2
CE2,28856,42.29471101,-111.9981602,12.98547887,2
CE2,28858,42.17388871,-109.6447612,8.330804655,2
CE2,28860,42.33541815,-109.2367994,8.087868456,2
CE2,28866,42.01851897,-103.8841437,11.11458366,1
CE2,28868,41.94763762,-102.2483643,10.11646377,2
CE2,28879,42.48493568,-97.27123012,9.326237042,2
CE2,28884,42.47768577,-94.33882023,9.989053936,1
CE2,28888,42.21904217,-91.86942243,8.681396187,2
CE2,28923,42.38408674,-74.75173777,8.617391422,4
CE2,28975,42.05210522,-46.90121666,8.365918001,2
CE2,28976,42.05502493,-47.40748253,9.136992745,2
CE2,28978,42.20083901,-45.60950141,8.297888766,1
CE2,28979,42.00391072,-45.15631973,8.253212344,2
CE2,29075,42.44722702,2.99005607,11.4979271,3
CE2,29186,42.59647806,62.27034885,8.688236655,2
CE2,29195,42.71576659,65.89187014,16.76930126,2
CE2,29235,42.18918624,87.55710027,9.182183094,2
CE2,29264,42.6948173,111.0507858,15.5216098,2
CE2,29265,42.29471101,112.268773,8.869456686,2
CE2,29270,42.11412007,116.1203258,8.813612431,2
CE2,29271,42.47768577,117.2763814,9.833572789,2
CE2,29276,42.35648829,119.5059173,8.118631211,2
CE2,29319,42.23360092,158.8580126,14.04542267,2
CE2,29321,42.08567372,160.4407078,8.331953738,2
CE2,29329,41.95787279,164.181177,9.82484386,1
CE2,29334,42.61601365,167.6778522,18.02229304,5
CE2,29345,42.39715547,172.0209252,10.63609057,2
CE2,29351,42.4015111,176.7827735,14.22518678,1
CE2,29354,41.39397442,-178.8124756,12.19096011,2
CE2,29360,41.86057232,-172.9211137,11.82859231,5
CE2,29364,41.59719406,-168.6969886,16.03026822,3
CE2,29376,41.28917106,-165.1688561,9.493553603,2
CE2,29383,41.37627302,-159.4868819,14.79057931,1
CE2,29384,41.25370643,-158.9373623,10.5610357,1
CE2,29385,41.53541211,-157.8805937,8.251773618,2
CE2,29388,41.48535488,-156.8484011,8.539589109,2
CE2,29406,41.43820684,-149.3566493,8.688502817,3
CE2,29408,41.22709532,-148.0039855,9.118828074,2
CE2,29412,41.43894379,-144.3952438,8.358775649,2
CE2,29413,41.76898933,-143.2391881,12.18559825,2
CE2,29417,41.76312356,-138.2718843,9.154579528,3
CE2,29423,41.8034399,-133.8295242,10.27652299,1
CE2,29426,41.50744372,-125.5513399,9.883369139,2
CE2,29442,41.17754024,-115.6442575,9.55016911,5
CE2,29446,41.43009982,-113.8796998,13.90960435,1
CE2,29448,41.78511743,-113.423569,10.17514528,1
CE2,29451,41.5942534,-111.1959992,11.97204697,2
CE2,29458,41.8224897,-99.66100163,10.23245512,2
CE2,29459,41.62732808,-100.373706,9.56502231,2
CE2,29461,41.650103,-97.85515619,8.454955331,2
CE2,29473,41.79391287,-92.79348053,9.177078777,2
CE2,29480,41.78878235,-89.15229842,8.801343701,2
CE2,29484,41.75285718,-86.74876434,10.36370631,1
CE2,29492,41.81076742,-83.57649256,12.38995992,1
CE2,29553,41.70223457,-58.7350585,8.5313788,2
CE2,29575,41.33864155,-47.74171631,8.359361661,2
CE2,29776,41.55821947,60.99141312,15.62096173,2
CE2,29813,41.50965219,81.07296497,9.481770195,2
CE2,29845,41.8788732,109.4946326,15.67944241,2
CE2,29855,41.85910802,121.0139015,9.024384139,2
CE2,29865,41.50891604,129.2694758,8.577990401,2
CE2,29876,41.76239031,138.5769035,8.444470869,2
CE2,29902,41.25444547,161.0413456,8.672344943,2
CE2,29908,41.89936396,165.0216767,10.74309639,1
CE2,29911,41.35266366,166.4215264,8.134464266,2
CE2,29920,41.65965137,174.2416138,8.057487908,3
CE2,29922,41.46252183,175.968816,14.1461945,1
CE2,29931,41.11461786,-176.4069754,12.14376598,2
CE2,29932,40.72687734,-175.6107126,14.08947299,2
CE2,29936,40.7477334,-171.4042822,9.831815959,2
CE2,29945,40.53589031,-165.5198016,8.114872956,2
CE2,29947,41.15903992,-162.2531579,11.06378935,2
CE2,29958,41.12646668,-155.2775024,8.587481892,2
CE2,29974,40.68887272,-145.4510293,9.152794011,2
CE2,29977,40.98784996,-144.9221535,12.670787,2
CE2,29981,40.50375689,-142.2541815,8.849851086,2
CE2,29983,40.97226514,-141.6014426,8.118385503,2
CE2,29986,40.41923983,-139.6117686,8.067786861,2
CE2,29989,41.02716671,-135.6540474,8.763520917,2
CE2,30005,41.06794231,-118.6277855,14.10679895,1
CE2,30012,40.50375689,-113.1276738,10.29266555,5
CE2,30016,41.10424838,-111.288405,11.29953493,2
CE2,30025,40.8072861,-99.73276359,11.28782062,2
CE2,30159,40.8028215,-42.20424903,8.38695458,2
CE2,30172,41.09832223,-38.73411598,10.89692696,2
CE2,30382,41.24409811,70.81788621,14.16544452,2
CE2,30400,40.89131332,83.70456445,11.16941815,3
CE2,30423,40.58966062,102.2800982,8.149205233,5
CE2,30430,40.69707163,106.2574802,8.85901547,2
CE2,30482,40.46637308,156.296209,8.960197655,2
CE2,30488,40.56875508,160.8280258,9.659740458,2
CE2,30490,40.88388158,161.5220524,8.373952306,2
CE2,30500,40.57174198,166.8776572,9.004978664,2
CE2,30513,40.59413953,172.3207526,8.983319543,3
CE2,30519,40.65308385,175.436008,11.59752526,2
CE2,30520,41.06423648,175.0250971,11.32493019,1
CE2,30533,39.9408157,-170.0290085,13.12223011,3
CE2,30534,39.89180734,-168.5318378,11.06130661,3
CE2,30543,40.4731037,-161.2484905,23.55467565,2
CE2,30545,40.46038973,-156.4512528,11.39228269,1
CE2,30552,39.84729246,-151.58127,15.89990686,2
CE2,30553,40.01162729,-149.4097335,17.40420628,2
CE2,30558,40.14626768,-146.4773236,11.29424391,2
CE2,30559,39.76648841,-144.9880172,8.618976208,3
CE2,30560,40.05754023,-144.836629,9.035067768,3
CE2,30561,39.78462095,-144.448328,9.913824183,3
CE2,30566,39.76044318,-140.0728146,9.395264143,2
CE2,30603,39.94307678,-122.7860469,8.283440705,2
CE2,30619,40.34285881,-110.2119756,8.048105206,4
CE2,30629,40.23938197,-101.1935618,8.76477712,3
CE2,30630,39.73172104,-100.5939071,8.328826666,2
CE2,30665,40.53738451,-84.73156518,21.03125866,2
CE2,30667,39.65759292,-84.13682566,8.114996731,2
CE2,30670,40.18007393,-83.28551257,15.77949314,1
CE2,30947,40.38854806,39.04208428,10.69430947,2
CE2,30976,40.3488526,54.72059761,8.137483317,2
CE2,31006,39.76951084,66.31850973,12.86736645,1
CE2,31009,40.28364145,69.38657921,8.554376284,1
CE2,31011,40.06130222,70.78151371,9.342001505,1
CE2,31021,39.84276391,77.0080924,8.835717728,2
CE2,31048,40.02367302,93.11717748,8.54164872,2
CE2,31054,39.91895476,99.21792698,11.29572587,4
CE2,31065,40.06807326,113.7806893,13.19788575,2
CE2,31077,39.65532244,121.5339299,8.529865806,2
CE2,31084,39.91820081,128.0976915,8.888811282,2
CE2,31092,40.30388614,131.2040996,14.42299893,2
CE2,31094,39.96493001,132.3247658,10.15735683,1
CE2,31096,40.16054348,133.4326525,8.918856633,2
CE2,31100,39.82842151,138.1365014,8.128813268,2
CE2,31111,40.27164174,158.2662222,8.613585631,2
CE2,31131,40.05001564,174.7754048,14.53892241,1
CE2,31132,40.28289153,175.7112594,8.999163062,5
CE2,31141,40.08086119,179.4448473,12.64249868,1
CE2,31142,39.34964331,-179.5586034,8.397796004,2
CE2,31145,39.6568361,-177.4666931,11.31858488,1
CE2,31148,39.11969309,-174.8783474,12.81472067,3
CE2,31150,39.61444098,-172.6665062,15.93221665,1
CE2,31151,39.18906204,-171.8810568,8.725280485,3
CE2,31152,39.05788958,-172.2752561,11.43602386,2
CE2,31154,39.52047361,-171.3079442,11.33748348,2
CE2,31155,39.57277762,-169.8687729,11.37189222,3
CE2,31157,39.65305188,-169.096103,11.87926255,3
CE2,31159,39.5098564,-167.8732006,9.044015272,2
CE2,31160,39.8072799,-166.5765702,19.81905995,2
CE2,31165,39.03498565,-160.9152398,13.47437186,2
CE2,31167,39.43700891,-156.3873551,9.841467657,2
CE2,31178,39.19058587,-147.9774434,9.144345447,5
CE2,31184,39.67197092,-141.4775795,16.57043663,2
CE2,31186,39.64245496,-139.1192653,10.32939316,2
CE2,31188,39.01283813,-137.4461303,9.378214142,2
CE2,31189,39.76951084,-137.7115512,18.31106648,2
CE2,31191,39.5576211,-135.7474363,11.04337598,2
CE2,31192,39.34812294,-135.0101559,9.125038324,3
CE2,31196,39.17153569,-134.2207743,9.836739348,2
CE2,31209,38.90123144,-122.9944515,8.621573836,1
CE2,31210,39.27891113,-121.6614486,11.45727275,2
CE2,31226,39.64018397,-107.5626814,22.81572022,1
CE2,31230,39.03880349,-100.6686182,9.126173601,2
CE2,31232,39.19134777,-101.1434268,12.20145014,2
CE2,31264,38.97081515,-82.58460467,10.36288131,1
CE2,31265,39.17915638,-81.00977375,8.858435669,2
CE2,31268,39.540187,-81.62319104,8.58603639,2
CE2,31275,39.3694051,-77.21818645,9.476397041,2
CE2,31602,39.27586729,65.50455217,8.410963801,2
CE2,31609,39.16086533,67.48242971,9.873355853,2
CE2,31613,39.64321193,72.16858389,9.911890202,3
CE2,31619,39.28271576,75.63969999,8.707403812,2
CE2,31620,38.98762733,76.83311118,8.32013278,5
CE2,31637,39.81483122,85.43569882,21.59705152,2
CE2,31643,38.97081515,87.46469446,8.676027285,2
CE2,31663,39.7234045,101.5496991,8.458568487,2
CE2,31674,39.62731367,109.7148337,9.188460207,5
CE2,31684,39.40891191,113.1584247,12.55968906,1
CE2,31688,39.12350634,114.7824076,15.13089655,2
CE2,31693,38.97692913,122.9937451,8.737231095,1
CE2,31715,39.4256196,139.7889925,9.114910627,2
CE2,31724,39.2157242,155.6002163,11.34830226,2
CE2,31730,39.40587372,158.9455032,14.46719954,1
CE2,31731,39.45750498,159.8882391,14.0170719,2
CE2,31742,39.25379543,169.3785123,8.101063441,3
CE2,31748,39.61065444,171.8528253,19.81845871,2
CE2,31751,39.26901814,172.9666102,9.386526622,3
CE2,31752,39.45978194,174.6023896,13.81572355,2
CE2,31753,39.65607928,175.678819,12.8125848,2
CE2,31754,39.57126212,176.7493502,14.72046892,1
CE2,31756,39.68256332,178.4175699,13.49391164,4
CE2,31759,38.56228313,-179.1565398,9.103486779,2
CE2,31760,38.59686495,-177.3261183,9.246724467,2
CE2,31761,38.50384048,-178.2354308,8.124754454,2
CE2,31766,38.2912024,-173.0469429,9.996929877,1
CE2,31768,38.30971749,-171.764075,9.094160183,2
CE2,31771,38.23331229,-169.8540273,8.892598906,2
CE2,31773,38.45766802,-168.2575695,9.222611578,2
CE2,31783,38.21014334,-163.3541633,9.354940635,2
CE2,31786,38.91653041,-162.0005165,24.17693678,2
CE2,31812,38.836174,-147.943037,11.30403542,5
CE2,31816,38.90888134,-146.6454235,11.95666879,5
CE2,31819,38.41146599,-144.7697822,12.44230675,2
CE2,31820,39.00061583,-143.867351,16.67604433,3
CE2,31822,38.74269343,-142.0290652,11.27421636,2
CE2,31824,38.65983789,-140.8533488,9.657411598,2
CE2,31825,38.44689019,-139.3964827,22.17213568,2
CE2,31827,38.570738,-137.4451473,13.3819865,2
CE2,31842,38.63834115,-126.3987209,11.50137778,3
CE2,31844,38.53383672,-124.8219239,9.043028805,1
CE2,31849,38.14368478,-122.2640524,9.515619858,2
CE2,31852,38.45381898,-118.0271478,8.589737184,2
CE2,31863,38.75572676,-112.79344,10.0839307,2
CE2,31865,38.44766009,-112.0030754,10.06065538,2
CE2,31879,38.33671019,-100.6538726,8.837350988,2
CE2,31896,38.63757329,-88.67552377,9.630546346,1
CE2,31920,38.86373501,-79.99920809,10.53825157,2
CE2,31927,38.40992542,-77.42265888,8.928858975,2
CE2,31978,38.62912629,-57.14056677,8.046987845,4
CE2,31995,38.62221437,-46.08922518,8.063579305,2
CE2,32004,38.73579247,-43.62474259,9.51920422,2
CE2,32192,38.25878962,37.77986025,8.86879092,4
CE2,32235,38.24952617,57.78965013,8.975191436,2
CE2,32253,38.25493,69.17031029,9.058499799,3
CE2,32276,38.25801771,85.18502348,10.54106541,2
CE2,32290,38.13827269,94.39218104,9.017004034,2
CE2,32294,38.78561777,97.29018451,13.14911571,1
CE2,32302,38.8262188,104.0908589,12.95805258,5
CE2,32321,38.65523199,117.8023081,26.13610148,2
CE2,32323,38.50076324,122.4884623,10.34831575,2
CE2,32328,38.43996074,125.8308001,8.988938244,2
CE2,32343,38.69360544,137.1033258,13.663272,2
CE2,32373,38.49922457,150.3321021,8.526618345,2
CE2,32374,38.63373387,152.7926526,11.96109048,2
CE2,32377,38.21786714,156.1566172,9.407087855,2
CE2,32378,38.81243236,156.0278389,13.52523833,1
CE2,32382,38.81856,158.383204,8.544912469,2
CE2,32385,38.58764476,160.5576897,9.938542439,2
CE2,32390,38.84765905,163.1548827,18.70031895,2
CE2,32394,38.71661963,167.4438885,9.563452369,2
CE2,32399,38.42301927,169.6724414,10.42434761,2
CE2,32401,38.1475503,171.6119804,8.225625494,5
CE2,32402,38.16610199,170.9012421,10.22638936,2
CE2,32404,38.85761126,173.4935199,8.625046353,2
CE2,32418,38.61453367,179.0644106,14.2334128,2
CE2,32420,37.9129296,-178.8026452,9.030701784,2
CE2,32421,37.44690114,-177.7144193,9.003957713,2
CE2,32425,38.08799845,-175.0965824,9.903145488,5
CE2,32426,37.69156163,-174.1292705,10.93828161,2
CE2,32429,37.71100641,-172.928978,8.064981962,2
CE2,32430,37.69467314,-170.5382235,10.03464417,3
CE2,32432,37.4648494,-169.264203,13.60426796,2
CE2,32434,37.40943003,-166.0673552,11.48512756,2
CE2,32436,37.78329621,-164.7549961,9.665314899,2
CE2,32438,38.0694269,-162.9609471,14.45907603,2
CE2,32440,37.68300431,-160.9594766,13.35427101,2
CE2,32441,37.98889573,-161.4863863,9.261111592,2
CE2,32447,37.48903372,-158.4173338,11.24842432,1
CE2,32464,38.06787906,-150.1892846,16.34789151,1
CE2,32466,37.39146848,-148.2713726,9.867035815,2
CE2,32470,37.62774695,-146.65722,13.21248202,2
CE2,32473,37.91990935,-144.255652,22.20154606,2
CE2,32474,37.48981373,-142.4036037,14.93749564,3
CE2,32476,37.68378229,-140.2379654,13.12058803,2
CE2,32480,37.67288984,-136.9496948,9.268905623,2
CE2,32481,37.42582595,-136.4788184,10.37078103,2
CE2,32482,37.52802419,-135.8034696,14.95717511,2
CE2,32503,37.92146032,-127.3562024,11.63369578,1
CE2,32532,38.1204873,-104.0778027,13.73876398,1
CE2,32536,38.1328602,-102.0989421,15.65238992,2
CE2,32552,38.03149536,-92.15941939,9.339398123,2
CE2,32553,37.47265165,-92.5211783,8.238661616,2
CE2,32564,37.81048376,-87.29140271,11.42336099,2
CE2,32566,37.76387041,-86.81954326,9.395274434,3
CE2,32575,37.38834429,-82.89524548,8.333877702,3
CE2,32577,37.84542447,-83.64825452,8.62866497,2
CE2,32670,37.86870909,-45.14943844,8.739382689,2
CE2,32674,37.39381153,-44.38856508,8.887488206,2
CE2,32685,37.3797521,-40.76114554,8.195384829,2
CE2,32878,37.51165067,42.50042085,9.618119341,2
CE2,32882,37.71645004,43.14234631,21.6041657,2
CE2,32920,37.4109917,65.24699556,12.14278908,2
CE2,32941,37.60282878,74.76676,8.204272118,2
CE2,32966,38.04620584,91.17370636,8.598269119,2
CE2,32969,37.69778451,94.21621679,14.48719762,1
CE2,32970,37.6106166,95.37227245,8.912744605,2
CE2,32989,37.43987674,108.3444752,8.392731004,5
CE2,32992,38.11584692,111.129429,9.392222527,2
CE2,32997,37.47811274,113.8082145,10.1505263,2
CE2,33001,37.92611303,115.4685699,8.25227032,1
CE2,33002,37.8221325,116.0308691,12.92708888,2
CE2,33011,38.00671313,123.8027875,8.156897691,2
CE2,33016,38.03691536,127.2866831,11.51363678,2
CE2,33017,37.47655247,126.6811301,8.303343133,2
CE2,33039,37.76387041,144.9460231,9.395274434,5
CE2,33046,37.79028825,147.7024687,8.06961349,2
CE2,33051,37.50151288,149.552551,10.29994721,2
CE2,33052,37.39224951,149.9428181,8.074943026,3
CE2,33056,37.96487412,153.7963369,14.45293683,3
CE2,33057,37.50775168,155.5255052,8.597932744,2
CE2,33061,37.68767206,161.0816503,8.638746276,2
CE2,33066,37.71489475,164.3463278,14.91165323,3
CE2,33072,38.10579175,167.2777547,8.566956094,1
CE2,33081,37.78018843,171.7348604,9.00453049,2
CE2,33083,38.1088858,173.8631432,10.31870589,2
CE2,33086,37.87336513,174.974962,14.16066142,2
CE2,33089,38.0074877,177.1641933,9.320238842,2
CE2,33095,37.08781665,-173.5768018,9.048414983,2
CE2,33108,37.37506504,-162.3927497,11.77130082,1
CE2,33123,37.43050984,-155.5439064,14.65976233,2
CE2,33130,37.15130888,-149.326175,11.35108648,2
CE2,33136,37.21866209,-144.9123231,9.078535904,2
CE2,33138,36.57717582,-143.4878974,8.100272558,2
CE2,33139,36.98737473,-142.1824195,9.530703809,3
CE2,33140,36.82780787,-140.4522682,11.19965509,2
CE2,33144,36.95988702,-138.4429334,11.18620916,3
CE2,33146,37.15914374,-138.8351666,9.467705654,2
CE2,33147,36.90330965,-137.050948,9.094515808,5
CE2,33148,36.95438828,-137.4736554,8.63916286,2
CE2,33150,36.68131097,-136.7226125,11.38943535,3
CE2,33152,37.19673973,-135.0209693,10.22656319,5
CE2,33153,36.71677942,-134.3859251,10.75058935,2
CE2,33158,36.64345993,-130.2433924,8.110471178,2
CE2,33169,36.57086008,-125.8423199,8.952879129,2
CE2,33172,37.15444292,-124.1023382,10.08919924,1
CE2,33184,36.85455661,-117.1542078,10.56029314,2
CE2,33187,37.18655933,-115.8113744,11.09253026,3
CE2,33196,36.87736433,-112.4031729,10.04266113,2
CE2,33198,37.29690422,-110.8411215,9.560825665,2
CE2,33225,36.75144385,-98.43318402,9.13507096,5
CE2,33228,37.23509968,-95.78094068,8.221161311,5
CE2,33244,36.80655955,-86.63473164,13.76605357,1
CE2,33253,37.17716082,-82.47548718,10.00310244,1
CE2,33342,36.86242211,-42.85403882,8.06887739,2
CE2,33346,37.10193064,-41.10815884,8.750162816,2
CE2,33352,36.6095359,-39.30034732,8.09630363,2
CE2,33364,37.22492445,-32.61468871,8.712082528,4
CE2,33420,36.65529038,-5.54371873,8.329027355,3
CE2,33442,36.88129601,9.63246089,8.969078542,2
CE2,33596,37.37115893,85.11915977,14.8817392,2
CE2,33607,36.70732277,92.24227141,8.85873783,2
CE2,33613,37.09095332,95.41159407,10.05776518,2
CE2,33629,37.3422474,108.9303674,9.149963431,2
CE2,33644,37.04938193,124.2599013,8.971401813,2
CE2,33646,37.11055456,126.3085578,16.80586371,1
CE2,33648,36.84669031,129.8376733,8.465889379,2
CE2,33663,37.40318302,141.4591783,8.5460006,1
CE2,33671,37.23353435,145.3294089,8.52194932,1
CE2,33678,37.32426976,147.6513506,8.110817597,2
CE2,33681,36.92453109,149.2409271,9.950659751,2
CE2,33685,36.60006606,152.0425926,8.958921168,2
CE2,33686,37.14347322,152.4662831,12.90291628,2
CE2,33688,36.79239073,154.2809759,10.62984197,2
CE2,33690,37.0642875,155.1204925,8.024471661,1
CE2,33691,37.09722627,156.2116675,11.09078491,1
CE2,33697,36.90173746,160.0248817,10.82792289,2
CE2,33701,37.21396498,167.6198528,8.906308677,2
CE2,33706,36.73884041,171.6454037,9.245200189,2
CE2,33709,37.29925022,173.8297198,9.068828007,4
CE2,33711,36.91038412,175.4556688,9.030708851,2
CE2,33717,35.90961683,-178.1469572,10.74965715,1
CE2,33722,36.4112165,-174.3779798,8.954291435,5
CE2,33723,36.15367446,-175.0179392,11.45184438,2
CE2,33724,35.80444773,-174.9766515,10.31326799,5
CE2,33725,36.51478524,-174.7397387,10.00388191,2
CE2,33726,36.04406133,-173.6957497,10.01583801,5
CE2,33727,36.40251359,-173.2288054,9.004103216,5
CE2,33731,36.36927534,-168.9466809,14.27836258,2
CE2,33732,35.84589463,-169.1767124,11.07165477,2
CE2,33733,36.24490185,-168.1523841,8.564256813,2
CE2,33734,36.33998226,-166.1420663,8.319788267,2
CE2,33735,35.91917073,-164.7736739,10.23213293,1
CE2,33736,35.89926546,-165.3428543,9.930422761,2
CE2,33737,36.57559694,-165.1875339,9.022571339,2
CE2,33742,36.53690412,-161.9277715,10.4113947,1
CE2,33747,36.21318264,-159.1084113,8.008764456,2
CE2,33748,36.22190671,-158.1086591,8.308174788,2
CE2,33753,35.981243,-155.5045847,12.17845267,1
CE2,33757,36.54085325,-154.0034819,10.10082152,2
CE2,33760,36.35185916,-151.5301519,9.504712243,3
CE2,33776,36.07982154,-138.0595476,10.79568734,2
CE2,33780,36.31939134,-138.4930685,8.054466997,2
CE2,33786,36.39934865,-133.1826835,11.13572856,2
CE2,33787,36.50214304,-132.0659495,9.229896806,2
CE2,33788,36.2433162,-131.4633457,9.603445889,2
CE2,33792,36.07187623,-129.0263882,9.257288406,2
CE2,33798,36.53295478,-124.6430105,15.64307108,1
CE2,33802,36.4033048,-122.7319797,9.231670934,2
CE2,33810,36.11715374,-117.9661993,8.603165053,1
CE2,33818,36.2306298,-114.5481674,10.45194542,2
CE2,33824,36.12430043,-112.8366938,9.533306218,2
CE2,33840,35.85943989,-104.9114211,9.276929531,2
CE2,33852,36.4420644,-98.20118646,8.69628904,5
CE2,34088,36.40409601,8.77918172,8.171058387,2
CE2,34090,36.06472477,10.08564258,8.283835068,2
CE2,34092,36.42782843,9.7464936,8.089920432,2
CE2,34120,36.04008697,22.80127177,8.026444636,4
CE2,34179,35.9406628,40.0565821,13.28735927,2
CE2,34186,36.28770238,44.31707974,8.109343434,3
CE2,34197,36.29879498,48.471409,18.66511392,2
CE2,34225,36.24807307,64.77218698,16.14814629,2
CE2,34234,35.89846914,69.86630298,9.557099602,2
CE2,34236,36.36927534,70.55738047,8.051164066,1
CE2,34244,36.12430043,73.65985637,8.668074875,2
CE2,34266,36.06313547,88.55685249,9.345084397,2
CE2,34275,36.25441511,97.17418573,10.90055268,5
CE2,34279,36.1044469,98.18081923,10.11025205,2
CE2,34282,36.36056774,104.9077655,10.64938281,2
CE2,34284,36.0496251,106.4334444,14.86044997,2
CE2,34297,36.37323302,115.5305015,10.82221276,2
CE2,34301,36.21873443,118.6015201,18.78662098,2
CE2,34327,36.24252336,140.8831166,8.82714786,1
CE2,34353,35.90563569,151.9747628,12.38731387,2
CE2,34354,36.11794785,153.7658627,8.624452187,3
CE2,34357,36.4547164,157.2821986,15.75144479,2
CE2,34364,36.40409601,164.1634823,9.025332297,2
CE2,34367,36.59611995,167.1941962,12.83476694,2
CE2,34374,36.03213765,172.2244146,9.608187525,2
CE2,34378,36.32572759,175.6247518,8.939920588,2
CE2,34379,36.15288071,177.8975415,18.13432993,2
CE2,34389,34.97581284,-175.3659355,8.735796692,2
CE2,34394,35.03861755,-171.8456674,9.950369414,2
CE2,34398,35.16729672,-164.2516793,15.70062596,1
CE2,34402,35.75021528,-162.472376,11.01291481,2
CE2,34415,35.59289202,-156.6242679,15.79468467,2
CE2,34417,35.77733613,-154.8036768,18.73457849,2
CE2,34418,35.39279727,-154.298394,15.2592322,4
CE2,34420,35.55131337,-153.0184753,9.209453303,3
CE2,34422,35.39279727,-152.3382112,8.354013348,3
CE2,34423,35.10780785,-151.0150387,8.834950855,5
CE2,34425,35.77015798,-151.242121,8.886273404,2
CE2,34426,35.02734846,-148.743232,8.243501807,3
CE2,34427,35.7222871,-149.8068819,17.82384704,3
CE2,34433,35.85465947,-143.91552,16.76180041,1
CE2,34436,35.70233241,-142.7201427,10.43441838,5
CE2,34437,35.34389857,-142.4832299,27.52173594,2
CE2,34439,35.75899068,-140.8808739,11.2972363,5
CE2,34440,34.94600401,-140.1209836,8.350848105,4
CE2,34442,35.58489781,-140.4375226,8.801443308,2
CE2,34443,35.35672732,-138.5726947,13.60767665,2
CE2,34447,35.00802641,-136.031535,8.503759019,2
CE2,34449,35.74463043,-136.1219747,8.60410331,5
CE2,34451,35.4568818,-136.0020438,13.39947679,5
CE2,34452,35.76936037,-135.1998827,10.5384692,1
CE2,34469,35.095744,-125.5149674,8.119826631,4
CE2,34475,35.82357976,-123.3237701,17.65285107,2
CE2,34482,35.60727961,-118.5737183,8.353749051,2
CE2,34488,35.05068985,-116.7088904,9.268272569,1
CE2,34489,35.78052621,-116.9251593,10.16129206,1
CE2,34496,35.47209438,-112.9959464,9.493556572,2
CE2,34498,35.47689776,-112.5712729,8.781721833,2
CE2,34520,35.31422427,-97.33512775,9.753846023,2
CE2,34534,34.96211824,-86.46269955,8.882446368,2
CE2,34542,35.70153412,-83.46639203,8.928555903,4
CE2,34729,35.32946378,-4.95880962,9.636867925,3
CE2,34821,35.55771149,34.25271084,8.730102689,3
CE2,34830,35.47289497,36.89512377,9.653521714,3
CE2,34840,35.18095694,44.81449824,8.727202417,1
CE2,34843,35.55051357,45.20476533,13.70516054,1
CE2,34867,35.3775697,64.39371638,12.11774718,2
CE2,34888,35.49290694,71.40082924,14.76494304,2
CE2,34920,35.58569726,90.56422124,12.43429278,2
CE2,34921,35.34790777,90.16412374,10.10365558,2
CE2,34922,35.81481148,91.45583899,15.79435051,1
CE2,34923,35.27571165,92.86158694,9.065756137,5
CE2,34940,35.17693947,107.5688562,10.26264473,5
CE2,34951,35.30379558,117.8504771,9.786796584,2
CE2,34953,35.71829657,120.3650948,11.6527101,2
CE2,34954,35.17131467,120.5607198,19.36081742,2
CE2,34957,35.3984067,125.4454482,9.244693942,2
CE2,34959,35.61287408,126.7774681,9.508977402,1
CE2,34968,35.02090828,135.2935482,10.12848584,2
CE2,34972,35.58729615,136.4230617,12.42669214,1
CE2,34979,35.6104765,140.0406509,9.836225368,2
CE2,34986,35.66081065,142.7853,8.544589083,2
CE2,35002,35.27330401,152.2333025,9.877900178,2
CE2,35020,35.01768801,169.736339,9.749055123,3
CE2,35023,35.36714919,174.1285641,9.745593195,2
CE2,35024,35.22754512,174.683982,8.108101451,2
CE2,35026,35.07080638,175.7800722,9.308246505,4
CE2,35027,35.47609722,177.5161218,13.69850949,2
CE2,35041,34.75723236,-176.7765987,16.13108096,2
CE2,35042,34.75803999,-174.7849586,18.04328247,2
CE2,35045,34.75803999,-172.7756237,12.6175474,5
CE2,35049,34.23791491,-171.1044548,11.06235848,2
CE2,35056,34.60687447,-167.201784,14.25775791,2
CE2,35059,34.59716459,-164.1327314,8.170602371,1
CE2,35064,34.33862787,-159.8299631,8.593347165,2
CE2,35068,34.62629083,-158.3327923,10.94260876,2
CE2,35071,34.52187454,-155.9253261,9.989442004,3
CE2,35074,34.32401573,-154.9373704,12.79311182,3
CE2,35075,34.48703998,-155.5153982,11.98504831,3
CE2,35076,35.063565,-155.7965478,20.59479695,2
CE2,35084,34.80002626,-151.4977116,8.414393959,2
CE2,35085,34.87183776,-150.1578273,21.7904343,2
CE2,35086,34.41894908,-150.490095,16.79056498,2
CE2,35088,34.48217818,-147.5409735,9.764608963,3
CE2,35089,34.73784668,-145.9740069,11.68166565,3
CE2,35091,34.41327234,-143.5744049,8.580212801,5
CE2,35094,34.51539479,-142.4724165,10.36755778,2
CE2,35095,34.45219086,-142.0497091,9.357570653,2
CE2,35096,34.3743357,-141.5463923,17.63634461,2
CE2,35104,34.64732009,-137.365521,22.17880257,2
CE2,35117,34.8581258,-131.5085655,10.25861107,4
CE2,35118,34.42300367,-131.6324286,8.143914114,4
CE2,35119,34.41894908,-131.1625353,10.15823092,3
CE2,35122,34.53726192,-128.2841926,10.00713771,3
CE2,35127,34.26716659,-126.3652975,9.081496597,2
CE2,35136,34.76288565,-122.9118761,9.100295433,2
CE2,35146,34.34187466,-117.5523392,8.791946412,5
CE2,35152,34.89361089,-114.1637985,9.062167864,2
CE2,35156,34.34917949,-112.8514394,8.013793382,2
CE2,35157,34.44813769,-111.556775,9.619444167,2
CE2,35201,34.21596947,-92.23216439,9.028555732,2
CE2,35203,34.56479013,-92.05914925,8.150703697,2
CE2,35226,34.52268447,-83.76720243,8.527936212,2
CE2,35320,34.45300147,-40.41216615,10.77333527,2
CE2,35388,34.7967973,-1.92711264,9.581342184,4
CE2,35392,34.28909867,-0.44960273,9.093186398,5
CE2,35399,34.61011085,8.34566085,8.874626126,2
CE2,35480,34.64732009,37.82213099,14.23555631,1
CE2,35529,34.89602977,74.87489446,11.11211986,2
CE2,35531,34.64085012,76.76626443,8.049612206,2
CE2,35534,34.91295994,78.27228251,9.415462416,2
CE2,35539,34.73542316,81.47601158,10.99656958,2
CE2,35543,34.63357079,85.94491381,8.541362694,2
CE2,35554,34.92585677,90.70184691,20.93968871,2
CE2,35555,34.4059731,91.79007277,9.606055393,2
CE2,35572,34.77661348,108.4978295,8.590041682,2
CE2,35576,34.38407155,112.9175797,9.231288185,2
CE2,35577,34.9435866,113.5801491,10.48475469,2
CE2,35579,34.16799475,114.5533592,9.477674824,2
CE2,35589,34.86457877,120.0220136,21.57079194,2
CE2,35590,34.16230102,121.3707452,9.164925767,2
CE2,35591,34.89361089,121.0689518,8.64565333,2
CE2,35593,34.56074243,124.6108468,27.21883828,2
CE2,35596,34.29884443,125.950731,10.59058169,2
CE2,35598,35.02171333,127.1814978,16.9447844,1
CE2,35615,34.64408517,135.6494088,8.777362748,2
CE2,35619,34.79760455,138.6525976,9.711260963,2
CE2,35625,34.54535939,140.5508489,10.65075547,2
CE2,35631,34.16555462,143.7113242,8.900091095,2
CE2,35653,34.89280458,159.1293318,10.71592121,2
CE2,35655,34.80890523,166.1069534,10.90308292,2
CE2,35666,34.32563943,174.8982848,9.238788418,3
CE2,35671,34.60768358,178.4903149,8.764874644,5
CE2,35672,34.59230923,177.7776105,17.2044271,5
CE2,35676,33.73990162,-177.6564199,8.274365801,2
CE2,35678,33.83467507,-178.1597367,9.152934389,2
CE2,35687,33.37535993,-172.2133245,8.482491391,1
CE2,35691,33.72109787,-168.0491649,14.87627769,2
CE2,35692,33.50414912,-167.1595132,9.899017766,3
CE2,35693,33.43116471,-166.5913158,10.5541302,1
CE2,35700,33.78239924,-163.17525,10.03268503,2
CE2,35704,34.05486172,-160.7638516,8.553974335,2
CE2,35712,33.77014247,-157.2897863,20.07993558,1
CE2,35716,33.55413663,-154.1853444,12.28295069,4
CE2,35718,33.89671112,-153.3320652,10.21930993,2
CE2,35722,33.66793458,-150.7614142,10.94042265,2
CE2,35724,33.57215782,-150.3642658,11.57771534,2
CE2,35728,33.85263751,-147.2785016,15.26417719,2
CE2,35731,33.52054165,-146.1401407,9.990513847,2
CE2,35733,33.7071968,-145.2436077,12.56498046,2
CE2,35734,34.17694126,-144.7815787,8.183232871,2
CE2,35736,33.61719435,-142.3977054,13.00355765,5
CE2,35742,33.59754494,-138.4616112,8.088900112,2
CE2,35746,33.622106,-135.8693333,9.269791942,2
CE2,35749,33.98315976,-134.7103285,8.897387975,2
CE2,35751,34.00598059,-132.466047,8.473176658,4
CE2,35757,33.57379593,-125.5867294,8.529187079,3
CE2,35759,33.51152614,-124.6027058,11.7399429,3
CE2,35788,33.98886554,-114.2532552,10.11417116,2
CE2,35798,34.15986073,-107.0603477,15.01035835,2
CE2,35819,33.64993341,-98.8087055,8.146303379,5
CE2,35827,34.21759526,-94.96796617,15.21437884,2
CE2,35874,33.45987377,-78.15109191,9.598720487,2
CE2,35879,33.74398884,-76.66964984,8.142526363,4
CE2,35961,33.99049569,-38.23669747,8.029332725,2
CE2,36035,33.6073702,7.09228418,9.715231726,2
CE2,36106,34.09883065,36.00153994,9.484809409,3
CE2,36109,33.91221309,36.20699541,9.150475597,3
CE2,36139,33.62701737,60.72992434,9.337171134,2
CE2,36182,33.53938922,85.42390233,8.195646474,2
CE2,36183,33.64993341,86.08942077,15.47649149,2
CE2,36193,33.48939319,91.52858399,8.411693756,2
CE2,36194,33.68674997,92.54701398,9.084877848,2
CE2,36196,33.6278359,94.2722501,9.872725176,4
CE2,36202,33.43772762,100.8743503,9.237204601,5
CE2,36217,33.62701737,109.4218876,11.66082897,2
CE2,36227,34.07603479,113.3973035,8.887654395,2
CE2,36233,33.72355077,120.2520451,20.14826094,2
CE2,36238,33.7366317,124.3542732,9.325273606,2
CE2,36243,33.8893671,126.7676377,13.00566141,2
CE2,36244,34.2249109,127.4803421,11.99972964,2
CE2,36248,33.8632499,128.8900222,8.353247553,5
CE2,36251,33.88691895,130.9897968,14.69887813,2
CE2,36269,34.0532328,144.1143708,8.909920017,3
CE2,36301,33.87875795,164.2853793,9.74103148,2
CE2,36302,33.36797132,164.4249711,8.827389248,2
CE2,36314,34.17206146,175.7672927,12.42356803,2
CE2,36327,33.17071042,-173.6220216,9.046543356,2
CE2,36328,32.6383709,-171.8456674,10.93161788,2
CE2,36329,32.69795336,-172.3440689,13.31712397,2
CE2,36341,32.61353316,-165.2121099,11.77182459,4
CE2,36342,32.64995949,-164.7962838,10.20855973,5
CE2,36347,33.09332857,-160.3883301,9.35829529,2
CE2,36351,32.83269451,-156.6960299,8.81273246,2
CE2,36352,32.6350596,-156.4591171,10.05165537,2
CE2,36354,33.00516201,-155.1064533,16.37557987,1
CE2,36356,32.60856478,-154.0899894,8.639910197,1
CE2,36364,32.94908507,-149.1649564,17.51086965,2
CE2,36368,33.21184317,-145.5621129,19.55040091,3
CE2,36370,33.09003421,-144.6940881,29.5756136,2
CE2,36375,32.68802571,-138.2482914,9.027625346,2
CE2,36396,33.05955555,-128.1504991,14.79492998,3
CE2,36398,33.01505424,-127.1035609,11.8968747,2
CE2,36399,32.83682445,-125.3252406,11.2649889,4
CE2,36405,32.91938287,-122.6356417,8.917677618,5
CE2,36416,32.7682426,-119.2874057,10.39944143,2
CE2,36428,33.44593056,-114.1932897,11.49565286,1
CE2,36430,33.02989051,-112.5240869,9.761586754,2
CE2,36433,32.78559963,-112.1780566,8.34407475,2
CE2,36438,32.94743521,-109.3586964,11.84127569,2
CE2,36441,32.70953422,-107.4820721,8.780477208,2
CE2,36444,32.88554322,-107.0583816,8.394638418,2
CE2,36449,32.99609315,-103.7858397,11.56411116,2
CE2,36450,32.7773348,-104.0099729,9.360315545,4
CE2,36452,32.563837,-102.8922558,8.275348011,2
CE2,36479,32.94908507,-91.48505359,8.90376086,2
CE2,36492,33.01340561,-85.14149308,8.468042873,2
CE2,36500,33.25788892,-82.11176218,9.422175279,2
CE2,36506,32.78642607,-79.31501189,8.906639445,4
CE2,36732,32.92598422,34.29793071,11.26303087,3
CE2,36734,32.69795336,37.67270883,8.205510263,2
CE2,36735,32.89875048,38.24385538,9.898948767,2
CE2,36739,33.35729778,41.81622464,11.76441196,2
CE2,36746,33.21842262,48.31707163,8.057412889,4
CE2,36751,32.61684526,50.37949066,8.988123311,2
CE2,36754,33.29076389,51.20426166,8.700076652,2
CE2,36761,32.97300459,57.92039452,20.3437812,2
CE2,36797,32.81286813,68.47136848,9.310822212,2
CE2,36803,32.80625835,71.95919626,9.132430404,2
CE2,36806,33.3285548,74.52394899,9.19049518,1
CE2,36813,32.51991581,81.16242166,8.482843778,2
CE2,36817,32.67644206,82.68121927,9.821134773,1
CE2,36823,32.5721216,86.9368017,8.579318701,1
CE2,36829,32.81286813,90.49442536,9.604855273,2
CE2,36832,32.84178012,92.06630716,10.142217,2
CE2,36839,32.56549398,95.434204,8.536945079,1
CE2,36841,32.88801973,96.89107006,9.281310482,2
CE2,36853,33.14766764,106.2073451,8.578704075,4
CE2,36869,32.66402933,117.8681718,17.90892649,2
CE2,36870,32.99114611,120.7710905,15.59365867,2
CE2,36873,32.64913179,123.4705198,8.328472125,2
CE2,36875,33.39670128,123.5412987,12.34794203,2
CE2,36876,32.54312213,125.1672477,9.701518024,2
CE2,36877,33.18058404,125.6509037,14.25731916,2
CE2,36878,32.7690692,126.3360829,15.35875403,2
CE2,36880,32.70953422,128.2048429,9.208333881,2
CE2,36892,32.99774211,135.7054422,8.43696587,5
CE2,36899,32.6350596,143.6936295,8.986294337,5
CE2,36908,33.22911317,149.940852,8.595023617,2
CE2,36913,32.53980731,153.0040063,8.367664871,2
CE2,36917,33.06367491,154.4244998,9.555566287,2
CE2,36922,33.22253453,160.0101361,8.653604362,2
CE2,36924,33.01093261,163.6375556,10.09019375,2
CE2,36925,32.82195577,163.0143079,8.251455301,2
CE2,36926,32.61518922,164.1349741,15.52086877,2
CE2,36927,33.16577319,166.0617336,14.12440327,2
CE2,36933,32.84425786,171.8115376,10.20077221,2
CE2,36935,33.30144559,173.2634884,11.34372786,2
CE2,36958,32.10451012,-169.6544701,9.244604701,2
CE2,36960,32.39300402,-168.8729528,16.46835408,2
CE2,36963,31.95449869,-168.0177076,8.9519145,5
CE2,36966,32.18940744,-167.5881189,11.19327584,2
CE2,36969,32.602768,-166.4202667,16.01231636,2
CE2,36971,32.13614777,-165.0076375,8.808741519,2
CE2,36990,32.52323136,-153.0174922,12.78073538,1
CE2,36992,32.38968367,-152.4188205,12.52685987,1
CE2,36994,31.9628391,-150.9216498,11.49237742,1
CE2,36999,32.53151972,-144.3392105,13.36335677,2
CE2,37000,31.68971565,-144.6252753,9.473691525,2
CE2,37003,32.67478713,-142.3986885,8.355430115,2
CE2,37007,31.74657848,-138.9590297,8.371303115,2
CE2,37015,32.35813423,-135.1241886,18.92808732,2
CE2,37028,32.45026088,-124.0856265,10.77157702,3
CE2,37030,31.72985774,-122.8931984,8.673378042,3
CE2,37031,32.24679312,-122.7290306,9.092376007,2
CE2,37033,31.80340642,-121.5169416,8.297278545,2
CE2,37042,32.06119873,-116.2203193,10.16110333,2
CE2,37046,31.76998245,-113.6241093,9.145486489,3
CE2,37047,31.68386015,-114.2100014,9.634124459,2
CE2,37049,32.04620154,-112.3884273,9.209492123,2
CE2,37051,32.01286566,-112.0935152,9.485396298,5
CE2,37055,32.01953381,-110.1352984,11.66798801,2
CE2,37056,31.90360578,-108.8209733,9.633780663,2
CE2,37057,31.75159412,-108.4729769,10.19718345,2
CE2,37063,32.04120193,-103.3592001,8.139371255,2
CE2,37076,31.74323458,-97.71163227,8.487203931,1
CE2,37086,31.7365464,-92.34619709,9.765126157,3
CE2,37097,32.10617553,-86.82445846,9.310233634,2
CE2,37109,31.91195081,-83.47130723,8.151733046,2
CE2,37354,32.44528347,31.47955352,21.98121297,3
CE2,37374,32.52406023,39.88651609,10.76131977,2
CE2,37415,31.78251785,64.08700774,10.37642359,2
CE2,37420,32.50416525,65.70116028,14.11808717,2
CE2,37431,32.18025565,70.88964817,8.90057973,2
CE2,37433,32.34567748,71.75177471,9.423463641,2
CE2,37443,31.89275611,81.90166813,10.53089934,2
CE2,37446,31.90944738,84.57848748,9.655218586,2
CE2,37448,32.12615812,85.05427909,11.25814003,1
CE2,37450,32.22850017,86.12972543,11.32408856,2
CE2,37455,32.18607962,89.82399172,8.527400918,2
CE2,37473,32.97217989,100.8743503,8.642723359,2
CE2,37481,32.47431451,105.8986704,9.224541368,2
CE2,37502,32.06203183,118.0687121,10.63683786,2
CE2,37503,32.10201194,118.8010773,17.89996423,1
CE2,37506,32.34899945,122.651647,10.47102829,2
CE2,37510,32.1910713,127.3368182,14.75762934,2
CE2,37511,31.95616683,126.7381465,9.434315394,2
CE2,37512,32.41790277,128.0023366,19.53703344,2
CE2,37521,31.74908633,132.0465653,9.101920697,2
CE2,37532,32.5265468,136.9598019,11.95036869,2
CE2,37541,32.13365046,141.0944703,9.530885739,4
CE2,37558,32.49670349,151.2423976,8.773745907,1
CE2,37560,32.26591363,154.4264659,14.16089637,2
CE2,37565,31.86520889,156.9047111,10.49296479,2
CE2,37575,32.52737564,165.3736052,12.39529971,2
CE2,37577,32.18441567,167.6277171,8.128135071,3
CE2,37584,32.47846104,172.3325491,8.531419812,2
CE2,37609,30.85708557,-175.9370821,9.120012149,2
CE2,37616,31.30414154,-173.4539217,8.825156877,2
CE2,37617,31.28734143,-172.5190502,10.22518265,3
CE2,37620,30.96167085,-169.8815524,8.13925664,2
CE2,37623,31.36459714,-169.2573217,8.741075327,1
CE2,37627,31.28314093,-166.839042,22.58635055,2
CE2,37639,31.66880144,-160.0285372,11.96660905,1
CE2,37640,31.1772267,-160.3185342,8.276596661,4
CE2,37642,31.14021283,-157.2003296,8.109969439,1
CE2,37645,31.63867669,-155.0061832,14.45220707,2
CE2,37647,31.13768863,-154.0644304,21.79851621,2
CE2,37648,31.71982385,-154.3151057,13.89906556,2
CE2,37649,30.89842728,-153.2170494,8.309672961,2
CE2,37656,31.16797459,-150.7476516,19.05510534,1
CE2,37662,31.02150287,-144.4807683,10.75823751,2
CE2,37669,31.60351881,-142.582517,11.42242237,3
CE2,37678,31.59598325,-138.1224622,8.342432825,2
CE2,37698,31.02066043,-122.7044546,11.44105197,1
CE2,37699,32.11033893,-122.9482486,8.0877586,2
CE2,37702,31.14441968,-120.7088823,8.805184377,2
CE2,37707,31.19236457,-117.2849522,9.36337046,4
CE2,37708,31.18395494,-116.7393647,15.17025753,2
CE2,37714,31.109918,-113.5130257,11.27285035,2
CE2,37715,31.20834081,-113.9514618,11.00443726,1
CE2,37724,31.33941202,-111.6157575,9.577932946,2
CE2,37726,31.52227012,-110.6622082,11.05513845,2
CE2,37727,31.160404,-110.3171609,10.973666,2
CE2,37732,31.37802644,-108.6135517,10.35245948,5
CE2,37734,30.94480999,-108.087625,9.157331459,5
CE2,37737,31.02655738,-106.268017,9.563767816,2
CE2,37740,30.85708557,-104.762982,9.641116898,3
CE2,37746,30.95155469,-101.5268126,9.47378396,2
CE2,37762,30.94312374,-95.31301339,8.166940036,2
CE2,37767,31.14778502,-90.21594827,9.833322279,1
CE2,37915,31.65290348,-31.1106367,9.079940603,4
CE2,37988,31.6219365,-1.52504906,9.29717047,4
CE2,38064,31.07035186,44.37704521,8.042606217,2
CE2,38112,31.56499732,73.62544995,8.000601752,2
CE2,38137,30.88830443,94.61336516,8.08108461,5
CE2,38142,31.50048009,95.96504588,9.058365878,1
CE2,38157,31.00465258,105.0276965,9.842337514,5
CE2,38160,31.60603053,106.4275462,12.44334755,3
CE2,38162,31.26297595,107.5845849,9.331274503,2
CE2,38164,31.07792963,109.2105339,9.440336151,2
CE2,38171,30.92457303,112.1665368,9.573881296,5
CE2,38178,31.65792418,119.3004619,11.03905387,2
CE2,38180,31.54573061,123.0222533,29.40224806,2
CE2,38181,31.4375958,123.9866161,19.11190253,2
CE2,38184,30.85708557,126.5946226,9.878823815,2
CE2,38185,31.3822227,130.412752,8.633877101,2
CE2,38187,31.39481037,131.0949821,8.152054587,2
CE2,38197,31.40991334,137.1632912,12.10978332,2
CE2,38202,31.64453504,144.3748765,26.97023954,2
CE2,38229,31.09981757,158.2642561,8.568572404,4
CE2,38233,31.71982385,161.365749,13.06181038,1
CE2,38235,31.40404025,162.0725551,9.502735238,2
CE2,38242,31.65959769,170.7704977,11.37132517,2
CE2,38245,31.44933741,173.8769057,12.13494651,2
CE2,38249,31.19825087,178.6574318,11.12307922,2
CE2,38252,30.60358478,-177.6544539,16.18618194,2
CE2,38254,30.35705348,-177.1550693,11.22325458,2
CE2,38263,30.82332401,-174.503809,12.39346719,2
CE2,38268,29.99162395,-170.478258,9.293871692,2
CE2,38274,30.54941842,-168.5082448,11.66374646,2
CE2,38278,30.26115334,-168.0304871,11.55785104,2
CE2,38280,30.41387029,-167.009108,13.26447208,5
CE2,38286,30.35111549,-164.1287993,10.78847849,2
CE2,38287,30.3460255,-163.5438902,8.820322147,2
CE2,38289,30.25945514,-162.060482,8.017287128,2
CE2,38293,30.53841218,-158.3426227,8.107821342,2
CE2,38296,30.72450332,-157.4775471,11.18467281,4
CE2,38310,30.16515945,-149.0401103,11.90702739,2
CE2,38319,30.26200242,-142.4016376,13.63980567,2
CE2,38323,30.71267182,-138.1608008,8.543483191,5
CE2,38327,30.58412223,-136.8887463,15.84925472,1
CE2,38337,30.47658476,-133.9386417,12.27644954,2
CE2,38341,30.01460935,-132.1809652,10.24144507,4
CE2,38350,30.31717721,-123.7769518,9.260811501,2
CE2,38351,30.05971336,-123.2362795,8.324256836,1
CE2,38358,30.03588739,-121.719448,8.441301563,2
CE2,38363,30.58835355,-119.7287909,8.44819347,2
CE2,38366,30.40284871,-117.0883441,10.85216251,2
CE2,38368,30.78363901,-116.2242514,8.065701166,2
CE2,38369,30.5375655,-115.70324,10.18806679,2
CE2,38372,30.46980676,-114.5353878,10.42275275,2
CE2,38375,30.00694814,-113.9701395,9.776114576,2
CE2,38379,30.20169914,-111.9627708,9.353452648,2
CE2,38386,30.20764617,-108.4847734,10.48685017,2
CE2,38388,30.38334596,-105.6015155,13.44641865,1
CE2,38430,30.72196812,-86.2238207,9.305575696,2
CE2,38436,30.26115334,-84.20170634,9.22079088,2
CE2,38464,30.55619087,-75.40939188,9.287234047,2
CE2,38514,30.75661005,-52.13492441,10.48987325,4
CE2,38529,30.16770917,-42.02828478,8.399618117,4
CE2,38565,30.37825765,-20.88504916,8.401536673,4
CE2,38716,30.50538599,57.30697724,9.107174872,2
CE2,38725,30.74224784,63.67216464,8.275277955,3
CE2,38726,30.31717721,64.11453287,11.64724652,2
CE2,38758,30.46302829,80.44086991,10.84487669,1
CE2,38768,30.48420944,84.01815438,9.547059894,5
CE2,38772,30.32057157,85.78074604,9.283049752,2
CE2,38776,30.43506212,86.21918212,8.279861885,2
CE2,38782,30.58327594,91.61705764,10.67040846,2
CE2,38790,30.68984984,93.80825497,10.26518791,2
CE2,38808,30.33839001,105.6981301,9.693642989,2
CE2,38812,30.72703845,108.0279362,12.6310471,2
CE2,38814,30.47743198,108.6315231,10.51284538,2
CE2,38816,30.49352769,109.6961559,9.176210863,2
CE2,38820,30.14730956,111.5698312,11.71508004,2
CE2,38831,30.22378632,119.1018877,11.5205282,2
CE2,38833,30.61458363,121.8730789,12.58312913,2
CE2,38837,30.69323122,122.771578,18.22310598,2
CE2,38844,30.57227355,126.2839818,11.82619546,2
CE2,38846,30.63657757,128.9725976,8.970869202,2
CE2,38847,30.43929994,130.8236629,21.53404482,2
CE2,38857,30.49183353,138.1384675,8.18320623,2
CE2,38867,30.76928082,143.3957682,8.151958053,5
CE2,38871,31.33269485,143.7496628,8.180585047,2
CE2,38872,30.22038862,145.8396069,8.669613688,2
CE2,38880,30.24332085,147.6434863,8.015789887,3
CE2,38881,30.72112304,147.8695856,9.732567536,2
CE2,38889,30.30529603,152.0003219,9.195314566,2
CE2,38891,30.69661247,152.5321468,9.088747605,2
CE2,38892,30.34517714,153.8995562,8.1032939,2
CE2,38901,30.80981606,157.3342998,9.975869954,2
CE2,38918,30.09544158,170.0686067,8.856945166,2
CE2,38925,29.98481243,173.6606368,9.107177466,2
CE2,38926,30.05205564,174.0666326,9.983595606,2
CE2,38938,29.95415484,-177.6721486,9.248432601,2
CE2,38940,29.18465724,-175.0208883,8.595992355,2
CE2,38948,29.86297788,-167.6451352,8.398181889,3
CE2,38950,29.28416545,-166.8410081,17.36248007,3
CE2,38959,29.88684533,-160.7078182,11.44171666,2
CE2,38962,29.62313519,-160.0590115,15.83329415,2
CE2,38971,29.82375466,-152.4699386,16.6632981,1
CE2,38973,29.81010819,-151.5832361,12.70444437,1
CE2,38974,29.33474025,-149.009636,11.77170172,2
CE2,38975,29.91837571,-148.3018468,21.82104772,2
CE2,38980,29.36387366,-144.7314436,12.8714842,2
CE2,38982,29.80243124,-142.5962796,14.87181885,2
CE2,38988,29.30302678,-140.7009775,16.43185307,2
CE2,38989,29.18036592,-139.2903143,8.028449936,2
CE2,38991,29.44351954,-138.5422205,16.50828331,2
CE2,38998,29.96096846,-134.9256144,9.47585456,2
CE2,38999,29.52566913,-134.5186356,18.12996221,2
CE2,39005,29.94393355,-126.8745125,23.98639365,2
CE2,39007,29.86724034,-123.7907144,9.979964019,2
CE2,39012,29.9592651,-121.2505376,10.01766758,2
CE2,39014,29.15118018,-121.1109459,9.020173333,2
CE2,39019,29.4195467,-118.5776505,12.57012481,2
CE2,39027,29.44009519,-114.9915186,10.32418005,2
CE2,39028,29.50684906,-114.5530826,8.262061599,2
CE2,39031,29.49315954,-113.2731638,12.3692248,5
CE2,39035,29.43067765,-110.8745449,9.509941783,2
CE2,39039,29.40156336,-109.9898084,14.32745611,2
CE2,39041,29.2661582,-107.0485512,12.46628494,2
CE2,39043,29.86553538,-105.9691727,8.406470134,2
CE2,39047,29.99162395,-102.1549755,11.70938851,1
CE2,39053,29.4135526,-98.82246807,8.037907382,2
CE2,39062,29.67781171,-95.41230049,12.37527095,4
CE2,39095,29.92007977,-84.19089289,8.089755427,2
CE2,39099,29.95841341,-83.21768277,12.56995884,2
CE2,39121,29.38015047,-73.67334232,12.59878965,2
CE2,39174,29.83910471,-46.17474971,10.02392198,4
CE2,39365,29.47604505,38.27334659,9.458979219,1
CE2,39375,29.78025005,45.83391127,10.33483311,2
CE2,39402,29.46063952,58.94963795,8.641739437,4
CE2,39416,29.17264109,67.51093789,8.397843671,2
CE2,39421,29.59493101,71.04398553,8.770261398,2
CE2,39439,29.70855419,85.59888355,11.52910021,2
CE2,39470,29.9345631,104.871393,9.779923898,1
CE2,39483,29.47946818,109.5850724,16.23075344,2
CE2,39487,29.74611556,111.4557985,11.64319103,2
CE2,39503,29.24643234,123.6189589,12.47642146,2
CE2,39504,29.24042806,125.4670751,10.62757514,2
CE2,39508,29.57355895,127.261124,9.704763861,2
CE2,39513,29.61800774,129.5948622,9.466182189,1
CE2,39514,29.2301342,130.3056005,10.48764358,1
CE2,39518,29.23442343,130.8393916,8.142196016,2
CE2,39523,29.18980658,132.499747,8.0800201,2
CE2,39526,29.79219438,134.8787051,10.12181169,2
CE2,39533,29.55047205,137.8514196,8.168442664,2
CE2,39542,29.41183994,141.2016217,14.57403442,2
CE2,39547,29.69062222,144.3493175,9.409957868,2
CE2,39548,29.72562928,145.744252,9.923899349,2
CE2,39552,29.60433328,146.5798364,9.83459613,2
CE2,39579,29.84933677,161.2782584,11.39928123,2
CE2,39581,29.96607836,162.1944521,10.81381623,1
CE2,39585,29.23785469,163.6975211,9.010484429,2
CE2,39587,29.47091013,165.2458099,8.641874369,2
CE2,39601,29.42639666,173.2104043,11.07349558,2
CE2,39603,29.41697784,175.5588881,10.18370503,2
CE2,39608,29.22327104,-179.0680661,13.49061579,2
CE2,39611,29.12799736,-175.815185,11.45927969,2
CE2,39620,28.36437239,-169.8117565,8.724356852,2
CE2,39622,28.63822897,-168.5416682,9.01566844,2
CE2,39624,29.07044704,-168.1356724,9.794264923,2
CE2,39626,28.52168925,-168.1268251,13.7399908,2
CE2,39634,28.83906353,-161.7272313,9.822360342,5
CE2,39636,28.60457521,-160.4944984,16.48755818,5
CE2,39640,29.07216543,-159.3394258,9.458955787,2
CE2,39642,28.37388719,-157.9582539,12.01389939,5
CE2,39643,29.0206014,-158.3160806,12.22251848,2
CE2,39644,28.85370157,-157.9965925,15.22578173,2
CE2,39645,28.75722481,-157.3005998,10.11288322,1
CE2,39649,28.8786676,-154.661136,9.958809623,2
CE2,39652,28.77445935,-152.211399,18.08264507,2
CE2,39653,29.00512717,-151.6490998,16.57258896,2
CE2,39655,29.49743772,-150.9550732,11.93032871,1
CE2,39662,29.13486689,-146.7948457,18.16913673,2
CE2,39665,28.78479871,-143.7159628,16.6233717,2
CE2,39674,28.63736619,-140.1376953,10.19465049,2
CE2,39675,28.51391535,-139.0976384,9.159320982,2
CE2,39676,29.02747809,-139.5793282,8.51271235,2
CE2,39677,28.53809895,-138.3397141,12.97897107,2
CE2,39679,28.55882332,-137.7223647,8.57091439,2
CE2,39693,28.62010905,-125.3134441,12.95250861,3
CE2,39696,28.72619546,-123.1900766,8.358441112,2
CE2,39699,28.77015099,-121.112912,16.07396289,2
CE2,39701,28.73136766,-119.6796389,8.610213365,4
CE2,39702,28.32024717,-119.44076,10.78554622,2
CE2,39704,28.98019158,-118.3082974,9.237109629,2
CE2,39710,28.64340551,-114.68481,20.55407562,2
CE2,39717,28.59162858,-110.8263759,11.47927204,1
CE2,39720,28.83131314,-109.9396734,11.0923503,2
CE2,39727,28.55536954,-107.6708158,11.15970936,2
CE2,39731,29.07388378,-105.8738178,9.050796029,2
CE2,39737,28.75291573,-104.3392915,12.97469272,4
CE2,39741,28.87436354,-103.2490996,8.397328321,2
CE2,39785,28.98277141,-85.97904361,9.798539048,4
CE2,39786,28.33322708,-85.75884253,9.607476583,2
CE2,39792,28.46812408,-82.37128488,8.419253802,4
CE2,39798,28.61234242,-80.06802093,9.631321544,4
CE2,39809,28.42577108,-75.85569228,8.116069236,1
CE2,39882,28.76584244,-45.599671,10.11204838,4
CE2,39997,29.21383346,3.26825654,10.01493345,2
CE2,40086,29.20353691,41.94991815,13.92949697,2
CE2,40097,28.4879982,48.27381785,10.87453001,1
CE2,40119,28.49491006,62.61441303,11.56187782,2
CE2,40121,28.92427965,62.77563168,9.31862336,2
CE2,40124,28.56141358,64.00639841,9.282872952,2
CE2,40132,28.92772126,68.74661983,8.193164237,2
CE2,40154,28.59508117,82.553424,12.8101015,2
CE2,40155,28.70205516,83.22385764,14.96613035,2
CE2,40156,28.42317749,83.55121013,10.37071841,2
CE2,40171,28.94492757,91.7979371,8.404220153,1
CE2,40191,28.70895296,104.1321466,9.807331022,3
CE2,40198,28.6063013,110.6094006,8.596910402,2
CE2,40203,28.71326385,115.5963652,20.50692315,2
CE2,40204,29.13486689,115.6986014,11.10276051,2
CE2,40208,28.3946438,122.0490432,8.942089093,2
CE2,40210,28.8382024,122.5867663,12.80953602,2
CE2,40212,28.32457398,122.9996434,12.10492602,2
CE2,40214,28.97589174,124.7563368,9.539533867,2
CE2,40217,28.6649717,126.6074021,14.96972818,3
CE2,40230,29.11683339,136.8438031,9.767270317,2
CE2,40237,28.27264061,139.2266933,8.735977688,5
CE2,40241,29.04294898,141.8612419,8.983116969,2
CE2,40243,29.00426742,144.7759571,10.55366404,2
CE2,40251,28.75722481,147.3603706,8.81947427,4
CE2,40260,28.96729151,152.779873,12.86044354,2
CE2,40270,28.50354925,161.342156,10.8449796,1
CE2,40276,28.60112293,163.0084097,8.47907078,2
CE2,40286,28.75205389,166.6643374,8.084353923,2
CE2,40291,28.93976598,168.5655378,8.208747853,2
CE2,40293,28.37302225,169.5731543,11.46978129,1
CE2,40294,28.99824899,170.5994486,10.67647971,2
CE2,40299,29.03263531,173.0747447,11.37547819,2
CE2,40301,28.56314039,174.2396477,9.112004372,2
CE2,40302,29.06013613,174.1845974,9.192588271,1
CE2,40304,28.31418933,177.1868032,11.68824527,2
CE2,40315,27.79106012,-171.42296,9.01766058,2
CE2,40327,28.04990643,-163.7326339,11.28670267,2
CE2,40331,28.27523788,-161.1944233,15.9904991,2
CE2,40332,28.0542442,-160.3608049,11.69581696,2
CE2,40344,27.90926819,-153.4362675,18.3779243,3
CE2,40346,27.54292777,-151.7120144,8.419598295,5
CE2,40347,27.70667132,-152.3067539,9.000488404,2
CE2,40352,27.78932081,-149.277023,9.208679016,2
CE2,40367,28.07246091,-138.701473,8.568713353,2
CE2,40369,27.64311914,-137.6388062,12.66218783,2
CE2,40370,28.15223103,-137.2868777,17.57501941,2
CE2,40371,28.00999077,-136.5604108,12.36065501,2
CE2,40372,27.96832386,-136.10428,9.903985996,2
CE2,40383,27.93532614,-128.7029679,14.57521431,2
CE2,40384,27.53595453,-127.3503041,9.990969984,3
CE2,40388,27.93880006,-125.4677815,11.13315972,3
CE2,40403,27.99870757,-118.7093779,13.54929383,1
CE2,40404,28.10108093,-117.716507,17.92448095,1
CE2,40407,27.41385128,-116.6843144,8.287239639,2
CE2,40415,28.23280787,-110.7939356,10.17545116,2
CE2,40424,27.51067283,-103.9372279,10.5103083,2
CE2,40430,28.06725645,-100.7718374,12.1131196,2
CE2,40438,27.92664086,-98.73399442,10.30139017,5
CE2,40545,27.95616798,-47.60703975,8.577971351,3
CE2,40573,27.59869774,-36.6363075,9.628346252,4
CE2,40677,27.7858421,4.75461381,9.375209434,4
CE2,40760,27.65008556,37.05929154,8.240440274,2
CE2,40768,27.70406032,42.28906714,12.37454018,1
CE2,40776,28.24233444,48.00741387,9.020413655,2
CE2,40777,27.79975628,49.39939925,9.061052724,2
CE2,40779,28.65548312,50.6449116,8.545019834,2
CE2,40787,27.83192601,58.77170762,8.51634718,2
CE2,40791,27.91100558,62.52987155,8.273035664,2
CE2,40792,27.72668695,62.856241,9.23268874,2
CE2,40801,27.39028724,72.24132889,9.239306456,2
CE2,40808,28.47676546,75.56302283,8.67775449,2
CE2,40809,28.24493245,76.72497673,16.96374454,2
CE2,40812,28.34014905,77.8063213,24.61614953,2
CE2,40846,28.00217945,102.4029783,9.071498252,2
CE2,40869,27.79366904,122.1326016,9.849197454,2
CE2,40871,27.88059719,122.7656797,9.081714069,2
CE2,40872,27.41734182,124.3179007,9.478141966,2
CE2,40874,27.74495888,123.9443453,8.547204841,2
CE2,40875,28.24753039,124.7150491,9.333662794,1
CE2,40876,27.98481894,125.9566293,10.6328929,4
CE2,40879,27.77540529,127.0035674,11.08457221,2
CE2,40885,27.92229795,130.3439391,10.42973856,2
CE2,40889,28.32197791,132.136022,10.29418086,2
CE2,40891,28.6692844,134.1129165,8.211075943,2
CE2,40893,28.18689518,135.168702,8.202631158,2
CE2,40894,28.14963077,136.3768588,8.198393285,2
CE2,40899,28.02995045,139.0713729,10.13514717,2
CE2,40915,27.68142899,149.5741779,9.021609228,2
CE2,40928,27.65705155,156.1969219,10.78832741,2
CE2,40933,27.55077213,159.6355977,8.703557428,3
CE2,40936,27.82931801,160.5301645,9.252375167,3
CE2,40937,28.11668863,161.8700488,8.5178559,5
CE2,40939,27.62831401,160.9754819,9.791014123,2
CE2,40947,28.05597926,164.9823551,10.55919126,2
CE2,40951,27.48189692,167.8203931,13.10470935,2
CE2,40953,28.15656467,169.8837951,8.751617731,2
CE2,40958,27.72668695,172.6195969,10.25361049,2
CE2,40961,27.94227387,176.1713223,12.67870852,5
CE2,40962,27.4391552,176.8034174,11.04774796,2
CE2,40963,28.20508936,177.7687632,9.00632395,2
CE2,40964,27.71624447,178.637771,8.500361669,5
CE2,40978,26.84868828,-170.3121242,11.22603355,2
CE2,40979,27.2601584,-169.264203,10.65898496,2
CE2,40982,27.05373651,-166.1263376,11.36607027,2
CE2,40983,26.9048069,-166.4733509,15.9329245,1
CE2,40992,27.30908379,-160.9702901,9.19838996,2
CE2,40993,27.36759119,-160.6508019,10.33848647,5
CE2,40994,27.03622562,-160.0137916,14.99885293,2
CE2,40995,27.19984572,-159.1280721,9.567697739,2
CE2,40996,27.06949399,-157.8117809,8.659924483,2
CE2,41001,26.56504066,-154.1725648,8.389767492,2
CE2,41003,27.19459959,-152.9585098,8.423184085,5
CE2,41004,26.77499035,-151.9577745,9.627521108,2
CE2,41006,26.81535467,-151.2804596,9.983598823,3
CE2,41007,26.76358043,-150.1922337,10.80307441,5
CE2,41022,27.34925638,-138.3633071,10.46107542,2
CE2,41025,27.21121147,-135.3060511,13.72090573,2
CE2,41035,26.82500488,-125.430426,8.953484125,2
CE2,41037,27.11850306,-123.5852589,11.67867954,2
CE2,41038,27.19984572,-123.9499669,11.20838133,2
CE2,41040,27.42170484,-122.8037417,14.9071263,2
CE2,41047,27.38068563,-119.29527,10.38622794,2
CE2,41050,27.21033723,-117.935725,8.398304391,2
CE2,41053,26.99506426,-114.1185786,13.1602448,2
CE2,41060,26.84167149,-111.5430125,13.82195286,2
CE2,41061,26.95564032,-111.0121706,8.745935882,2
CE2,41062,26.80131654,-109.8502167,11.10069635,5
CE2,41064,26.92672067,-109.0401913,11.21828381,2
CE2,41070,26.78903174,-103.8684151,12.95448776,5
CE2,41086,26.87587421,-96.40517142,8.462707296,2
CE2,41110,26.79078679,-83.42018912,9.673253482,2
CE2,41115,26.82675938,-80.21547701,8.639940953,2
CE2,41122,27.29685446,-78.94047345,10.55535334,2
CE2,41320,27.080873,5.74748474,19.65817685,2
CE2,41387,26.69509691,42.15144146,9.176169476,1
CE2,41393,27.37282916,44.41145163,12.00282283,1
CE2,41413,27.34052444,61.86828527,9.031767953,4
CE2,41416,27.36933721,64.10371943,14.14920318,2
CE2,41421,26.6924621,65.64611001,10.58903035,1
CE2,41425,27.53856954,67.99655991,17.54329979,2
CE2,41429,27.33179182,70.20545196,8.280226476,2
CE2,41437,26.63887454,74.80608162,8.126479885,2
CE2,41442,27.10975302,81.80434712,9.708849676,2
CE2,41446,26.94249595,83.38114412,9.66111557,2
CE2,41453,26.77674562,88.52736127,8.321295075,2
CE2,41473,27.14649862,101.0748905,8.019006319,2
CE2,41486,26.90305362,107.877531,9.611876133,4
CE2,41488,26.66611071,109.381583,10.59581842,1
CE2,41496,26.69509691,110.9092279,10.7139171,2
CE2,41509,26.83026829,115.3122665,10.13690986,2
CE2,41515,26.59053631,120.250079,9.783893278,2
CE2,41518,27.22345022,127.479359,8.675335104,4
CE2,41520,27.23044319,126.6388594,10.23372349,2
CE2,41521,27.16836527,128.1399623,13.56082618,1
CE2,41522,26.7231977,127.4950877,12.04269916,2
CE2,41523,27.05723837,129.1829683,11.34862673,2
CE2,41526,26.54569534,129.952689,9.383684759,1
CE2,41530,27.08962531,131.747721,9.813217085,5
CE2,41539,26.86096661,137.1613252,8.110618023,2
CE2,41550,27.2400578,142.2436447,9.775473825,2
CE2,41551,26.70651369,142.9563491,10.93865193,2
CE2,41554,26.753925,143.8430516,8.09590867,2
CE2,41571,27.05198555,149.1042845,9.98167799,2
CE2,41574,27.25491512,150.1295958,10.68613494,2
CE2,41589,27.10362758,155.7673332,9.528892171,3
CE2,41612,26.6406319,168.5606226,14.21138277,2
CE2,41617,26.7214416,170.7587012,8.266370309,2
CE2,41628,27.20858871,175.1853327,10.9753025,2
CE2,41641,26.13163215,-174.0407969,9.508784579,5
CE2,41644,25.9284676,-172.1867825,8.707380629,2
CE2,41647,25.74531946,-170.6729,10.14195006,2
CE2,41653,26.07336877,-168.4256694,9.306417131,1
CE2,41655,25.64433444,-166.8115169,9.381995803,2
CE2,41657,25.77542121,-164.9014691,9.53907061,2
CE2,41658,25.91166872,-165.2760076,10.61373701,2
CE2,41660,26.04069327,-162.0565498,8.453000752,2
CE2,41664,26.17486951,-158.1941836,8.280246832,2
CE2,41669,26.19780528,-155.6992268,15.59852563,1
CE2,41671,26.2621777,-154.6640851,11.97168377,2
CE2,41677,26.42779438,-152.1789586,11.17519929,2
CE2,41679,26.07513475,-151.3168321,11.49390463,2
CE2,41682,26.0486422,-150.1892846,10.15500746,2
CE2,41683,26.36967936,-150.7741937,12.17174201,3
CE2,41689,26.21456317,-143.9843328,9.964014909,2
CE2,41691,26.16516456,-143.3502717,8.210621525,2
CE2,41698,25.71521008,-139.8496644,13.4113142,3
CE2,41699,26.44011804,-137.5483665,9.680101825,2
CE2,41701,25.81348013,-137.366504,12.93411359,1
CE2,41707,25.7515175,-132.586961,12.84413471,2
CE2,41713,26.26658546,-126.8548517,18.50060346,2
CE2,41720,25.90813181,-122.883368,12.44865622,2
CE2,41739,25.70901015,-112.4719858,10.14677516,2
CE2,41741,25.66294337,-112.9114049,8.625268478,2
CE2,41743,25.87894826,-111.5017248,8.469581067,3
CE2,41763,26.39874053,-100.2862154,8.044178311,5
CE2,41770,26.2947912,-98.16088179,8.489565871,2
CE2,41775,25.962942,-96.45432344,8.506882836,2
CE2,41779,25.69749513,-94.08519578,8.676011104,2
CE2,41781,26.06012304,-93.16801897,8.964923061,2
CE2,41782,26.38465118,-91.73966108,8.760336469,2
CE2,41870,26.27628196,-46.83142078,8.636075017,3
CE2,41873,25.76833913,-42.57977051,8.480250995,2
CE2,41984,25.8356018,3.27808694,10.47419164,2
CE2,42059,26.07601773,41.73856444,9.011259645,1
CE2,42060,26.89341006,41.18412959,9.545282122,2
CE2,42092,26.47972089,61.82994669,29.43808107,2
CE2,42099,25.69306597,67.44605721,10.00825566,3
CE2,42104,26.30448534,76.36125173,9.729591621,4
CE2,42113,26.57295371,85.80335598,17.73156277,2
CE2,42145,25.77453597,107.8470567,8.257323048,5
CE2,42146,25.9284676,107.3142487,8.199857926,2
CE2,42148,26.18457366,107.3240792,10.42010597,2
CE2,42156,25.91078451,111.0989548,10.00503045,2
CE2,42161,25.98945389,114.0736354,9.427519303,1
CE2,42169,25.84710343,117.2734323,8.754764914,2
CE2,42172,26.03009385,120.1851983,17.01880217,2
CE2,42177,26.17928059,125.5663622,9.798700601,2
CE2,42178,26.14486978,126.4412682,8.380950018,2
CE2,42179,25.72849457,126.3036426,12.94852288,2
CE2,42184,26.21632702,129.8514358,8.56714315,2
CE2,42187,26.50083684,131.3073188,12.91618934,2
CE2,42192,26.01154257,132.6088645,12.60983821,2
CE2,42195,26.19692322,133.5791255,12.4190461,1
CE2,42220,26.31946559,147.7122991,8.512521338,2
CE2,42248,26.03804351,156.7926445,10.36119423,2
CE2,42254,26.15987061,158.5739139,8.804888856,2
CE2,42257,25.84002563,159.1981446,12.3814714,2
CE2,42262,26.36087151,162.2573667,9.828170344,2
CE2,42271,25.98150095,167.7230721,10.10145595,2
CE2,42274,25.65496847,168.9164832,9.237927476,2
CE2,42278,26.39521835,172.2047538,8.41686003,1
CE2,42291,25.84621873,177.4286312,11.56497997,2
CE2,42295,25.29554779,-177.7724187,8.561429572,2
CE2,42297,25.59203666,-176.2831123,10.45261654,2
CE2,42299,25.06958733,-176.1838252,16.27855808,2
CE2,42301,24.89315511,-175.0238374,12.77621092,2
CE2,42303,25.59912922,-174.843941,12.53285263,2
CE2,42306,25.45009715,-173.4902942,9.278053559,2
CE2,42316,25.23776318,-168.0206567,8.431070369,2
CE2,42318,25.24754405,-167.3325283,8.371517696,2
CE2,42325,25.10163868,-164.1838495,11.85319332,2
CE2,42328,25.1870679,-161.4205226,19.94772132,2
CE2,42331,25.06068268,-155.3325527,15.88911782,2
CE2,42335,25.16126746,-153.0518986,23.43055763,1
CE2,42341,25.1808407,-151.6432016,11.11443742,2
CE2,42344,25.48737252,-150.3829436,9.90246102,2
CE2,42349,24.81198281,-148.0845949,11.83400395,2
CE2,42351,25.44654652,-146.6965416,10.8987739,2
CE2,42353,25.19952133,-145.7154672,8.616753561,2
CE2,42358,24.81109051,-144.0325018,9.368337418,2
CE2,42363,25.34708621,-142.1086915,15.10668823,2
CE2,42368,25.25554599,-139.2559079,15.35572849,2
CE2,42370,24.9876402,-138.8774373,10.57765578,2
CE2,42376,25.00991386,-136.0010607,12.92846334,2
CE2,42387,25.21997776,-130.1234614,21.96448327,4
CE2,42391,24.96179771,-127.3611176,10.82310519,2
CE2,42409,24.91722894,-117.9858601,8.903926261,2
CE2,42413,25.01882219,-113.9986477,10.14785381,2
CE2,42415,25.02683913,-112.7895079,11.64391162,2
CE2,42422,25.30799011,-111.2933202,12.24596367,1
CE2,42431,24.90296353,-108.3166735,14.07997146,2
CE2,42432,25.19240524,-105.6585319,8.471584151,2
CE2,42443,25.19596333,-99.83499981,10.07437065,2
CE2,42444,24.94308079,-100.0109641,11.12592516,2
CE2,42449,25.21019468,-96.11910662,17.96123433,2
CE2,42456,25.55834123,-93.47964281,15.58661949,2
CE2,42458,25.79312455,-91.31891974,18.66941371,2
CE2,42461,25.28754849,-89.26436504,15.3544394,4
CE2,42465,24.86996846,-86.13239793,8.421164383,2
CE2,42467,25.54947244,-86.35653117,16.99061942,1
CE2,42469,25.58583032,-85.36366024,16.32920221,1
CE2,42568,25.47139878,-48.50258967,9.47017578,3
CE2,42569,25.60178883,-49.26444608,11.24900869,3
CE2,42579,25.44832185,-43.03491827,12.42727544,3
CE2,42641,24.83518033,-15.37117486,8.154497051,4
CE2,42689,24.86461708,2.4159604,8.372135382,2
CE2,42692,25.24043077,3.09622444,8.008041058,3
CE2,42722,24.75218458,20.99051112,9.083593734,4
CE2,42765,25.00278673,45.98628255,9.639156694,2
CE2,42769,25.53705503,50.35098248,14.95976122,2
CE2,42781,25.31776532,61.11822535,8.049103052,2
CE2,42793,25.36574126,68.37699659,10.08408635,2
CE2,42795,25.39505052,68.74956895,12.25988116,2
CE2,42799,26.13163215,70.51019453,10.57149674,2
CE2,42815,25.24131995,83.13243487,9.609088716,2
CE2,42819,25.65762683,85.60674787,11.70359939,2
CE2,42836,25.01793138,95.97291021,8.482843877,2
CE2,42851,25.06246366,101.1466525,9.417348584,2
CE2,42852,25.01614976,101.9330849,13.45972847,2
CE2,42870,24.85926546,110.9957355,8.582882512,2
CE2,42878,25.57519013,118.2751506,12.45427722,1
CE2,42884,25.13012173,120.4535684,9.083480808,2
CE2,42892,25.05979218,124.324782,12.22019375,2
CE2,42893,25.66914571,124.6924391,15.54805096,2
CE2,42894,25.60001577,125.2734161,11.08013779,1
CE2,42899,24.99031326,127.938439,11.73920417,2
CE2,42900,25.01169558,129.2429337,14.3375611,2
CE2,42912,24.86818469,137.8966395,9.52050577,2
CE2,42913,25.21197348,138.0185365,9.029228356,2
CE2,42922,25.57519013,139.0674407,8.543499179,2
CE2,42924,25.1657162,141.0816908,14.3258669,1
CE2,42927,24.81555194,141.3864333,9.416738879,5
CE2,42929,25.45719811,142.5729633,10.13427511,2
CE2,42930,24.95110268,142.3547283,8.267955466,2
CE2,42939,25.1870679,146.4264821,12.34115431,2
CE2,42960,25.21997776,152.4780796,13.63599785,2
CE2,42963,25.48471038,153.870065,17.38507201,2
CE2,42970,25.23954158,157.8513791,8.831042961,2
CE2,42976,25.24843318,160.1811851,12.6663378,2
CE2,42994,25.03396487,169.8995238,12.2748664,2
CE2,43004,25.48648514,175.8577324,9.033072218,2
CE2,43007,25.40037871,177.1927014,11.09570979,2
CE2,43011,25.46252356,179.2108836,8.065977726,2
CE2,43012,25.07136818,179.4251865,9.348566468,3
CE2,43028,24.7173634,-167.8260147,10.1361355,2
CE2,43030,24.68431891,-163.6520246,9.967649157,5
CE2,43035,24.36324444,-157.8176791,10.23971392,2
CE2,43036,23.85807906,-156.7884357,8.513856104,2
CE2,43037,24.25484268,-155.1860796,11.0314236,2
CE2,43038,23.8805531,-155.2863497,8.626145965,5
CE2,43039,24.7012888,-153.4097254,13.18506598,2
CE2,43040,24.86461708,-152.6537672,17.9854414,2
CE2,43044,24.74772087,-149.5719352,13.56457617,2
CE2,43045,24.39726883,-149.1246517,9.229151519,2
CE2,43047,24.09700238,-147.7660897,12.80781401,4
CE2,43048,24.35876686,-147.0995883,19.29400492,2
CE2,43049,24.38831593,-146.4645441,15.27325649,1
CE2,43055,23.9470534,-143.4869143,8.261936143,2
CE2,43062,24.84945357,-139.938138,16.47459262,1
CE2,43064,24.59585951,-138.4547299,10.00140117,2
CE2,43069,24.31756574,-137.9268371,12.99515696,2
CE2,43074,24.5046541,-134.819446,8.395352122,2
CE2,43084,24.37578081,-131.7494105,18.25403959,2
CE2,43085,24.34802003,-130.7280314,8.379302032,3
CE2,43086,24.26738977,-130.4400005,10.65440719,2
CE2,43098,24.10866771,-124.7934157,16.57185709,2
CE2,43099,24.48855214,-123.5085817,9.472950859,2
CE2,43102,25.24487661,-124.0944739,8.633752479,2
CE2,43109,24.55920648,-119.3277104,13.02433173,2
CE2,43110,24.40084981,-118.955138,12.70416813,2
CE2,43112,24.26111638,-117.741083,10.68778395,2
CE2,43118,24.66466668,-112.7649318,8.379951867,5
CE2,43123,24.37578081,-108.1515227,10.06600673,2
CE2,43139,24.56278286,-98.00654443,8.646970784,2
CE2,43144,24.8441013,-96.47005209,15.31273714,3
CE2,43198,24.60032866,-74.18255731,8.437749564,2
CE2,43205,24.54489995,-73.6123938,10.29843458,2
CE2,43263,24.52075399,-49.2673952,9.513206054,5
CE2,43344,24.20374532,-7.8401014,8.368527929,3
CE2,43367,24.86104936,2.81900702,21.80386371,2
CE2,43438,24.11674308,37.05142722,9.965964004,2
CE2,43461,23.97041024,50.59281045,8.358507873,2
CE2,43462,24.19208867,51.6564603,8.218961467,5
CE2,43466,24.03596642,54.22219607,10.2878815,2
CE2,43481,24.10507849,65.66577082,8.864775237,2
CE2,43483,24.7012888,66.13664723,11.96709803,2
CE2,43489,24.19119196,67.97493301,8.981266853,2
CE2,43498,24.39637357,73.06904901,10.18288966,2
CE2,43502,24.91098803,74.34306953,11.72770113,2
CE2,43523,24.48318437,93.00904302,8.608799428,2
CE2,43525,24.01441739,94.68512712,9.478473565,2
CE2,43536,24.27187057,102.7794828,9.977855274,2
CE2,43541,23.84369362,104.773089,9.152539816,3
CE2,43552,24.12122918,108.0849525,8.34869662,4
CE2,43556,24.5270145,109.1505684,8.244483837,2
CE2,43559,24.29785611,111.4420359,15.18212263,2
CE2,43562,24.14814248,116.1144275,22.34453314,2
CE2,43563,24.60926648,116.0633094,10.29129493,2
CE2,43565,24.22615897,117.1417049,10.54119297,2
CE2,43568,24.13737784,117.9772893,11.30827546,2
CE2,43569,24.03147734,118.2456594,10.85469414,2
CE2,43577,24.54400574,125.9792392,9.61507077,2
CE2,43581,24.44202381,128.4358575,9.715656748,2
CE2,43592,24.53416899,132.257919,8.980199524,1
CE2,43594,24.67806626,132.9834029,9.433965907,2
CE2,43596,24.15711231,133.6548196,8.909724214,2
CE2,43598,24.82625872,133.470991,16.14106707,2
CE2,43600,24.67985277,135.1352786,9.116032651,2
CE2,43601,23.96861371,134.5828099,10.05091989,2
CE2,43602,24.28351992,134.633928,8.969154627,5
CE2,43621,24.66377332,140.8850827,11.09297685,2
CE2,43622,23.96142734,141.0561317,8.408699693,2
CE2,43629,24.10777041,144.8162617,9.085084864,2
CE2,43649,24.79056586,151.371176,31.70950268,2
CE2,43651,24.54489995,153.3923073,10.11910664,2
CE2,43654,23.91111154,154.1295877,8.580475189,2
CE2,43658,24.40980183,156.5075627,11.45455727,1
CE2,43659,24.5422173,157.9447679,8.858761835,2
CE2,43662,24.22615897,158.4982198,9.468114454,5
CE2,43672,24.68521212,162.6466508,9.645214739,3
CE2,43673,24.20105542,162.2436042,8.140343593,2
CE2,43675,24.19926212,163.1529166,13.15939118,1
CE2,43676,23.88774397,164.2588372,8.446333285,2
CE2,43677,24.70843332,164.2784981,10.67480947,2
CE2,43687,24.51807082,171.3268986,8.077601627,2
CE2,43698,24.39010656,175.8891897,11.50833773,2
CE2,43699,23.97759611,175.7830213,9.278753408,2
CE2,43703,24.66645338,177.3981569,9.915990013,2
CE2,43706,24.07277099,178.661364,16.97450831,2
CE2,43710,23.57817684,-178.8832545,12.86592873,2
CE2,43721,23.49075354,-170.6178498,11.53646433,2
CE2,43722,23.45468579,-169.4942345,11.44823716,2
CE2,43724,23.22452274,-168.8129874,10.89615109,2
CE2,43727,23.76454521,-167.2794442,22.90356405,2
CE2,43731,23.13867395,-160.0934179,8.163950694,2
CE2,43736,23.71145281,-158.1912345,10.63456203,2
CE2,43737,23.01658371,-157.5581564,10.24709042,2
CE2,43739,23.46821235,-156.601658,21.40703917,2
CE2,43740,23.21277827,-154.4714092,13.75789829,2
CE2,43745,23.4204123,-151.6314051,9.822504637,2
CE2,43746,23.06362419,-150.8095832,8.244244334,2
CE2,43747,23.75914697,-150.8262949,10.69659563,5
CE2,43749,23.64663281,-150.4704342,10.39405061,5
CE2,43750,23.01025009,-150.5156541,9.284658019,2
CE2,43751,23.20645389,-150.1558612,9.140464394,2
CE2,43754,23.3996635,-148.4709298,10.61194286,2
CE2,43759,23.73755178,-146.4321037,10.94603281,1
CE2,43770,23.53312054,-137.753822,8.187762081,2
CE2,43771,23.79692993,-137.4333508,10.76850755,2
CE2,43777,23.74745002,-134.332841,11.02567472,2
CE2,43778,23.30670512,-134.9442922,10.05259015,3
CE2,43780,23.82391104,-133.8344394,13.41808598,2
CE2,43782,23.23807277,-132.6135031,11.46279941,3
CE2,43784,22.9785775,-130.2669853,8.076660182,2
CE2,43792,23.57637488,-125.4825271,10.28927462,2
CE2,43794,23.90392197,-126.11069,19.24231883,1
CE2,43795,23.27058724,-125.0028033,17.3750497,2
CE2,43797,23.13867395,-123.5134969,19.38435807,2
CE2,43800,23.69615099,-121.9681572,12.1823981,3
CE2,43806,23.17482752,-118.9266298,14.10666796,2
CE2,43811,23.97220674,-115.2795495,13.50668372,1
CE2,43813,22.92154814,-113.8423443,8.25070363,2
CE2,43835,23.34822856,-100.3225879,12.92615237,2
CE2,43849,23.45378397,-96.34618898,10.2138127,2
CE2,43851,22.96952683,-94.0252303,9.722046699,2
CE2,43852,23.00482103,-93.73523335,9.315718202,2
CE2,43902,23.86077615,-70.4951723,14.91610987,2
CE2,43924,22.96228585,-62.09410797,9.384816042,4
CE2,44052,23.21729549,-4.98338563,8.185636443,2
CE2,44070,23.48985196,3.35378106,8.685509563,2
CE2,44129,23.6880493,32.81255647,9.187176266,4
CE2,44158,23.30760794,42.47387875,8.720892952,1
CE2,44170,23.3428132,46.85332429,14.9008129,1
CE2,44175,23.45378397,51.31239611,12.08310101,2
CE2,44177,23.79603047,54.40897377,8.942012064,2
CE2,44184,23.78613592,57.86534425,8.637871493,4
CE2,44192,23.40146788,62.9240708,18.23234789,2
CE2,44194,23.09798952,63.72033362,13.34941021,2
CE2,44203,23.32205225,69.57925515,9.139714042,2
CE2,44208,23.64933428,72.93732158,9.721673653,2
CE2,44212,23.14771326,76.24328687,10.43398619,2
CE2,44213,23.54303425,75.94247647,9.168363549,2
CE2,44214,23.25252463,76.87144976,9.757900707,2
CE2,44218,23.36176601,81.46224902,9.670052799,3
CE2,44229,23.68714908,90.39612131,9.313951724,2
CE2,44234,23.21548862,93.90557598,9.431569325,2
CE2,44236,23.48354078,94.72444874,10.20486704,2
CE2,44237,23.38161843,95.30444265,10.89754485,2
CE2,44245,23.15855962,98.64776347,9.321795881,2
CE2,44253,23.00753559,103.5668983,8.41977792,2
CE2,44265,23.18928622,110.1404903,8.655870121,2
CE2,44266,23.40146788,111.5246113,10.93146147,2
CE2,44272,23.25252463,113.2606609,8.503877513,2
CE2,44280,23.5727709,115.8755487,8.392171038,2
CE2,44282,23.83560111,116.7897764,13.0548926,2
CE2,44284,23.28142364,119.6514073,8.674434862,2
CE2,44287,23.78253772,123.4203847,9.327835405,2
CE2,44294,23.78073858,125.2881617,9.868746266,2
CE2,44295,23.32114953,124.7759976,17.41772187,1
CE2,44297,23.81311927,125.6086329,9.36766329,2
CE2,44298,23.62141635,126.1316105,12.30175765,2
CE2,44301,23.3599611,127.9345068,10.31816127,2
CE2,44304,23.35364371,128.8556158,13.88624392,2
CE2,44326,22.97043192,139.1205249,8.768774353,2
CE2,44331,23.51599509,141.791446,8.019015829,2
CE2,44337,23.74385074,145.7344216,9.134785688,2
CE2,44338,23.53041667,146.0637402,8.16617692,2
CE2,44339,23.12149758,146.3920757,10.53472566,1
CE2,44354,23.52410742,150.6545394,10.5035495,2
CE2,44358,23.29948233,151.4783274,8.027305422,2
CE2,44367,23.35364371,154.1423672,8.019798978,2
CE2,44370,23.67004374,155.2070001,8.152304684,2
CE2,44374,23.68264789,157.7343973,9.507847706,1
CE2,44380,23.33920283,159.9039677,10.86177245,1
CE2,44385,23.3337871,161.4709343,10.41664855,1
CE2,44388,23.3148303,162.6535321,8.890004605,5
CE2,44392,22.98038757,164.7257815,9.553138355,1
CE2,44393,23.16940511,164.3925308,9.722890816,2
CE2,44400,23.55925507,167.2974155,12.87032008,2
CE2,44409,23.08532963,169.6763736,10.53178119,2
CE2,44412,22.91702097,171.0388677,8.07852114,5
CE2,44416,23.08080795,172.7129858,8.798506608,2
CE2,44419,23.73305233,173.2752849,9.823241065,5
CE2,44422,23.63582635,176.1025095,12.77998326,3
CE2,44427,23.30941357,178.2376735,13.84604536,2
CE2,44429,23.16669382,178.5935342,12.72668657,4
CE2,44433,22.73671711,-173.024333,9.771094919,3
CE2,44434,22.87536393,-171.4927558,10.47632231,2
CE2,44435,22.61335732,-170.7358146,11.30811173,2
CE2,44436,22.80288645,-169.9965682,10.32812806,2
CE2,44442,22.68321436,-156.8425029,12.44780378,2
CE2,44448,22.41447926,-155.0425557,9.669325881,2
CE2,44450,22.79654284,-152.7491222,11.02360903,2
CE2,44451,22.79019893,-153.5807744,9.768270614,2
CE2,44456,22.89076041,-151.557677,10.1768665,2
CE2,44457,22.10515455,-151.1634778,9.937990189,2
CE2,44459,22.58522303,-148.912315,8.917452938,2
CE2,44466,22.5625299,-145.3655048,10.17565156,2
CE2,44470,23.03196414,-144.1809409,8.986883323,2
CE2,44474,22.24261547,-141.1718539,19.26748366,2
CE2,44475,22.73671711,-137.8383635,10.8617488,2
CE2,44480,22.22077636,-133.6201366,9.848490428,2
CE2,44482,22.83641209,-132.9811602,8.282050565,2
CE2,44487,22.64511492,-132.005001,12.35219709,2
CE2,44491,22.20803531,-128.0384325,10.00968132,2
CE2,44492,22.13793888,-126.2296379,9.741349949,2
CE2,44496,22.08420501,-122.2856793,11.1620463,2
CE2,44498,22.89709964,-120.8121016,10.25566967,2
CE2,44500,22.78657371,-120.4709865,10.04104564,2
CE2,44501,22.291741,-120.2674971,14.14362268,2
CE2,44502,22.39721152,-118.8755117,16.65960808,2
CE2,44503,22.99215238,-118.2473488,17.35417264,2
CE2,44504,22.50260209,-117.6073895,9.269259771,2
CE2,44505,22.32175367,-116.9192611,10.64542756,2
CE2,44506,22.1962033,-117.304613,12.58841201,2
CE2,44507,22.68593534,-116.3127251,10.41844342,2
CE2,44511,22.20985553,-113.3370614,14.84761121,2
CE2,44513,23.30309378,-113.156182,10.33915164,2
CE2,44516,22.5107756,-110.8833923,9.982782053,4
CE2,44517,22.43901392,-110.4960743,10.0119367,2
CE2,44518,22.26990956,-109.9229617,9.504830046,2
CE2,44527,22.12792226,-100.7403801,8.994281005,3
CE2,44539,22.28355461,-95.05545678,8.089013965,2
CE2,44544,22.35539656,-90.20710091,11.48720885,2
CE2,44545,22.26536091,-89.0716891,10.19744297,2
CE2,44549,22.9287913,-87.21177643,10.7700605,5
CE2,44554,22.22623646,-84.09357188,9.486363122,2
CE2,44557,22.79744909,-83.62957675,13.12261314,2
CE2,44561,22.79473032,-83.07809102,14.13906529,2
CE2,44591,22.48897852,-73.71364698,9.890868109,2
CE2,44823,22.36448784,37.93812977,10.39189654,4
CE2,44846,22.57614622,50.33918599,9.239250591,2
CE2,44850,22.97133701,52.2895384,12.32265687,1
CE2,44854,22.65418717,55.09415301,8.511665732,2
CE2,44866,22.3199349,62.95061289,10.4674917,2
CE2,44868,22.59157643,69.31874941,8.297765602,3
CE2,44874,22.70498071,70.98696918,12.83942351,2
CE2,44879,22.06780755,72.9353555,8.352548134,2
CE2,44880,22.5016939,73.15457354,9.365714511,2
CE2,44884,23.05096106,74.35486602,17.60036317,2
CE2,44891,22.84094194,78.18380887,26.54077122,2
CE2,44892,22.0596081,80.80557795,9.618550147,2
CE2,44899,22.53892508,84.3848285,16.92361738,2
CE2,44915,22.90162747,92.20196675,8.325453983,2
CE2,44920,22.88351523,95.19434211,13.02381445,2
CE2,44923,22.85543647,99.08325043,10.18107461,2
CE2,44927,22.63876399,100.9982134,10.96688717,2
CE2,44934,22.07418456,104.3464494,9.243708203,2
CE2,44940,22.55708299,106.9259477,10.47871141,4
CE2,44941,22.29901739,107.5924492,8.761238273,2
CE2,44944,22.22441645,109.3727356,11.7212178,2
CE2,44945,22.30538392,109.9202892,8.036399132,5
CE2,44961,22.6877493,117.7767491,27.37323098,3
CE2,44962,22.34903231,118.8964322,11.78299823,2
CE2,44967,22.10333297,121.6204375,10.43972337,2
CE2,44969,22.48443702,123.4980449,9.087720054,2
CE2,44982,22.82735192,129.0944946,12.21350616,2
CE2,44987,22.16889486,132.0023285,11.60233669,1
CE2,44988,22.90253302,132.1311068,8.40192719,2
CE2,44997,22.67958629,136.9401411,9.548641354,2
CE2,45002,22.69500489,139.365302,19.55297218,2
CE2,45005,22.8418479,141.3382644,9.61390866,2
CE2,45010,22.49987749,143.222753,10.42428343,2
CE2,45016,22.55799082,147.1362374,8.667918857,2
CE2,45017,22.77388466,146.666344,11.27296262,2
CE2,45027,22.1197263,150.4422027,8.564074215,5
CE2,45032,22.89891079,151.1008398,11.34237046,3
CE2,45041,22.56434548,155.3436427,11.29443483,2
CE2,45045,22.61244985,156.8742368,10.35103937,2
CE2,45057,22.73037042,161.0551082,9.575841957,2
CE2,45063,22.20894543,164.0474835,9.66111938,2
CE2,45065,22.67323696,165.4679771,11.11026601,2
CE2,45072,22.20348466,167.333788,11.92096829,5
CE2,45074,22.84365978,168.9577709,8.477403913,1
CE2,45087,22.21440598,173.0619651,11.29616132,2
CE2,45095,22.94418172,177.1425664,11.75615897,5
CE2,45096,22.45627645,176.8584676,11.08059466,2
CE2,45101,22.35903314,178.662347,19.64895508,2
CE2,45105,21.1437957,-178.0427549,10.22713359,2
CE2,45110,21.24736465,-174.5008598,13.57687688,4
CE2,45112,21.90555263,-173.7557151,13.78045653,3
CE2,45116,21.30873845,-169.8029092,8.572644215,2
CE2,45124,21.24736465,-165.9778985,10.2199672,2
CE2,45125,21.90737675,-166.4527071,19.44835199,2
CE2,45128,21.92470471,-159.2588165,9.281527814,2
CE2,45129,21.27118438,-157.6525283,11.8295304,2
CE2,45132,21.18688187,-153.7066036,9.10413769,3
CE2,45139,21.90464056,-152.7392917,11.81749066,1
CE2,45144,21.58962999,-151.678591,11.48317985,2
CE2,45146,21.39205583,-150.3573846,10.20989947,2
CE2,45155,21.43232416,-147.2096888,9.207420487,5
CE2,45163,21.58414544,-144.6272413,10.22775753,2
CE2,45164,21.67552737,-143.8929101,8.648203952,2
CE2,45169,21.74859124,-142.1843856,8.198151527,5
CE2,45170,21.96117773,-142.3347908,8.732504148,2
CE2,45172,21.93200006,-141.7410344,10.54485569,2
CE2,45176,21.81066632,-139.8388509,15.07359825,2
CE2,45177,21.24369973,-137.0391515,9.525349662,1
CE2,45179,21.65360098,-137.2898269,11.79220408,2
CE2,45183,21.18871504,-134.6562613,8.475435044,2
CE2,45184,21.55763388,-135.0416132,13.57324976,2
CE2,45195,21.99126093,-130.4999659,8.831009735,2
CE2,45198,21.85446783,-127.201865,13.23926695,2
CE2,45199,21.98032232,-125.966183,12.86079869,5
CE2,45207,21.70019057,-123.271669,10.54381241,2
CE2,45208,22.06143024,-123.7209185,10.83653638,2
CE2,45209,21.55489103,-122.9217065,10.71773661,2
CE2,45213,21.85629261,-120.3294287,11.36717851,2
CE2,45215,21.43415428,-119.5774027,8.438403874,5
CE2,45219,21.77324191,-117.0273956,9.235621249,2
CE2,45220,21.22720647,-117.1925464,12.95372443,5
CE2,45221,21.97394108,-115.1753472,10.5701255,2
CE2,45224,21.64355027,-112.8514394,13.92977065,2
CE2,45234,21.73124193,-105.4343986,10.01733419,5
CE2,45237,21.94294239,-100.1594032,12.5165563,2
CE2,45241,21.53203192,-98.52952199,8.98190671,2
CE2,45242,21.44238951,-96.85245485,8.088227538,2
CE2,45246,21.1813822,-95.05349069,10.93114376,2
CE2,45247,21.67004608,-95.10755792,9.268175535,5
CE2,45248,22.56343769,-94.66617273,8.274574224,2
CE2,45249,21.14196197,-94.38797226,10.38424918,2
CE2,45251,21.26935223,-92.69910864,8.535635168,2
CE2,45253,21.8727145,-92.15352115,8.788293633,2
CE2,45255,22.03409568,-91.60989973,11.16578129,5
CE2,45263,22.18072917,-87.09676068,19.12400621,2
CE2,45266,21.10253124,-86.74483218,8.875105954,2
CE2,45373,21.38930986,-39.46353205,9.266061352,4
CE2,45386,21.44604946,-35.54808163,10.41081551,4
CE2,45531,21.68100845,29.79658814,8.401150234,5
CE2,45536,22.20621507,32.17063101,25.19722138,2
CE2,45565,21.94567784,49.38661973,18.93461113,2
CE2,45567,22.61063489,52.65326339,8.392758875,2
CE2,45585,21.55763388,66.30179804,14.19562813,2
CE2,45621,21.2620234,84.54703018,9.997685599,2
CE2,45644,21.22537378,97.66963815,8.376829324,2
CE2,45660,21.4442195,104.1360787,9.288662021,2
CE2,45666,22.01586971,110.060864,10.9173607,2
CE2,45668,21.93929504,111.4341716,9.456407882,2
CE2,45675,21.59694239,113.7561133,8.102393152,4
CE2,45678,21.93655947,114.0687202,8.635323711,3
CE2,45697,21.4405595,123.5766882,12.1064584,2
CE2,45703,21.30965428,126.1611017,13.04070229,2
CE2,45704,21.48904704,126.6880114,8.436999015,2
CE2,45706,21.81249165,128.2844692,11.63269223,2
CE2,45707,21.70932402,127.8352197,10.36461647,2
CE2,45710,21.67918144,128.5587375,10.74364249,2
CE2,45711,21.95023681,129.806216,12.45759979,2
CE2,45712,21.45153922,131.21393,10.70545642,1
CE2,45715,21.91193694,130.8030191,8.686597809,2
CE2,45716,21.7568086,130.2613637,8.819380266,1
CE2,45720,21.53751843,132.5872376,14.75241364,2
CE2,45722,21.36734023,133.5594647,12.71629504,2
CE2,45735,21.46617757,139.9973971,8.331717351,2
CE2,45757,21.29774801,146.157129,9.432455646,2
CE2,45776,21.17313233,150.7135218,11.0818658,2
CE2,45781,21.41859757,153.0620057,10.73649548,2
CE2,45782,21.19329788,153.7540662,8.74778134,1
CE2,45783,21.48996174,153.7629136,9.311212825,2
CE2,45784,21.26293953,154.2957215,11.02557078,2
CE2,45787,21.87362678,155.5097766,10.19296418,2
CE2,45797,21.60882426,159.8017315,9.964594489,2
CE2,45805,21.49636451,162.8540723,9.585288866,2
CE2,45811,21.76867729,165.0727948,13.87746617,5
CE2,45812,21.97211781,165.6921103,15.41375204,2
CE2,45814,21.87727581,166.9513852,12.11517918,2
CE2,45824,21.93108816,172.1978725,8.286941247,2
CE2,45834,21.80884097,177.6262223,8.121091213,2
CE2,45839,22.03136194,179.0762071,14.96296088,2
CE2,45842,20.96949004,-179.0179311,12.79043786,2
CE2,45849,20.6727042,-172.5564057,11.82030423,2
CE2,45850,20.20383691,-173.1806364,8.383140296,2
CE2,45857,21.05666839,-167.6313727,10.02320363,2
CE2,45858,20.90154744,-166.7682631,11.52842534,2
CE2,45859,20.51902929,-167.3895447,12.44793914,2
CE2,45860,20.26655793,-163.9911736,8.072067835,2
CE2,45862,21.20887847,-160.7815463,13.62824092,2
CE2,45863,20.37072943,-160.2556196,9.656550994,2
CE2,45865,20.86664603,-159.0690897,10.07444565,2
CE2,45866,20.62394991,-158.0939135,16.68253907,2
CE2,45869,20.54940846,-156.3962025,10.14879727,2
CE2,45870,21.13646064,-154.8479137,13.26149319,3
CE2,45871,20.79038583,-155.5498046,20.65843721,2
CE2,45875,20.32925361,-152.5829883,8.199822868,2
CE2,45882,20.67454368,-148.9712974,9.563244657,2
CE2,45885,21.02363838,-147.6205997,9.991842131,2
CE2,45894,20.75362016,-142.921666,10.30403963,2
CE2,45895,20.89236365,-142.437027,8.194140007,2
CE2,45897,21.0401543,-143.2824419,8.512109062,2
CE2,45898,20.86480889,-141.5562227,9.852035521,2
CE2,45907,20.63590996,-136.5397669,12.1253336,2
CE2,45908,20.68006198,-135.4348294,17.31614557,2
CE2,45911,20.19553371,-133.3596308,8.00431673,2
CE2,45913,20.8896084,-132.1082202,9.297361565,2
CE2,45920,20.65982723,-129.3586559,12.69849402,2
CE2,45928,20.26655793,-125.1905641,10.5342413,2
CE2,45932,21.39937817,-123.369973,8.042499457,2
CE2,45934,20.42785563,-122.6612008,10.83084728,2
CE2,45935,21.09519414,-122.3594074,12.32434195,2
CE2,45936,20.33939317,-121.9052426,14.33295205,2
CE2,45937,20.36059192,-120.3579369,10.68885615,2
CE2,45938,20.1973789,-120.8907448,9.164827631,2
CE2,45940,20.7223623,-120.8730501,9.729570376,5
CE2,45943,21.12270641,-119.464353,15.89786246,2
CE2,45944,20.42877685,-118.7457504,13.94318776,2
CE2,45948,21.02363838,-112.9812008,11.51934429,2
CE2,45949,20.53836219,-112.4316811,8.562453263,2
CE2,45950,20.85562285,-112.2724285,10.91412395,2
CE2,45951,20.96031041,-111.7238919,8.5156319,2
CE2,45952,20.3688863,-111.3582008,12.65014634,2
CE2,45956,20.87491289,-103.4516059,21.0003204,2
CE2,45958,20.85194828,-102.1028743,10.95577668,4
CE2,45959,20.48772323,-102.3171771,17.21442513,2
CE2,45962,20.63590996,-100.8445824,10.34097366,2
CE2,45964,20.43430403,-100.3864855,10.68421721,2
CE2,45969,20.86205314,-98.00556139,9.576485351,2
CE2,45970,20.24903549,-98.05766254,10.38839971,2
CE2,45977,20.34953207,-93.94560402,10.89133042,2
CE2,45982,20.8675646,-93.27222126,11.95697664,2
CE2,45983,20.9612284,-91.4005121,20.04809328,2
CE2,45984,20.90154744,-90.66519779,9.711416279,2
CE2,45989,20.49785236,-88.86819971,8.76585794,2
CE2,45990,20.83357406,-88.79938687,9.724088674,2
CE2,46016,20.96306436,-79.18328446,9.775465051,2
CE2,46021,20.65798757,-78.48434265,29.61688506,2
CE2,46213,20.24257936,9.04460266,11.62024766,2
CE2,46263,21.0961113,32.3741204,15.21698051,2
CE2,46290,20.39284531,47.63484151,9.927578169,2
CE2,46296,20.45088439,50.4217614,10.48220284,1
CE2,46298,20.63958978,51.38022591,10.36884669,2
CE2,46332,20.75362016,70.31260338,8.680229879,5
CE2,46343,21.33895792,77.40032557,26.16317205,2
CE2,46347,20.70213319,82.26441008,20.64677564,2
CE2,46349,20.86113454,84.10859411,9.099912834,2
CE2,46351,20.78854776,85.8839653,8.066288972,5
CE2,46352,21.07501523,86.23392772,11.56857983,2
CE2,46353,20.61566933,87.58659149,9.288596793,2
CE2,46355,20.82530493,88.6640039,9.027024836,2
CE2,46362,20.68649975,91.79597102,13.26853409,2
CE2,46374,20.96306436,97.26462546,8.840640405,2
CE2,46379,20.47022589,99.69273555,9.475249487,2
CE2,46385,20.46285799,103.6779818,9.315397505,2
CE2,46404,21.02363838,109.9763225,10.096112,2
CE2,46423,20.69017835,121.0846804,18.49575871,2
CE2,46424,20.75729713,122.142432,13.84780032,2
CE2,46425,20.66534607,123.0596088,11.94432593,1
CE2,46427,20.43614638,124.3080703,17.19523323,2
CE2,46440,20.43154047,131.2050826,17.27144522,2
CE2,46463,20.43430403,141.5358555,10.28221329,2
CE2,46467,20.56229477,143.4341068,8.665136061,2
CE2,46468,20.45088439,144.0357276,10.15495096,2
CE2,46471,20.72787886,143.6326809,8.099897909,2
CE2,46481,21.01170908,147.3603706,8.108783583,3
CE2,46483,20.46930492,148.6904244,9.875163596,2
CE2,46488,20.51810862,149.966411,9.946815587,2
CE2,46496,20.35782703,152.4731644,12.06048392,2
CE2,46503,20.51810862,154.5876846,9.555635891,2
CE2,46511,20.93460445,157.8474469,8.610353438,3
CE2,46513,20.27854583,159.6700041,10.44115621,2
CE2,46515,20.83449283,160.8427714,10.63028017,3
CE2,46526,21.06492475,164.6205962,10.75576342,2
CE2,46528,21.56677635,165.6665513,9.729320322,2
CE2,46529,20.35690539,165.3795034,13.48141334,2
CE2,46531,20.91532208,166.4883732,13.35662678,2
CE2,46532,20.26102474,167.7446989,8.304124262,2
CE2,46534,21.11720437,167.333788,11.58661172,2
CE2,46536,20.49232747,169.5790526,11.33358783,2
CE2,46545,20.32095711,172.1762456,9.978739895,2
CE2,46548,20.97040797,176.2244065,11.04278712,1
CE2,46549,20.30712862,176.5114543,12.9317132,2
CE2,46555,20.26748011,177.982083,9.097837868,2
CE2,46557,20.32003525,179.3249163,9.748556478,2
CE2,46558,20.51074302,179.1066813,9.052577458,5
CE2,46562,19.78721231,-179.1781667,12.19289383,2
CE2,46565,19.27487274,-177.63381,9.894528817,2
CE2,46572,19.93976372,-172.7638272,10.66654417,2
CE2,46574,19.71689694,-171.8073288,10.73345899,5
CE2,46575,20.19830149,-171.4868576,10.47418478,5
CE2,46577,20.01182775,-171.0553028,11.66533583,2
CE2,46578,19.86304408,-170.7102556,10.0132971,2
CE2,46584,19.67154563,-167.979369,10.45852143,2
CE2,46585,20.03861238,-166.8616519,11.38676371,2
CE2,46587,19.77611194,-165.3802099,11.87405678,2
CE2,46592,19.64006982,-160.4325669,19.77427264,2
CE2,46595,19.34445322,-157.6250032,10.37411704,2
CE2,46596,19.51317838,-157.4529711,9.785887015,2
CE2,46599,19.29899733,-154.928523,8.355648304,2
CE2,46601,19.58358306,-154.0840912,15.65749485,2
CE2,46608,19.75020808,-150.41735,9.492791546,2
CE2,46615,19.46406223,-147.1379268,10.24367895,2
CE2,46616,19.63729225,-145.9396004,10.00809773,2
CE2,46618,19.73910514,-142.9314964,8.796894668,3
CE2,46619,20.06077552,-142.2089616,8.869283722,2
CE2,46622,19.80756097,-139.9577988,10.85312324,4
CE2,46627,20.21398468,-138.9138098,11.4712138,1
CE2,46628,20.15862521,-138.4173743,10.70348368,1
CE2,46643,19.88060969,-130.6788793,14.17805995,2
CE2,46645,19.37413187,-129.1001162,9.895771931,2
CE2,46648,19.29435826,-126.3584162,8.394316622,2
CE2,46649,19.73170275,-126.982647,15.71990192,2
CE2,46651,19.62340366,-126.0674362,11.74921997,2
CE2,46657,19.60210549,-122.5864897,10.23542618,2
CE2,46659,19.34723582,-121.4127393,8.806643867,2
CE2,46666,19.99797185,-120.1102106,11.16790906,2
CE2,46667,20.1143235,-119.3306595,14.15559423,2
CE2,46668,19.48537862,-118.7457504,11.57649806,2
CE2,46669,20.21029466,-118.4872107,13.51688432,2
CE2,46671,19.8057112,-111.9175509,8.379928695,2
CE2,46672,19.46869646,-112.2822589,15.89943636,2
CE2,46674,19.63821811,-110.198213,19.27405091,2
CE2,46683,19.83807908,-98.51575942,18.00660192,2
CE2,46686,20.70121362,-97.11590972,12.29204644,2
CE2,46694,20.1087849,-92.25772344,9.346483777,2
CE2,46702,20.12355406,-89.62219179,10.22680267,2
CE2,46709,19.33888787,-80.94980828,8.10046006,2
CE2,46737,19.69838775,-70.63967926,8.234169987,4
CE2,46829,19.84547653,-28.25687006,8.600619867,4
CE2,46970,20.27393521,29.67764024,18.79702284,2
CE2,46978,20.01367512,36.29940122,8.998954834,3
CE2,46989,19.93606725,39.31635259,13.66865182,1
CE2,47002,19.40380512,45.94007965,8.071095976,2
CE2,47037,19.86489318,66.80708087,15.3368694,3
CE2,47043,20.0857053,68.92749928,9.220673718,2
CE2,47063,19.68357886,86.49836563,12.95842855,2
CE2,47073,20.00813296,90.20836057,8.617769292,2
CE2,47075,19.95177668,92.08105277,8.927154702,2
CE2,47089,19.72244928,98.53962902,8.182266568,2
CE2,47090,19.57246857,98.74999969,8.08880292,2
CE2,47091,20.11155422,99.27985853,9.522565299,2
CE2,47095,19.64655064,100.3602201,9.954946317,3
CE2,47096,19.80386141,101.6617657,9.440321205,2
CE2,47107,20.08293552,107.684855,20.91314741,4
CE2,47110,19.87321388,109.4159894,11.12661306,3
CE2,47115,19.9083409,111.783151,10.76248576,2
CE2,47131,19.70116427,123.014389,19.28739886,2
CE2,47133,19.55394273,124.105564,10.28557068,2
CE2,47134,20.02383522,124.9155893,11.1153158,2
CE2,47137,20.1143235,125.5938873,12.05930773,2
CE2,47138,19.44830483,125.4778885,16.66406923,2
CE2,47141,19.94808049,126.920992,10.36110773,2
CE2,47149,19.94253603,130.8305442,11.13968109,2
CE2,47156,19.56783731,135.8833725,9.023621177,2
CE2,47173,19.95270072,142.2947628,9.351691854,2
CE2,47182,20.06723917,145.7776754,11.83848677,2
CE2,47201,19.50854542,151.2138895,11.37409784,2
CE2,47204,19.40009626,152.9705829,10.47623965,1
CE2,47210,19.62803332,156.6904082,11.21853366,2
CE2,47211,19.67802517,157.0629806,11.03272769,2
CE2,47214,19.68450446,158.7174378,16.28728539,2
CE2,47216,20.10416925,158.1905281,8.994048898,2
CE2,47226,19.27116095,162.507059,9.370082087,2
CE2,47228,19.31476917,163.8243333,9.895486066,2
CE2,47231,19.58821387,163.9924333,8.820255365,5
CE2,47232,19.89262714,164.1959226,8.952844379,2
CE2,47235,19.45015873,164.9243557,9.456255604,2
CE2,47238,19.29435826,166.3074937,9.829634337,2
CE2,47239,19.74003042,168.6559775,12.49931791,2
CE2,47240,19.96378873,168.1221865,17.89990138,2
CE2,47242,19.90094638,169.0590241,8.55070505,2
CE2,47245,19.60117942,170.6309059,12.88938389,2
CE2,47246,19.37876867,169.9820992,11.57779467,2
CE2,47257,19.87598735,176.0494253,10.51581224,2
CE2,47261,19.30085292,177.2772429,9.798932765,2
CE2,47267,19.70579169,178.8107861,10.37039888,2
CE2,47275,19.01763333,-176.4983982,8.950527732,2
CE2,47276,18.54111223,-176.5436181,9.279805216,2
CE2,47278,19.14769615,-175.8830148,10.31345675,2
CE2,47281,18.69110084,-175.3688846,9.31942664,2
CE2,47285,18.36673647,-174.1204232,9.75173002,5
CE2,47293,18.96093121,-170.9540496,8.677242126,5
CE2,47295,18.42083987,-169.8746711,10.58670993,5
CE2,47296,18.91722954,-168.9103084,15.09108786,5
CE2,47310,18.89304924,-160.7176486,14.91808963,2
CE2,47311,18.78698673,-160.1582986,23.90018149,2
CE2,47315,18.38166324,-156.2644751,9.784331563,2
CE2,47316,19.22661292,-155.6353291,9.390410532,2
CE2,47318,18.5672067,-153.7046375,10.27431702,2
CE2,47323,19.18019587,-153.2465407,10.92034899,2
CE2,47324,18.40591649,-151.921402,10.15527557,2
CE2,47325,18.46280492,-151.4721525,11.06463684,2
CE2,47332,18.45814265,-147.845716,11.67927554,2
CE2,47339,18.46000757,-145.588655,10.7083845,2
CE2,47340,19.37598661,-144.4178537,32.72261843,1
CE2,47347,18.50103082,-140.4620986,15.51864901,3
CE2,47366,19.19969262,-129.5621453,9.442661363,2
CE2,47372,18.69482558,-124.6518579,8.411257849,5
CE2,47373,19.05759206,-124.800297,12.61093437,2
CE2,47374,18.97766499,-122.7339458,8.117746482,2
CE2,47376,18.77116465,-122.3230349,12.49078961,5
CE2,47377,19.11333234,-122.1254437,11.1248094,5
CE2,47378,18.55043214,-121.089319,9.00143898,2
CE2,47379,19.07710329,-120.4611561,10.97506789,2
CE2,47385,18.93303785,-115.655071,13.37351137,2
CE2,47386,18.98231297,-111.0102045,10.97992554,2
CE2,47387,18.7720954,-111.3808108,10.66736446,2
CE2,47389,19.17276792,-110.1117055,16.41912317,2
CE2,47392,18.40684924,-109.1719187,11.65010159,2
CE2,47398,18.8381656,-106.3564907,22.67458501,2
CE2,47399,19.20711935,-105.0441316,10.58994522,2
CE2,47408,18.9162996,-101.0539701,10.65735936,2
CE2,47411,18.47399387,-98.27884666,11.75545122,5
CE2,47419,19.20711935,-93.98295956,8.053915684,2
CE2,47422,18.50755634,-91.78783007,12.05511956,2
CE2,47428,18.71903438,-84.73549734,8.537445274,2
CE2,47438,18.56254726,-79.36907912,14.97953878,2
CE2,47442,18.76185686,-78.38407251,8.305686039,2
CE2,47680,19.06130866,29.79462206,21.40842587,2
CE2,47721,19.05108781,42.01283275,10.18967014,2
CE2,47732,18.41804183,49.37187412,10.15290113,1
CE2,47766,18.37140123,67.18751755,8.32378506,5
CE2,47776,18.63521993,69.70606738,9.352949376,5
CE2,47782,18.69203203,71.59743735,8.408632078,2
CE2,47786,18.79443189,73.77487211,8.782321428,2
CE2,47788,18.90792984,76.25803248,8.926881018,2
CE2,47792,18.6268362,77.21649699,13.68818754,2
CE2,47797,19.09289641,78.51411048,8.011340108,2
CE2,47803,18.81676542,83.42931311,9.362766156,2
CE2,47805,19.07245797,84.54997931,9.632943502,5
CE2,47809,18.60634092,88.07712871,10.09253242,2
CE2,47814,19.15233936,90.47869671,9.846747633,2
CE2,47823,18.44322251,95.23562981,9.360698524,2
CE2,47829,19.13190826,98.60450969,18.10773557,2
CE2,47831,18.40125267,100.5587943,8.144624167,2
CE2,47841,19.21176089,106.7834069,9.54526893,2
CE2,47858,19.10404359,112.1763672,15.94101424,3
CE2,47870,19.02042146,114.1680073,9.199058339,2
CE2,47871,19.31291374,115.9984287,26.12035408,2
CE2,47876,19.22011532,122.796154,17.55516969,2
CE2,47878,18.74417063,124.1252248,11.35385972,2
CE2,47887,18.87909747,126.118831,14.01099939,2
CE2,47888,19.30827507,126.7420786,12.20289694,2
CE2,47889,19.1606968,127.3554959,11.96418724,2
CE2,47893,18.9990446,127.0242113,11.75164788,2
CE2,47902,18.89490939,132.4840184,12.18096276,2
CE2,47908,18.87816732,136.2323519,8.196188304,2
CE2,47911,19.10868803,137.0758006,8.035885442,2
CE2,47927,18.97115761,142.1030699,8.801921412,2
CE2,47929,18.71996542,142.5798445,12.55036213,2
CE2,47938,19.11890533,144.5429765,9.427407651,1
CE2,47939,18.55415996,145.8474712,11.08899133,1
CE2,47940,19.14769615,145.6351345,11.89611049,2
CE2,47943,19.01763333,146.1472986,9.409132864,2
CE2,47944,19.21733056,147.0330181,9.195646186,2
CE2,47949,19.21176089,149.4119762,17.48382078,2
CE2,47969,18.96000151,157.0059642,15.85543643,1
CE2,47974,19.1606968,158.9278085,10.58079862,2
CE2,47978,19.08081945,160.3600985,8.847704608,2
CE2,47980,18.7534794,161.4729004,15.72252022,2
CE2,47982,18.80652959,162.7075993,9.379852715,2
CE2,47983,18.89676951,163.4802691,9.09945075,5
CE2,47984,18.42736844,163.4566762,10.55762981,1
CE2,47986,18.86607478,164.7759166,9.545468284,2
CE2,47990,18.72927553,166.4903392,12.24315792,2
CE2,47992,18.98696081,167.2571108,11.92309835,2
CE2,47995,19.15048209,167.9707983,10.68522751,2
CE2,48004,19.17369644,170.7724638,12.53751061,2
CE2,48005,18.9339677,171.2413741,11.51694501,3
CE2,48006,19.25816902,171.4507617,12.35289363,2
CE2,48020,19.2052627,175.9511212,8.231991931,2
CE2,48028,18.49077593,178.9425136,12.05962948,2
CE2,48029,18.62310997,179.2796965,11.95172223,2
CE2,48031,17.48567783,-178.6669856,10.79725557,2
CE2,48035,17.42472257,-177.9454338,8.319005623,5
CE2,48045,17.93704318,-173.5256836,9.948023665,2
CE2,48052,17.49692887,-172.6301337,13.53545479,2
CE2,48056,17.88653192,-171.6697031,10.7227344,2
CE2,48064,17.6384449,-169.3074568,9.356932519,5
CE2,48069,17.93236682,-165.4775309,10.36259756,2
CE2,48079,18.92745862,-161.114797,8.044331054,2
CE2,48087,17.8855964,-156.869045,8.193698687,2
CE2,48091,17.43972883,-155.3551626,9.188553757,2
CE2,48093,18.14548294,-154.831202,12.17075094,2
CE2,48095,18.13894375,-154.4134098,13.96526559,2
CE2,48098,17.78827447,-151.7041501,10.24297761,2
CE2,48108,18.36953534,-145.2052692,12.47428097,2
CE2,48116,17.78453026,-141.0470077,10.01394341,2
CE2,48118,18.15295601,-139.0789606,8.769404933,2
CE2,48122,17.54942454,-137.1659637,9.277433302,2
CE2,48143,18.01745727,-129.2072677,8.444317999,2
CE2,48149,17.87624083,-126.8705803,18.81569355,2
CE2,48154,18.39192465,-122.3053401,13.66550643,2
CE2,48159,17.81635356,-120.8642027,11.16162867,5
CE2,48161,18.16509905,-118.6848019,11.49646462,2
CE2,48164,17.72086665,-117.2102411,12.5216287,2
CE2,48165,17.710566,-115.7632054,12.13874258,2
CE2,48166,17.78265812,-111.3827769,13.02504381,2
CE2,48171,17.89775789,-107.4221066,13.5784315,2
CE2,48172,18.29208327,-105.7764967,15.90986496,2
CE2,48174,18.01932693,-105.078538,11.88599963,2
CE2,48178,18.3256812,-102.8027992,15.40769265,2
CE2,48183,18.26594704,-100.6312626,10.08812153,2
CE2,48190,17.52505344,-94.4204126,11.71598761,2
CE2,48192,18.17817523,-93.35283059,10.85540946,2
CE2,48194,18.07634199,-91.18129407,12.49031599,5
CE2,48205,17.57098086,-80.32459451,13.9463782,2
CE2,48396,17.62251817,9.09572077,9.562734731,3
CE2,48471,17.45754716,39.04896557,9.366698616,4
CE2,48486,17.69277258,45.79557269,9.709131135,2
CE2,48487,17.47348841,46.21926315,8.26528277,2
CE2,48497,17.84817118,50.13373053,9.319286669,2
CE2,48525,17.53911409,66.99287553,8.568670739,2
CE2,48526,18.09316257,66.84541945,10.6844079,3
CE2,48537,17.98473503,70.56819392,9.951230431,2
CE2,48539,18.27901564,70.57900736,9.010895159,2
CE2,48546,18.34154462,73.50846813,8.479579874,2
CE2,48560,17.54567536,81.24008186,9.538578942,2
CE2,48579,18.31634909,88.3219058,11.02449499,2
CE2,48626,18.28368277,113.9940091,10.85217627,2
CE2,48631,18.17910921,114.7824076,10.21727038,2
CE2,48635,17.87624083,120.3287223,8.808833324,2
CE2,48640,17.91833699,120.8123782,19.85671249,2
CE2,48641,18.28088251,121.7905035,12.40526269,2
CE2,48645,17.73865729,122.5710377,18.35940321,2
CE2,48649,17.97912489,124.9116572,9.919169358,2
CE2,48650,17.76299952,124.1999358,8.885828415,2
CE2,48653,17.95948801,128.3572142,10.43804359,2
CE2,48661,17.82664812,132.3149354,8.334365068,2
CE2,48671,17.83039145,134.5208783,21.41657507,1
CE2,48678,18.08288352,138.7921894,8.211836683,2
CE2,48682,17.93797844,140.965692,11.22954614,2
CE2,48683,18.3032833,140.3807829,11.6142695,2
CE2,48685,17.41159107,140.5016969,9.880645656,2
CE2,48687,17.74427502,141.6597186,12.38819823,2
CE2,48693,17.58410085,143.3131928,9.309019419,5
CE2,48698,17.98099495,145.5378135,8.241912712,5
CE2,48702,17.70682017,146.763665,8.197129791,2
CE2,48726,17.78827447,155.205034,12.74291331,2
CE2,48736,18.07727651,159.207975,10.96656058,2
CE2,48738,17.90056427,162.4382462,9.828012848,2
CE2,48742,17.96229341,164.3817173,8.625949342,2
CE2,48743,17.73678468,165.3480461,8.0721366,2
CE2,48746,17.82664812,165.7619062,10.08752174,2
CE2,48752,17.87717641,168.3561501,10.80855999,2
CE2,48755,17.7246122,170.2386728,11.85196457,2
CE2,48757,17.49130344,169.7559999,13.71462989,2
CE2,48758,17.83226308,171.0555794,10.66551267,2
CE2,48762,18.06232361,173.4935199,11.01437336,2
CE2,48763,17.53911409,173.3037931,11.80732942,2
CE2,48765,17.75925477,173.0757277,11.66814009,2
CE2,48771,17.81635356,175.4212624,8.632439762,5
CE2,48776,17.9333021,176.041561,10.39606218,2
CE2,48779,18.31168285,178.7360751,11.86185134,2
CE2,48785,16.99088837,-177.6062849,11.33999924,2
CE2,48791,16.55793268,-175.9184043,11.78596943,2
CE2,48798,17.01909021,-172.5210162,10.89392502,2
CE2,48801,16.5456827,-172.1287831,11.13318494,2
CE2,48805,17.20793264,-169.7773501,8.482589507,2
CE2,48812,16.53060474,-168.2438069,11.5238578,2
CE2,48817,17.11024705,-163.5478223,10.14908195,2
CE2,48826,17.24830682,-160.1533834,8.506242222,2
CE2,48835,16.75382605,-156.8267742,12.26876776,2
CE2,48839,17.17130657,-154.0536169,8.020917039,2
CE2,48850,17.10460977,-148.0324937,9.613904593,2
CE2,48862,16.60598275,-143.1320367,11.97774907,2
CE2,48876,17.31870577,-135.764148,17.03142072,2
CE2,48882,16.4580256,-133.7538301,9.226333999,2
CE2,48885,17.18351606,-130.5353554,9.5296418,2
CE2,48888,17.16567115,-128.0187717,8.174997265,2
CE2,48890,16.56075949,-126.8597669,8.09994837,5
CE2,48891,17.00498982,-126.3249928,11.92634228,2
CE2,48893,16.59562003,-125.6417797,12.76884248,2
CE2,48906,16.92600805,-116.7157717,11.08724472,2
CE2,48908,16.58054597,-115.7140534,14.70070911,2
CE2,48910,17.88653192,-116.1082527,10.51103379,2
CE2,48912,16.60692479,-115.2451431,8.560788979,2
CE2,48913,16.81876552,-113.9416313,15.8109053,2
CE2,48914,16.56735521,-112.7433049,11.21136376,2
CE2,48915,16.51458312,-111.2117278,12.28408272,2
CE2,48929,16.63235808,-104.5565435,10.45511706,2
CE2,48930,16.53531673,-105.3626367,11.8802492,2
CE2,48945,17.42753633,-100.3019441,16.81137956,2
CE2,48954,17.10648888,-96.16825865,8.718037863,2
CE2,48959,16.7189943,-94.48234415,8.144655906,5
CE2,48960,16.61163491,-93.78831754,9.53005013,2
CE2,48963,17.42472257,-90.74875624,17.22779227,2
CE2,49084,16.90625743,-30.03813949,8.213826609,1
CE2,49107,17.06326454,-21.50534773,8.540490384,4
CE2,49153,16.5843146,3.29774775,8.710004755,2
CE2,49161,16.949518,4.6936653,9.212913589,3
CE2,49183,17.89027399,11.47762796,10.13497916,2
CE2,49261,17.03882897,46.34312626,9.695786883,2
CE2,49265,17.08769692,47.02044118,8.740010372,1
CE2,49272,16.88932667,51.04205997,10.24193024,2
CE2,49314,17.14312774,70.91422418,8.704096839,2
CE2,49316,17.31495184,72.53132585,10.8519254,2
CE2,49317,16.94105476,72.97566016,8.571611135,2
CE2,49327,17.05762585,76.04078052,9.540507581,5
CE2,49328,17.05856564,75.63871695,10.66939454,2
CE2,49333,16.69451413,79.09213831,8.889951908,2
CE2,49355,17.09897233,87.69865811,9.869596501,3
CE2,49360,16.76229767,89.84758469,9.473072903,2
CE2,49376,17.07642084,98.33515659,8.536807128,2
CE2,49377,16.66626388,98.07465085,10.69118975,2
CE2,49392,16.96550309,105.6273512,9.056420691,1
CE2,49394,17.58035238,104.8979351,19.01243306,1
CE2,49409,17.00216961,109.1594158,9.052033408,2
CE2,49433,16.74252996,118.5159955,8.914408778,2
CE2,49434,17.13279444,118.8875848,28.91855543,2
CE2,49441,16.98336716,123.3594362,9.647341618,2
CE2,49444,16.86769072,124.0780388,13.76123999,3
CE2,49446,17.10085149,124.3296972,15.12455806,1
CE2,49452,16.77265137,126.5926565,11.32716501,2
CE2,49460,17.25487853,131.1913201,9.733732482,2
CE2,49469,17.27083741,134.5277596,11.11573343,2
CE2,49470,16.86298692,135.3682593,9.600101226,1
CE2,49491,17.05668605,141.0404031,8.360663429,2
CE2,49499,16.57018188,145.3530019,9.667928222,2
CE2,49503,16.89402981,146.8432913,11.03814139,2
CE2,49504,17.38344899,146.2456027,11.23938524,2
CE2,49508,17.29618103,147.2266771,12.53870305,2
CE2,49510,16.5155256,147.5255214,11.78025092,2
CE2,49517,16.95610026,150.135494,8.851537369,2
CE2,49519,16.69168929,150.9868071,8.890826138,2
CE2,49526,16.44294081,153.2684442,8.103250276,2
CE2,49527,16.86110537,153.8749802,10.50863791,2
CE2,49543,17.05010732,159.9088829,9.053784485,4
CE2,49545,17.15439979,159.3190586,9.125802062,2
CE2,49548,17.37875822,161.4542226,9.447378604,5
CE2,49553,16.60786682,166.2858668,9.922472078,2
CE2,49554,16.87239439,167.7407668,11.73245263,2
CE2,49559,17.3628087,167.9442562,14.0296024,2
CE2,49560,16.74347133,169.1376674,12.69196943,2
CE2,49562,17.05386662,169.202548,9.766397836,2
CE2,49563,17.18915094,169.9417945,10.68762753,2
CE2,49567,16.82441138,172.3364812,17.58916386,2
CE2,49585,15.96717477,-177.0616804,10.41927464,2
CE2,49587,15.69858333,-176.3745351,10.66294913,2
CE2,49590,16.26371954,-176.0855212,8.627747956,2
CE2,49593,16.00403084,-175.0513625,10.45978558,5
CE2,49598,15.68154793,-173.1196879,15.8008755,2
CE2,49600,16.22502395,-171.6942792,8.05943812,5
CE2,49601,15.58498718,-172.2624766,9.044033197,2
CE2,49603,16.29485924,-170.9176771,8.883586257,2
CE2,49605,15.98040594,-169.2681351,10.88349177,2
CE2,49608,15.62759312,-167.2234108,9.152657318,2
CE2,49620,15.80171168,-163.0661325,8.363844088,2
CE2,49621,16.4580256,-162.9658623,11.39789932,2
CE2,49624,16.32222034,-161.5955038,9.131987103,2
CE2,49626,15.58309337,-161.5827243,11.56787687,2
CE2,49631,16.40428068,-158.3268941,9.638633029,2
CE2,49647,15.69101222,-151.969571,10.74064017,2
CE2,49658,15.63232657,-144.0256205,10.64122129,2
CE2,49659,16.31184244,-143.3129162,13.33670734,1
CE2,49675,15.74684256,-137.0057281,9.753761455,2
CE2,49680,16.38824861,-131.9224256,11.47877344,2
CE2,49686,15.61339212,-126.2591291,10.7220772,2
CE2,49687,16.1088916,-126.5530582,10.41186895,2
CE2,49688,16.46651028,-126.644481,9.615465318,2
CE2,49695,16.5569904,-123.5931232,20.6386166,2
CE2,49700,16.07299954,-119.1645257,8.300984043,2
CE2,49707,15.74778871,-116.552587,9.623515685,2
CE2,49708,16.38353305,-115.947034,13.32465583,2
CE2,49709,15.58877473,-115.8153066,10.72161983,2
CE2,49712,16.354294,-113.5110596,10.98340795,2
CE2,49713,16.24767595,-112.2566999,17.81886399,2
CE2,49714,15.86791323,-111.9647369,13.54393037,2
CE2,49716,15.81306206,-110.4105498,15.79613639,2
CE2,49717,16.20614529,-109.6536086,11.74707622,2
CE2,49719,15.62853982,-108.1947764,8.345083648,2
CE2,49720,15.99080124,-108.1770817,13.409256,2
CE2,49727,17.04634795,-103.793704,9.053966652,2
CE2,49733,15.82062862,-98.4764378,9.292291263,2
CE2,49742,15.6995297,-94.85786563,15.06811172,2
CE2,49744,16.27221267,-93.75980936,9.52530389,2
CE2,49842,16.02009417,-42.65054943,9.900730814,4
CE2,49883,16.04371438,-26.18658671,9.662905921,3
CE2,49926,16.03237703,-8.73466827,9.668132887,3
CE2,49992,15.56320739,22.4090386,10.72170768,4
CE2,50001,16.22219226,29.17432349,9.787589274,3
CE2,50035,15.76292643,40.79681162,8.132046369,2
CE2,50042,16.24106939,44.65721176,17.30838665,2
CE2,50044,16.42785484,45.20378229,9.211823466,2
CE2,50049,16.39673634,49.58322783,8.029307055,2
CE2,50078,16.00308589,69.78274454,18.16096253,2
CE2,50082,15.80171168,70.71663304,9.446776456,2
CE2,50096,16.36561286,78.96925825,9.309202224,2
CE2,50099,15.92747604,79.7517585,8.510915774,2
CE2,50127,16.26088841,100.3248306,9.397701306,2
CE2,50146,16.23918175,108.5538629,17.02495215,2
CE2,50151,16.18726482,110.3921486,9.325500089,2
CE2,50157,16.10228039,113.3461854,10.91306014,2
CE2,50161,16.17687979,114.1070588,11.9038663,2
CE2,50162,16.39673634,114.8679321,12.63100484,2
CE2,50164,16.1523312,116.5607279,10.25560151,2
CE2,50165,15.70899315,116.2835105,10.65714852,2
CE2,50170,16.32882417,117.8897987,8.62026986,2
CE2,50174,16.28353628,120.3650948,8.006838712,2
CE2,50179,15.57646493,121.996942,9.432606437,2
CE2,50186,16.3901348,125.4631429,12.03644621,2
CE2,50188,16.12116897,125.005046,11.26049949,2
CE2,50190,15.99363622,125.9517141,14.51958794,2
CE2,50191,16.14100005,126.8413657,10.92370345,2
CE2,50193,15.70520782,126.532691,10.40552472,1
CE2,50199,15.84332662,131.1480663,19.01618729,2
CE2,50205,15.63989986,132.5842885,9.66168598,2
CE2,50213,15.70615416,135.2365318,10.63436556,2
CE2,50214,15.9492168,135.5235797,9.157344974,2
CE2,50217,15.68911939,136.6078734,8.599036584,2
CE2,50220,15.99741615,137.7894881,9.257435422,2
CE2,50226,15.85467466,139.6533329,12.94706886,1
CE2,50233,16.171215,142.5995054,11.1301335,1
CE2,50239,16.11078048,143.1224829,22.60655801,1
CE2,50252,16.25428229,147.2178297,9.838724561,2
CE2,50253,16.32882417,148.2107007,10.72914729,2
CE2,50254,16.14572144,148.6855092,16.22520135,1
CE2,50259,16.16460588,150.1718665,11.9827673,2
CE2,50261,15.73170364,152.3207931,11.30480018,2
CE2,50270,15.93314777,155.5422169,15.42138621,2
CE2,50272,16.43351222,156.3325815,11.11333497,2
CE2,50279,16.32316376,158.6437098,10.91614773,2
CE2,50284,16.32976756,164.5272073,8.822848815,2
CE2,50287,15.89533322,166.3291206,9.043350537,2
CE2,50289,15.76765673,167.2925003,11.82213247,2
CE2,50290,16.19859332,167.6070733,12.05052771,2
CE2,50296,15.50922146,168.3394385,8.011231346,2
CE2,50297,16.02292874,169.3165807,12.4023645,2
CE2,50298,15.78468492,169.8356261,9.886878221,2
CE2,50301,15.6692437,170.9503941,11.2796701,2
CE2,50302,15.73548848,171.4625582,9.911096971,2
CE2,50304,15.57267715,172.6382747,10.64695036,2
CE2,50312,16.30806852,178.6318728,8.207031918,2
CE2,50317,16.29863341,179.098817,13.1315927,2
CE2,50330,15.20967617,-176.9230717,9.551116146,2
CE2,50332,15.40310277,-175.1889882,8.484828577,2
CE2,50342,15.27701648,-170.6080194,14.22947149,2
CE2,50348,15.34812713,-166.7790765,11.020713,3
CE2,50349,15.41257986,-167.1152764,10.3965538,3
CE2,50351,15.14990548,-165.9071196,8.854990503,2
CE2,50352,14.68349961,-166.0801347,12.05267953,2
CE2,50360,15.29313701,-163.1546061,21.39145921,2
CE2,50361,15.26279145,-161.5837074,8.929220136,2
CE2,50363,14.98188813,-161.4362513,10.7980794,2
CE2,50364,15.14800772,-159.8378274,8.804031617,3
CE2,50374,15.26942992,-156.0757313,13.22460274,1
CE2,50376,14.82609323,-155.4878731,11.251479,2
CE2,50378,15.12238631,-153.1128471,8.644726304,2
CE2,50386,15.32632243,-151.4446274,14.73286296,2
CE2,50391,15.08157545,-148.0030025,14.27295519,2
CE2,50392,14.59028814,-147.7945979,9.656985596,2
CE2,50395,14.97998887,-147.5222957,17.59725032,2
CE2,50397,14.7956811,-146.7702697,10.11606285,2
CE2,50406,14.82324227,-141.7675764,9.907157996,1
CE2,50409,14.79663155,-140.8671113,9.27424127,1
CE2,50410,15.33295889,-140.1750508,8.719242749,2
CE2,50413,14.8764539,-139.4967528,9.067865448,2
CE2,50415,15.43248034,-138.5766269,11.06071832,2
CE2,50419,14.63214309,-135.2922885,8.976089674,2
CE2,50430,14.67399005,-129.9219381,9.004796113,2
CE2,50436,15.06069244,-125.6555422,10.55720883,5
CE2,50439,15.09391444,-122.7250984,17.03604241,2
CE2,50440,15.06638801,-122.1677145,14.65535857,2
CE2,50446,15.14326325,-117.7823707,10.40836484,2
CE2,50447,15.35571084,-117.110954,12.23646192,2
CE2,50449,14.6568718,-116.1770655,9.473592292,2
CE2,50450,14.83369559,-114.6336919,10.24313746,2
CE2,50452,14.94484957,-115.1586355,10.78251183,2
CE2,50461,14.724386,-108.5093494,10.48828995,2
CE2,50462,15.21062478,-107.8988812,9.962936395,2
CE2,50467,14.90875456,-106.2385258,10.0058608,2
CE2,50469,14.91730393,-105.6142951,11.61106779,2
CE2,50474,15.30072271,-103.2461504,11.41182691,2
CE2,50481,15.07018497,-98.97877151,13.27838258,2
CE2,50487,14.74530165,-93.9475701,9.967603974,2
CE2,50488,15.47227559,-94.31326118,8.505612535,1
CE2,50491,15.23718397,-90.11174597,15.31993236,2
CE2,50494,15.14705884,-87.17343785,16.74756288,3
CE2,50495,15.24761703,-85.94856935,9.654336079,2
CE2,50501,15.10625272,-83.62564459,12.49067192,2
CE2,50517,14.88785469,-77.31452442,10.34480697,2
CE2,50522,14.9657439,-76.90459652,9.018928388,2
CE2,50526,15.30546364,-75.75443911,8.319248941,3
CE2,50527,15.08157545,-75.40349364,10.07400298,2
CE2,50605,15.36424218,-37.35097796,8.898458405,4
CE2,50643,15.2969299,-25.00103984,9.521725416,2
CE2,50645,14.85079993,-25.02758194,12.31637179,2
CE2,50649,15.07208342,-23.72308716,8.417259655,2
CE2,50681,15.31020446,-6.10601791,8.409358969,2
CE2,50768,14.81944094,29.30506788,10.11482095,4
CE2,50818,15.3026191,49.39055189,8.925723964,3
CE2,50853,15.1024564,68.09879612,12.3452428,2
CE2,50858,14.82324227,70.24084142,11.61902517,2
CE2,50862,15.49406498,72.74562868,25.19570589,2
CE2,50865,15.00182932,73.796499,8.108992163,2
CE2,50867,14.89165482,74.81197986,8.814607389,2
CE2,50918,15.22011059,93.28822653,8.049866209,2
CE2,50926,15.15464981,97.28428627,9.536745292,2
CE2,50928,15.29598168,98.83060901,8.203225196,5
CE2,50935,15.53953109,103.0085312,12.76698701,2
CE2,50939,14.57316337,105.5899957,8.408663353,4
CE2,50943,14.64165446,108.6216926,9.500242529,2
CE2,50944,15.06259098,108.4034576,9.041008421,2
CE2,50954,14.70346834,111.9188106,12.89630623,2
CE2,50958,15.26942992,114.2476336,8.642888414,2
CE2,50962,14.77286921,116.3424929,8.816242722,2
CE2,50963,15.2400294,116.2215789,8.550578146,2
CE2,50967,14.88785469,117.4218714,8.320770005,2
CE2,50969,15.26184308,118.2731845,9.387149676,2
CE2,50981,15.45332642,123.5875016,10.88261814,2
CE2,50982,14.84509863,124.1124452,13.21916879,1
CE2,50983,14.74530165,124.4722381,11.32209207,2
CE2,50984,15.34528317,124.032819,10.65914504,2
CE2,50988,14.75956117,125.0866384,10.45471376,2
CE2,50989,15.3907819,125.0217577,9.311208661,2
CE2,50992,14.6216801,126.798112,10.24653105,2
CE2,50993,14.85365052,128.4102984,9.508973302,2
CE2,51005,15.20777895,130.7607483,30.96060435,2
CE2,51010,14.63119193,133.9104102,10.48505032,2
CE2,51013,15.53953109,134.902298,20.26436843,2
CE2,51021,14.57221195,138.4697521,8.308197833,1
CE2,51022,14.58172592,139.4537757,10.5012849,3
CE2,51024,15.04170611,140.6874915,16.89264519,5
CE2,51034,14.6131191,142.5955732,11.42242323,1
CE2,51039,14.9030548,145.3343241,9.761582559,1
CE2,51045,14.90875456,147.3977262,9.327832031,2
CE2,51050,15.36708588,148.970591,11.55994465,1
CE2,51057,16.01631468,149.8258363,10.80389545,1
CE2,51059,15.18311351,152.5724515,8.466230402,2
CE2,51066,15.43342794,155.9639413,15.12356961,2
CE2,51068,14.76051177,156.7140012,9.342874757,2
CE2,51071,14.75956117,158.0951731,9.623955353,2
CE2,51072,15.06923574,158.1856129,13.74707367,2
CE2,51080,15.31115261,161.6734407,10.29745215,5
CE2,51086,15.22011059,164.9715416,13.48519786,2
CE2,51087,15.31494517,166.7665736,9.581332856,2
CE2,51090,15.19829258,167.0526384,8.405231392,5
CE2,51098,15.02366753,170.7242948,10.93401651,2
CE2,51107,15.22769893,177.5239861,11.07156076,5
CE2,51108,15.13567187,177.8680503,9.348678858,5
CE2,51109,14.95909592,178.2573343,10.68163769,2
CE2,51125,14.37708544,-176.4020602,12.13636066,2
CE2,51131,14.1512878,-174.6296382,9.49223564,2
CE2,51137,13.90141062,-173.7085292,9.891173411,2
CE2,51142,14.0282907,-172.2084093,12.98797326,2
CE2,51156,14.36184885,-167.4347646,10.8871947,2
CE2,51157,13.90713604,-165.8324085,10.31200604,2
CE2,51159,13.64457645,-165.3222105,9.488563073,2
CE2,51162,13.72480773,-163.4898229,11.25775651,1
CE2,51164,13.93480689,-161.7242821,11.45593225,2
CE2,51167,14.01016925,-161.3212355,10.54216254,2
CE2,51176,14.36184885,-155.3541795,8.160120719,2
CE2,51177,13.91190711,-155.0356744,10.78055806,2
CE2,51179,14.05499337,-155.2843837,8.66598035,4
CE2,51190,14.08836733,-150.7250417,8.74065192,2
CE2,51196,13.79451025,-148.1828989,11.66817085,2
CE2,51198,14.05117889,-145.3831995,11.32032498,2
CE2,51199,14.69205786,-145.3782843,32.130111,2
CE2,51201,14.25516375,-144.3342953,9.202392735,2
CE2,51214,14.50274755,-138.191275,11.48149631,2
CE2,51215,13.60636148,-138.2197832,8.343913301,2
CE2,51221,13.65317397,-135.5645907,8.393106076,2
CE2,51222,13.93862329,-135.3571692,9.215168879,2
CE2,51227,14.41802861,-134.2424012,8.755997169,5
CE2,51228,14.11601635,-134.4508058,8.05955568,2
CE2,51231,14.03401296,-133.0204819,8.903655382,3
CE2,51238,13.73244737,-127.5026754,11.8152802,2
CE2,51241,14.53890983,-127.0406463,11.62845933,2
CE2,51244,14.14461525,-124.2606077,8.370945996,2
CE2,51250,13.64935289,-122.6012353,9.306838218,2
CE2,51252,13.72671766,-121.2367751,13.38933681,2
CE2,51253,14.10171555,-121.719448,8.272791517,2
CE2,51254,14.04354975,-119.6295038,11.71496761,2
CE2,51257,14.46657937,-116.5673326,11.63689735,2
CE2,51259,14.05690059,-115.9273732,10.94948602,2
CE2,51262,14.5227327,-115.4329038,9.167420009,2
CE2,51263,14.35518252,-115.0534502,11.61773719,2
CE2,51264,13.9109529,-115.5646313,10.91053543,2
CE2,51266,14.17035118,-112.5761881,13.66669665,2
CE2,51267,14.10362237,-111.5538259,10.38174072,2
CE2,51268,13.99204638,-112.2124631,14.48071701,2
CE2,51270,14.15033459,-110.7614952,9.469005316,2
CE2,51272,13.83555817,-108.8681592,19.89282599,2
CE2,51274,14.49227842,-107.9549145,8.000157847,2
CE2,51280,13.97582997,-103.7032643,15.80244394,2
CE2,51282,14.35613486,-102.506904,11.77271264,2
CE2,51283,13.73053748,-101.9121644,13.04918785,2
CE2,51284,13.78973677,-101.4756944,9.899629802,2
CE2,51294,13.74868079,-94.15695774,12.34944478,2
CE2,51295,15.07303265,-94.50397104,8.696572923,2
CE2,51298,13.98727697,-91.04268535,13.58817339,2
CE2,51305,14.34851599,-87.01811744,12.03372035,2
CE2,51313,14.03401296,-81.33221105,18.32920761,2
CE2,51358,13.91476971,-61.93583845,8.723347848,4
CE2,51483,14.02352204,-5.0069786,8.120254509,4
CE2,51541,13.7735062,18.30681049,8.702787066,3
CE2,51542,14.27421838,17.59312307,10.7265903,2
CE2,51563,14.09313464,26.27435394,8.586192984,4
CE2,51593,14.33899203,36.78502324,8.109464396,4
CE2,51602,14.32184788,39.60831562,8.474172455,4
CE2,51607,14.04545706,41.52327857,10.608312,2
CE2,51614,13.7763705,44.79385439,10.60466528,2
CE2,51620,13.72098781,46.56136126,10.0299891,2
CE2,51629,13.62069282,49.91254641,8.160680363,2
CE2,51661,14.23515466,69.37478272,8.399382806,2
CE2,51673,14.35423017,78.22214745,10.1358161,2
CE2,51701,14.04450341,89.72372159,8.718431935,2
CE2,51711,13.61304955,92.36613452,8.627469009,2
CE2,51724,14.50274755,97.06408519,8.334155274,2
CE2,51742,14.26373853,107.2405207,10.23796855,2
CE2,51749,13.96152042,110.7145859,10.12782103,2
CE2,51753,14.16272602,112.6914804,10.56026912,2
CE2,51759,14.24563584,114.4491569,9.413157861,5
CE2,51762,14.50084411,116.2933409,8.882948791,2
CE2,51770,14.19989625,120.0878773,12.62940421,2
CE2,51774,14.25135263,120.8104121,8.086413585,2
CE2,51776,15.01322345,120.8389203,10.01038186,2
CE2,51788,14.25230542,125.5742265,10.55583363,2
CE2,51789,13.89663933,126.4815729,10.09807635,2
CE2,51791,13.80119297,127.430207,10.29088556,2
CE2,51793,14.11506299,128.0927763,12.90459571,2
CE2,51794,13.75345511,127.7290513,10.39592064,2
CE2,51795,14.56174611,127.6897297,17.46686369,2
CE2,51799,14.09694842,129.0777829,12.04509638,2
CE2,51802,14.30565498,129.7285558,9.907545964,2
CE2,51803,14.19322512,131.3240305,11.36600227,2
CE2,51812,14.62072889,132.9460474,9.033729588,2
CE2,51813,13.8326946,133.0187924,8.584685064,2
CE2,51816,14.42850124,133.7531237,11.66565561,3
CE2,51837,13.80119297,140.941116,12.56962593,2
CE2,51839,13.64648704,142.1974418,8.36869004,2
CE2,51840,14.32470533,142.7214024,9.893874462,3
CE2,51848,14.49513369,144.7444998,12.25707241,2
CE2,51850,14.42850124,146.2190606,9.608281079,2
CE2,51863,13.62451436,151.153924,10.29493452,1
CE2,51864,13.6522187,151.9904915,10.81205462,1
CE2,51865,14.15033459,152.6442134,8.84343148,2
CE2,51866,14.34089685,152.1261511,9.434841367,2
CE2,51872,13.73053748,157.5662973,8.209330725,2
CE2,51873,14.22753169,157.3559267,8.372247369,2
CE2,51876,13.84701211,158.0489702,9.157075898,2
CE2,51877,13.91381551,158.3389672,8.546526339,2
CE2,51879,13.85941991,159.304313,9.411624589,2
CE2,51882,14.45515662,162.5090251,14.34071982,1
CE2,51885,14.57696899,165.4591297,14.27447853,2
CE2,51890,14.54081294,168.0179842,11.85749953,2
CE2,51892,14.49323018,169.2870895,17.54156727,2
CE2,51893,14.15796017,170.6250077,9.752166571,2
CE2,51894,14.3513731,169.8621682,9.876021688,2
CE2,51895,13.81169398,170.4991785,9.948626405,2
CE2,51902,14.0855069,176.8142308,8.040616124,2
CE2,51903,13.63311261,177.6124597,10.1412825,5
CE2,51913,13.22100415,-177.9700099,9.530987074,2
CE2,51915,12.99313589,-177.7321141,9.062549346,2
CE2,51918,13.46491258,-175.9410142,11.11269518,2
CE2,51919,13.53564754,-174.7102475,11.57979803,2
CE2,51920,13.2659783,-174.6306212,9.739562566,2
CE2,51922,12.67779762,-173.3546346,8.282270888,5
CE2,51928,13.01899708,-170.6679848,13.95799494,2
CE2,51930,12.74492391,-171.1123192,9.734049542,2
CE2,51952,13.39702559,-164.0078853,12.94466918,2
CE2,51954,13.27171908,-162.7938302,11.43261194,2
CE2,51955,13.18846449,-163.4278914,8.567549314,2
CE2,51957,13.14156147,-161.8471622,9.79705734,2
CE2,51965,12.79190174,-158.6316367,10.22782628,4
CE2,51967,13.05922023,-156.5102352,18.49711631,2
CE2,51969,13.66845766,-156.2448143,16.86380596,1
CE2,51974,13.56145101,-155.9036992,9.282198568,2
CE2,51975,13.13964687,-154.3082244,8.778107556,2
CE2,51983,12.81011529,-151.8103185,8.857226719,2
CE2,51989,13.25449633,-150.9875135,10.07764807,1
CE2,51999,13.22770295,-148.5367935,11.35819315,2
CE2,52015,13.434318,-142.1273693,8.164067435,2
CE2,52017,13.48785594,-141.7852712,11.34835283,2
CE2,52028,13.19803542,-137.8668716,12.36202939,2
CE2,52035,13.47734051,-135.3719148,8.713698143,2
CE2,52041,13.25736687,-131.204806,8.746011138,2
CE2,52042,13.09369201,-131.8054438,10.67590421,3
CE2,52044,13.52226686,-130.6690489,8.216567773,2
CE2,52045,13.33294564,-130.1224784,10.2014349,2
CE2,52046,12.8752898,-129.2849279,14.75454973,2
CE2,52047,12.7305412,-128.7855433,9.155292879,2
CE2,52048,13.04198254,-127.8398583,9.157351788,2
CE2,52060,12.75355315,-122.9462826,11.08660334,2
CE2,52061,12.82545198,-122.5589646,13.05323182,2
CE2,52065,13.54998315,-118.3063313,9.697244857,2
CE2,52068,13.50697373,-117.5454579,10.1458681,2
CE2,52071,13.5566728,-114.4046434,13.09251237,2
CE2,52077,13.45917639,-113.6349227,10.98443378,2
CE2,52078,13.09273453,-113.8502086,11.49872547,2
CE2,52079,12.92607583,-111.4663353,13.99050747,2
CE2,52098,13.61209412,-97.1277062,11.44173235,3
CE2,52102,13.28607045,-95.26877657,8.641460957,2
CE2,52103,13.31859706,-94.88932293,11.50232363,2
CE2,52105,13.3941567,-93.80208011,8.03814837,2
CE2,52109,13.17027867,-93.00483424,16.7428839,2
CE2,52113,13.36259669,-91.29041156,23.52714018,2
CE2,52115,12.94140544,-91.01024501,12.20915012,2
CE2,52118,12.9471538,-88.32359526,9.305669973,2
CE2,52119,13.15687773,-88.15451229,11.15244758,2
CE2,52123,13.15496325,-83.9775731,9.454633313,2
CE2,52124,13.71430281,-84.89474991,27.88651518,2
CE2,52138,12.76409959,-75.49098425,12.27122575,2
CE2,52237,13.65126343,-32.09466027,15.71084534,2
CE2,52242,13.17793602,-30.13939267,11.3039079,3
CE2,52246,13.44674752,-27.86955209,9.419146363,2
CE2,52391,12.86474801,29.04751126,11.39578696,4
CE2,52451,13.08794705,47.57684212,8.309088153,2
CE2,52454,13.41615063,48.75943987,8.190002285,2
CE2,52456,14.09218119,49.87224175,11.08815315,2
CE2,52494,13.12911631,66.01769933,22.24024166,2
CE2,52496,13.03527867,67.08823046,12.29310224,2
CE2,52500,14.10934275,67.02040066,11.07412233,5
CE2,52504,12.8934973,74.20839298,8.00089475,2
CE2,52506,13.24301381,75.09706162,8.318763535,2
CE2,52514,13.19707835,79.01447811,10.96415951,2
CE2,52522,13.35781451,82.86013264,9.288777373,2
CE2,52524,12.93757313,84.14300053,8.940942086,4
CE2,52533,12.96439808,87.74682709,15.58060776,2
CE2,52537,12.97397772,88.93532309,12.98730497,4
CE2,52548,13.38650617,94.82373583,8.873596285,2
CE2,52568,13.08028689,102.2407766,12.09438626,1
CE2,52574,13.56336227,108.1724431,9.269805191,2
CE2,52575,12.82545198,109.4169724,8.767854188,2
CE2,52584,13.57100714,114.0716693,11.18645636,2
CE2,52598,13.27937325,120.3690269,8.146412333,2
CE2,52610,12.91553618,125.8425966,11.22673063,2
CE2,52613,13.04964389,127.2689884,9.53850068,2
CE2,52614,13.1664499,127.5648836,10.38378959,5
CE2,52617,12.79190174,130.1542123,8.973636413,2
CE2,52620,13.10326665,131.1529815,9.66740555,2
CE2,52626,12.72095227,133.1809941,9.993381123,2
CE2,52634,13.28702717,135.6995439,9.528400521,2
CE2,52638,13.03910948,136.9902761,13.57062978,3
CE2,52652,12.9251177,141.5604315,10.17170754,4
CE2,52663,13.3434674,146.6132598,11.26915735,1
CE2,52664,14.16177286,146.2367553,9.676634282,1
CE2,52666,13.08315948,149.7580065,8.073663741,5
CE2,52668,13.51366459,149.9290555,10.03308954,2
CE2,52677,13.56909595,152.8536011,13.4038663,2
CE2,52679,12.97397772,152.1831674,8.090751953,2
CE2,52683,12.75834704,154.3124332,8.608187247,2
CE2,52685,13.03049008,155.3426597,11.67985931,2
CE2,52687,13.2659783,155.981636,10.62766278,2
CE2,52689,12.66341111,156.4318686,8.950667763,2
CE2,52693,12.86283127,158.6938448,9.906890275,2
CE2,52697,13.42380022,161.8346593,10.33370542,2
CE2,52699,12.74780036,162.8717671,8.974896831,5
CE2,52712,13.59585128,168.9980756,9.934798749,2
CE2,52715,13.12911631,176.4151164,10.65977659,2
CE2,52719,13.06975379,179.1941719,11.15860232,2
CE2,52720,12.80148798,178.7252616,11.30169122,2
CE2,52721,11.84398916,-179.4711127,8.579252843,2
CE2,52727,12.33518013,-178.2039735,10.57928302,2
CE2,52730,12.21318781,-177.9070953,9.123544031,2
CE2,52734,12.62024671,-175.3620033,10.12187816,2
CE2,52737,12.26314425,-175.3728168,15.1514079,2
CE2,52739,11.82474624,-175.2460046,13.72913674,2
CE2,52745,12.41679685,-172.9702658,10.27051873,2
CE2,52748,12.39663509,-173.3978884,14.22957097,2
CE2,52752,12.37551158,-172.2595275,8.63979641,2
CE2,52765,12.58762878,-167.2882915,13.56255943,2
CE2,52770,11.86323071,-165.0577726,12.3122957,1
CE2,52773,12.35534663,-164.6675055,22.38037515,1
CE2,52774,12.33806115,-164.1809004,10.40211891,2
CE2,52775,12.66532936,-163.030743,16.01796068,2
CE2,52777,12.25738052,-162.3819363,11.76467958,2
CE2,52779,12.00076817,-160.9103246,8.516922265,1
CE2,52783,11.75449815,-160.0039612,8.163482182,2
CE2,52785,11.77374599,-159.3875948,12.40894121,1
CE2,52788,12.57515612,-157.7577136,10.00238009,2
CE2,52797,11.91709984,-154.6680173,10.33768507,2
CE2,52803,12.41967697,-151.0671398,10.32174239,2
CE2,52807,12.33710081,-147.9115797,11.52417584,2
CE2,52808,12.26794725,-148.8376039,22.48553961,2
CE2,52812,12.31693291,-146.9206749,13.07846203,1
CE2,52815,11.97576655,-145.3773013,16.74310442,2
CE2,52846,11.80165297,-134.6936168,9.21729763,2
CE2,52849,12.29003995,-134.0074545,11.81381547,2
CE2,52850,12.54828987,-132.7147563,8.142198236,2
CE2,52851,11.95364781,-132.2586254,17.18232536,2
CE2,52854,12.71519874,-130.2453585,14.24776979,5
CE2,52861,12.57227772,-127.9243998,8.037696033,5
CE2,52867,12.05268718,-124.0571183,8.284840362,2
CE2,52876,12.64902379,-121.2043347,23.1393257,2
CE2,52878,12.37359117,-119.8428236,9.353381617,2
CE2,52891,12.3630287,-112.7855757,9.664027936,2
CE2,52892,12.47631291,-113.060827,12.22478787,2
CE2,52894,11.75161086,-111.4800979,11.21401026,2
CE2,52895,12.25257733,-111.9942281,12.09081706,2
CE2,52896,12.14976798,-111.7612475,9.940090946,2
CE2,52902,12.64710541,-107.7101375,11.04232999,2
CE2,52908,12.34958493,-103.7317725,16.37607693,2
CE2,52909,12.090178,-103.2933364,8.625865372,2
CE2,52918,12.3687901,-96.67354148,12.34052194,2
CE2,52921,12.58475052,-94.17760159,9.290722279,2
CE2,52924,12.35054522,-88.99501194,9.039656076,3
CE2,52928,11.99980661,-85.66053848,8.449902408,2
CE2,52932,11.74102386,-81.99969556,9.428887378,5
CE2,52981,12.60201955,-57.40205555,9.974978844,4
CE2,53103,12.22856002,-4.76515063,8.363964882,4
CE2,53125,12.18244069,1.16061765,10.09212596,4
CE2,53142,12.07383649,10.33828399,8.602423099,2
CE2,53155,11.70829785,13.39947219,8.454850764,2
CE2,53205,12.24489203,30.51813989,10.42824014,4
CE2,53226,12.0719139,37.87128302,9.442229002,3
CE2,53238,11.87766099,46.39227829,12.49282002,2
CE2,53247,12.56460185,49.26668878,26.13293679,2
CE2,53253,12.02865185,52.1391332,8.422390157,2
CE2,53276,11.98057473,66.58589675,21.11907224,2
CE2,53280,12.42255706,71.69967356,11.34435534,2
CE2,53298,11.7775954,79.45684635,10.10726874,2
CE2,53308,12.34478342,84.67777457,8.854383537,4
CE2,53328,12.47247358,91.65343014,9.967887164,2
CE2,53329,12.08537178,91.29167123,9.959917562,4
CE2,53347,12.06806867,100.236357,13.69993586,4
CE2,53352,12.69601937,102.0402363,14.69751359,1
CE2,53361,12.0055759,109.9222553,10.41382458,2
CE2,53364,12.34574373,112.3621618,10.03480708,2
CE2,53367,12.66628848,112.341518,12.09297767,2
CE2,53380,11.82378406,120.3100445,13.2050906,2
CE2,53394,12.41487675,123.9394301,8.069687722,2
CE2,53401,12.2400886,125.7590381,10.03582682,2
CE2,53402,12.16994866,126.2082876,12.85090954,2
CE2,53406,12.59146639,128.3985019,9.631762381,2
CE2,53409,11.72947395,130.0647556,9.081270334,2
CE2,53436,12.27275017,138.5847678,8.125993279,2
CE2,53439,11.83436787,140.5941027,10.24463126,3
CE2,53440,12.44271681,140.4063419,9.830372806,3
CE2,53442,11.98826765,140.3463765,9.026237887,2
CE2,53469,12.43023715,152.2529633,9.798534455,2
CE2,53471,11.85745839,152.1536762,12.44819719,2
CE2,53472,12.08633303,152.4535036,8.289613514,2
CE2,53473,11.71214817,152.8585163,10.63656312,2
CE2,53474,12.09498414,153.2035635,14.06029874,2
CE2,53481,12.40143565,156.1684137,8.353527608,2
CE2,53486,12.48303161,158.5345923,9.717640609,2
CE2,53487,12.67012491,158.140393,13.79115779,2
CE2,53488,11.95460953,159.7073596,13.91045308,2
CE2,53489,11.7775954,159.255161,11.48307014,2
CE2,53491,12.33806115,160.105491,8.527892108,2
CE2,53492,11.99884505,161.4188332,10.57289914,2
CE2,53494,12.40143565,162.0391317,9.821592885,2
CE2,53500,11.90267166,169.5436631,14.01733675,2
CE2,53502,12.0315362,170.9887327,9.025550738,5
CE2,53508,12.64422783,177.4296142,11.61858171,2
CE2,53510,12.18724516,178.2130975,11.66284619,2
CE2,53518,11.63898293,-177.5433703,9.220032746,2
CE2,53522,11.45020506,-176.9093091,9.671130417,2
CE2,53523,11.26804984,-175.3924776,12.10295853,2
CE2,53525,10.93042182,-176.1120633,11.74640192,5
CE2,53527,11.07323784,-174.3160482,9.977708926,2
CE2,53530,10.96806248,-173.9837805,8.527694115,2
CE2,53531,11.92768002,-173.9768992,8.002438519,2
CE2,53532,11.53497818,-172.951588,10.98755615,2
CE2,53542,11.55135186,-169.9041624,11.32627267,2
CE2,53545,11.62935449,-168.3784835,19.20031113,2
CE2,53552,11.74391127,-164.1592735,16.4689589,2
CE2,53558,11.25744464,-161.1364239,11.6561854,2
CE2,53563,11.1870548,-158.7358389,16.26341601,2
CE2,53569,11.53016221,-157.5286652,10.19913173,5
CE2,53572,11.43960663,-155.4918052,14.17748584,2
CE2,53577,11.5879484,-153.5080294,15.25957705,2
CE2,53581,11.91709984,-150.3593506,21.8780441,2
CE2,53615,11.21501994,-135.9519087,14.86788362,2
CE2,53616,11.42997135,-134.5225678,8.12205014,2
CE2,53617,10.85995341,-134.3308749,9.968208792,3
CE2,53619,11.06648459,-133.2829537,8.449697819,2
CE2,53620,10.81264336,-132.4404879,13.19068049,2
CE2,53633,10.76725732,-125.4146973,11.19599141,2
CE2,53634,11.35191352,-125.9996064,10.03670987,2
CE2,53643,11.051048,-122.9708586,8.083480071,2
CE2,53650,10.97771316,-119.5429963,10.16604365,2
CE2,53651,11.5176403,-117.6496602,15.72221167,2
CE2,53654,10.98350342,-117.2761048,15.11499316,2
CE2,53663,11.4290078,-111.8074504,8.282258695,2
CE2,53664,11.38853591,-112.1465993,9.306465537,2
CE2,53668,11.74391127,-110.8735619,18.54301687,2
CE2,53669,11.48585141,-110.5874971,15.69547543,2
CE2,53685,11.69289603,-104.594882,14.97388795,2
CE2,53690,12.04788029,-100.7010585,8.908152806,2
CE2,53731,10.81264336,-81.03434977,8.537841076,2
CE2,53732,11.21887699,-81.75491847,8.736117653,1
CE2,53734,11.58120729,-79.6669404,9.512771026,1
CE2,53745,11.69289603,-76.33050085,14.00048096,2
CE2,53746,11.5108975,-75.02797216,9.514139215,3
CE2,53747,11.28347489,-75.921556,11.39859363,2
CE2,53766,11.5417204,-68.80139347,8.253036593,4
CE2,53829,11.17741102,-38.80784402,8.123072095,2
CE2,53920,11.452132,-4.39061219,15.10240139,4
CE2,54004,11.34516677,28.39084019,9.072994098,4
CE2,54061,11.05490723,50.01281654,11.61022024,1
CE2,54064,11.45694931,51.93367773,9.413109522,1
CE2,54088,11.52053002,66.36372959,12.44448525,2
CE2,54089,11.3461306,68.16072767,8.995766217,4
CE2,54095,10.80395295,75.14621364,8.008424007,2
CE2,54098,12.09690657,75.58858188,8.753935462,2
CE2,54101,11.15040674,76.87144976,9.263905062,4
CE2,54103,10.91401286,76.56867328,9.39995631,2
CE2,54110,11.34420294,79.49813405,8.495837586,2
CE2,54162,11.8112754,94.86404049,17.56707498,1
CE2,54173,10.78560569,105.9930423,9.065703783,2
CE2,54176,11.10893099,107.1805552,11.0303468,2
CE2,54181,11.56579844,111.0930565,8.225664121,2
CE2,54187,11.16583807,114.5346814,13.5021025,2
CE2,54194,11.44635113,120.395569,11.61256619,2
CE2,54208,11.21405567,125.2183658,9.130688893,2
CE2,54218,11.47140073,128.4565013,8.458101008,2
CE2,54228,11.2063414,131.5363673,8.473964127,2
CE2,54233,10.81940239,133.5516004,10.30061653,3
CE2,54255,11.05008319,139.8096363,8.894193034,5
CE2,54258,11.08288506,140.3797998,8.950068979,2
CE2,54267,11.51475055,145.1849019,8.432740722,2
CE2,54285,11.53497818,149.6665837,9.19645618,1
CE2,54288,11.29986309,149.1740804,13.65530472,2
CE2,54289,11.54075724,150.3763389,13.60374783,1
CE2,54294,11.24683905,151.6080887,11.40235315,2
CE2,54300,10.88794971,154.2740946,17.0579589,2
CE2,54303,11.34516677,155.1735767,11.12280745,2
CE2,54305,11.28443893,157.2477922,14.51675715,2
CE2,54306,10.88215759,158.8963512,10.53183844,5
CE2,54311,11.06166074,160.0936945,8.898829138,2
CE2,54314,10.87733073,162.0843516,12.33000495,5
CE2,54316,11.63513159,163.5195908,8.511120815,2
CE2,54317,11.06262552,163.9668742,11.92079265,2
CE2,54321,11.44346065,167.2040267,8.808737458,5
CE2,54323,11.25744464,168.7768915,9.945796012,2
CE2,54324,10.80588417,168.8909242,9.74684728,2
CE2,54325,11.39720894,169.3903088,22.89989565,2
CE2,54327,11.23237626,170.2956891,8.972207186,2
CE2,54328,11.56098299,170.6033808,8.016541163,5
CE2,54329,10.86381512,170.682024,10.80228822,5
CE2,54331,11.03078626,172.1900082,11.61236847,2
CE2,54332,11.6418714,175.0172327,10.05801097,2
CE2,54335,11.66401531,175.9157318,11.08657971,5
CE2,54337,10.78464002,175.7967839,10.34513651,2
CE2,54338,11.46754709,177.0324658,9.990640497,2
CE2,54340,11.16583807,177.6045954,8.554069348,2
CE2,54342,10.97867821,178.6417032,8.052974082,5
CE2,54348,10.49189864,-179.7394828,11.39294433,2
CE2,54353,10.22306678,-177.270085,10.28333143,2
CE2,54358,10.21242482,-174.3209634,9.689916498,3
CE2,54359,9.81842525,-173.3339907,9.726869617,2
CE2,54360,10.10501798,-172.6006425,8.133355546,5
CE2,54362,10.08856511,-171.8289557,19.80149631,2
CE2,54370,10.5721164,-166.4065042,9.229109325,2
CE2,54388,10.30432081,-161.3399133,10.16140171,2
CE2,54395,10.63685523,-158.0349311,14.31677215,2
CE2,54404,10.31689397,-153.5719271,9.764652569,2
CE2,54406,10.38071919,-153.9503977,14.22308858,2
CE2,54409,10.57115005,-149.6368158,9.899200129,2
CE2,54411,10.39812381,-148.3421515,13.45756498,2
CE2,54433,10.46289914,-139.0435712,9.366943847,2
CE2,54452,9.85620013,-131.7975794,8.826931145,2
CE2,54453,10.51702934,-131.8044607,10.75567403,3
CE2,54456,10.11372799,-128.9929648,8.100994649,2
CE2,54458,10.33526923,-127.7789098,8.366501729,3
CE2,54468,9.86588531,-121.33213,8.295257929,2
CE2,54469,9.84942035,-122.0094449,9.621374333,5
CE2,54470,10.72283032,-120.6440016,14.32999349,2
CE2,54475,10.53539279,-118.0782659,15.71862539,2
CE2,54477,9.90559153,-116.7865506,16.13412856,2
CE2,54478,10.1098569,-114.4262703,11.70007623,2
CE2,54483,10.42132846,-111.6973498,13.85041594,2
CE2,54484,10.37685137,-112.3756478,15.27760569,2
CE2,54485,10.15630683,-110.9925098,8.976161589,2
CE2,54487,9.88041253,-109.2780871,9.215636958,2
CE2,54495,10.71606911,-102.1146708,12.05643428,2
CE2,54502,10.32366393,-96.62242337,25.06154619,2
CE2,54507,9.90849667,-93.2997464,10.08871384,2
CE2,54508,10.63105828,-93.72540294,8.804279059,2
CE2,54520,10.38942162,-85.65955544,12.26917853,2
CE2,54522,9.77386472,-84.6155664,10.48869884,2
CE2,54529,9.7932396,-81.08350179,9.675449493,2
CE2,54538,9.77870855,-77.40594719,8.771809889,2
CE2,54541,10.31012387,-75.60993215,8.390950642,2
CE2,54542,10.15340391,-75.16363175,9.822507795,2
CE2,54543,10.26853292,-74.65245068,8.099126191,2
CE2,54762,9.75836401,13.9430936,8.195719512,2
CE2,54823,10.00047958,40.29152879,10.11821018,3
CE2,54835,9.99273465,44.74961757,12.3559651,2
CE2,54840,10.66294013,47.75280637,8.805726577,2
CE2,54846,10.61656543,50.64687768,9.438752011,5
CE2,54856,10.30818953,54.29494107,8.277311293,2
CE2,54857,9.82326843,53.99118155,8.511853643,2
CE2,54859,10.19694498,53.96365641,9.557088611,2
CE2,54864,9.81939389,58.3224581,10.04312967,2
CE2,54877,9.84651468,68.5883503,9.541390022,2
CE2,54887,10.61849785,75.01645229,8.227054995,1
CE2,54894,10.04500933,78.1287586,10.68158857,2
CE2,54909,10.08856511,82.61338947,9.085581947,2
CE2,54920,10.41359377,88.2757029,10.0262297,2
CE2,54938,10.46676589,96.31304223,10.9484008,2
CE2,54945,10.34784116,100.7848936,8.777017781,2
CE2,54952,10.64748268,109.1328737,11.67998613,1
CE2,54961,9.98014875,112.9854095,9.346143561,3
CE2,54962,10.00435197,114.0726524,8.902640817,3
CE2,54968,10.72089856,116.9657406,12.62613898,3
CE2,54969,10.01209662,118.0048145,12.23088119,2
CE2,54978,10.20661997,121.0306132,9.969246862,2
CE2,54988,10.06533609,124.3110194,10.27550384,2
CE2,54991,10.4706326,126.4796068,11.07706215,2
CE2,54995,10.56631823,128.3847394,11.36537459,2
CE2,54997,10.58854397,129.103342,8.453322801,2
CE2,55000,10.74021557,129.9880785,12.40483304,2
CE2,55008,9.8038953,133.058114,9.279133173,3
CE2,55023,9.92980028,139.2620828,9.190876961,2
CE2,55032,9.76805204,141.8268355,8.619191182,2
CE2,55037,10.39232238,142.4225581,8.152847741,2
CE2,55043,10.49673162,145.3775779,10.67807591,5
CE2,55052,10.23274097,148.5213415,11.03580693,3
CE2,55056,9.84167184,149.9005473,10.35594393,5
CE2,55060,9.80486399,150.3085091,8.459452979,2
CE2,55062,10.11663127,151.1745679,11.59370151,1
CE2,55071,9.86685381,155.1480177,11.07470347,1
CE2,55073,9.89493911,156.708103,9.906644621,2
CE2,55074,10.54892305,156.0632284,8.993750946,2
CE2,55079,10.4986648,158.6545232,9.873519357,5
CE2,55081,10.5740491,159.788952,10.19388575,5
CE2,55083,9.93851499,161.0098883,11.09257504,2
CE2,55095,9.94238812,164.2814472,9.036822423,2
CE2,55098,10.72379619,166.653524,16.05039954,2
CE2,55100,11.21116284,167.2757886,10.59808775,2
CE2,55101,10.67260063,167.7810714,9.464670212,2
CE2,55104,10.16501544,169.0442785,8.264357321,2
CE2,55105,10.50446424,169.8149823,8.474045943,5
CE2,55106,10.42519574,170.3143669,10.55200672,2
CE2,55108,10.15146861,170.7872094,8.661723905,5
CE2,55110,10.72186444,171.8488931,8.592649353,5
CE2,55111,10.00532006,172.9489155,9.879868633,2
CE2,55112,10.05952857,175.5520068,10.13868976,2
CE2,55116,10.25885982,177.2044979,8.474126677,5
CE2,55118,10.25885982,178.0774379,9.096686629,2
CE2,55120,10.48029916,178.3821805,9.810041743,2
CE2,55121,10.54699019,179.5392192,11.44659169,2
CE2,55122,9.98498954,178.8402773,18.23778949,2
CE2,55124,9.0387444,-179.2263357,10.59681994,2
CE2,55127,9.63627076,-177.8471298,14.62662464,2
CE2,55135,9.45886631,-172.6527437,13.01956933,2
CE2,55136,9.29010171,-173.0341634,9.84860883,2
CE2,55137,9.19210325,-172.2870526,11.61760377,2
CE2,55139,9.6217329,-170.1931763,12.63007165,3
CE2,55142,9.28816141,-167.7404902,12.99990126,2
CE2,55144,9.14746128,-166.3347422,10.77743696,2
CE2,55151,9.66825186,-161.9572627,8.674011901,2
CE2,55152,9.43850253,-160.895579,9.076523353,2
CE2,55157,9.7176712,-158.2256409,10.38650176,2
CE2,55168,9.43268409,-154.4979512,10.87468181,2
CE2,55173,9.19016241,-152.2576019,9.79843323,3
CE2,55178,9.48601613,-149.5650539,10.31869411,2
CE2,55179,8.83092657,-149.1875663,8.880542059,2
CE2,55200,9.53352315,-140.8739926,10.21210321,5
CE2,55203,9.06786823,-140.4276922,9.855210742,2
CE2,55206,8.93096583,-138.6533041,8.631978563,5
CE2,55220,8.82218398,-131.3837194,9.583561554,2
CE2,55221,9.33763567,-131.4859556,11.0627947,2
CE2,55225,9.0338902,-129.9760053,9.180107001,2
CE2,55226,9.65468449,-128.8415766,10.6997235,4
CE2,55231,9.17948761,-126.3230268,8.706627641,2
CE2,55234,9.20374806,-125.2289027,10.03666028,2
CE2,55236,8.89891739,-125.1070056,8.348098012,2
CE2,55240,9.16590103,-123.8251208,9.638433944,2
CE2,55246,9.22412555,-122.6857768,8.871180939,2
CE2,55250,9.49571198,-121.5002299,8.440881355,2
CE2,55257,8.98437364,-119.4967934,10.54660931,2
CE2,55259,9.60913291,-119.9706189,14.06746269,2
CE2,55261,9.33375559,-117.7322356,11.2902829,2
CE2,55262,8.77652488,-117.9937244,8.137694816,2
CE2,55264,9.24062075,-117.2613592,11.91176961,2
CE2,55267,9.40843952,-114.6651492,14.87338909,2
CE2,55268,9.65177713,-115.0406707,13.46014085,1
CE2,55269,8.82315539,-113.0146241,9.649749928,4
CE2,55271,9.36188519,-111.5154873,13.39162843,2
CE2,55274,9.30853401,-110.6612251,12.1774138,2
CE2,55289,8.8017838,-103.3247937,10.20552329,3
CE2,55313,9.51316381,-87.97953108,8.730100503,2
CE2,55328,9.60137884,-77.05303564,8.887837404,2
CE2,55375,9.10184304,-54.74489701,9.482221524,4
CE2,55406,9.3512156,-38.41266172,9.235533739,2
CE2,55418,9.25226396,-32.06418601,9.558932839,4
CE2,55525,9.12999115,10.77475398,9.239818464,2
CE2,55619,9.65274625,42.92902652,9.64316897,2
CE2,55629,9.40165073,50.70192795,10.71001278,2
CE2,55636,8.79692645,53.59894838,8.563194992,2
CE2,55637,9.72832932,54.56822633,8.685025746,2
CE2,55651,9.3434557,61.31974866,9.159395414,2
CE2,55652,9.39680152,61.0562938,9.85384214,2
CE2,55656,9.28622111,62.44827918,9.399148195,1
CE2,55660,9.25711518,67.74096937,8.232812691,2
CE2,55663,9.29883292,68.98058347,8.332716741,2
CE2,55677,9.16396005,75.11672243,8.156924994,2
CE2,55756,8.92028333,110.1237786,9.109715161,1
CE2,55761,9.49959024,115.5236202,10.20694546,2
CE2,55762,9.13678519,115.9994118,8.051588008,2
CE2,55766,8.89406132,118.6025031,11.70959221,2
CE2,55768,8.88046398,120.8054969,9.515527429,2
CE2,55771,9.03097765,123.6602466,9.695073425,2
CE2,55773,9.6895709,125.4690412,9.969056498,2
CE2,55774,9.49377283,125.0011139,11.66674848,2
CE2,55781,9.54127877,128.546941,14.46327056,2
CE2,55783,9.54418708,130.1935339,14.09947411,4
CE2,55786,9.20957032,129.3962881,9.770227475,2
CE2,55787,9.55291187,131.1795236,8.598205256,3
CE2,55793,9.02126898,133.8946815,9.563371317,2
CE2,55805,8.87852147,137.4277292,11.18470236,3
CE2,55834,8.99990898,144.5773829,8.637659062,2
CE2,55835,9.18725113,145.2871381,8.024263914,2
CE2,55845,9.18531027,150.0489865,9.189660896,2
CE2,55853,8.87949273,152.2903188,8.217059377,2
CE2,55855,8.96106938,154.3193145,8.690781814,2
CE2,55856,9.43947226,154.5925998,10.98213831,2
CE2,55858,9.40456023,154.0981304,11.09165338,1
CE2,55859,9.50540755,154.8953762,10.89707937,2
CE2,55862,9.66049915,155.7820788,9.649038237,2
CE2,55867,9.76320806,158.8462161,9.200988273,5
CE2,55868,9.26875784,158.8796395,10.6965461,2
CE2,55869,8.98340266,159.3888545,9.852531055,1
CE2,55870,8.85229647,160.0524068,8.588624646,5
CE2,55876,9.24353159,166.3124089,8.182214435,5
CE2,55877,9.40456023,165.8641424,12.67573318,2
CE2,55878,9.38613301,167.5303961,12.57051294,2
CE2,55879,8.94067693,167.1725694,11.59331416,2
CE2,55888,9.72736042,170.3704002,12.26371659,2
CE2,55889,8.95524308,170.4539586,13.85946546,2
CE2,55894,9.79614574,171.6906236,13.16042339,2
CE2,55896,9.00573456,173.1592862,12.20494733,2
CE2,55898,9.13484405,176.017968,10.84440332,2
CE2,55899,9.28719126,177.9761847,12.62793316,2
CE2,55900,8.93582141,177.9250666,9.087247933,5
CE2,55902,8.06470134,-179.3334871,8.525640681,2
CE2,55909,8.34589145,-174.6866545,19.01429387,2
CE2,55912,8.19413187,-171.7581768,19.38455223,2
CE2,55913,7.82519477,-171.6844487,8.496929092,2
CE2,55914,8.052048,-170.9697783,8.327279853,2
CE2,55916,8.4927308,-170.7515433,12.27878966,2
CE2,55918,8.26418201,-169.4549128,11.4403765,2
CE2,55928,8.57730816,-163.710024,8.939935426,5
CE2,55933,8.68616162,-161.7596716,8.721967838,2
CE2,55939,8.35464502,-158.5746203,8.636869716,2
CE2,55943,7.86025321,-158.0044568,10.56392927,2
CE2,55944,8.13574733,-157.1275847,14.42086264,2
CE2,55948,8.2671005,-155.0681148,9.901178286,2
CE2,55951,9.11154953,-154.4861548,8.581993694,2
CE2,55953,8.27099178,-153.0804068,14.09736171,2
CE2,55957,8.26612767,-151.1998503,13.07700139,2
CE2,55959,7.98877539,-150.4537225,11.05885104,2
CE2,55960,8.33032906,-150.1067092,11.97158262,1
CE2,55978,8.00629802,-139.0937062,9.201738536,2
CE2,55989,9.12707938,-135.0190032,10.51323239,2
CE2,55997,8.20094284,-131.6314456,12.45133793,2
CE2,55998,8.55300624,-131.1713826,12.85806584,2
CE2,56000,8.29433866,-130.4360683,8.843961665,5
CE2,56001,8.24180623,-130.0231913,9.114877423,2
CE2,56012,8.59188857,-124.8936858,12.03909391,2
CE2,56019,8.22429387,-120.8671518,8.920138211,2
CE2,56021,8.28461096,-120.5093251,12.47042616,2
CE2,56022,8.13282788,-120.3028866,16.45221076,2
CE2,56023,7.89044005,-119.7523839,9.69866383,2
CE2,56026,7.93230846,-116.6597384,11.79761601,2
CE2,56028,8.7988694,-117.0844119,14.60717775,2
CE2,56029,8.31573875,-116.0856427,9.131705883,5
CE2,56032,8.51120332,-115.4014465,15.66446126,2
CE2,56034,8.41494205,-114.0920365,9.65900998,2
CE2,56035,8.54620143,-113.5513643,12.11594799,2
CE2,56044,8.31962955,-106.8244179,8.467749039,2
CE2,56056,8.56467136,-95.80748278,11.30085449,5
CE2,56073,7.95470145,-88.49366127,8.952167506,5
CE2,56074,8.34102827,-87.75834696,9.075697385,5
CE2,56092,8.69490741,-74.56004487,9.012847045,2
CE2,56095,8.30114791,-73.37843016,8.520582877,2
CE2,56113,8.1094715,-65.38139549,8.260086756,4
CE2,56204,8.71434176,-22.96319683,11.25658271,2
CE2,56225,8.27488302,-9.79438596,10.0611443,4
CE2,56259,8.73280346,1.34641231,9.730026747,2
CE2,56333,7.80474265,27.88260824,9.309407634,4
CE2,56362,7.8807026,40.77223561,10.76197406,2
CE2,56368,7.84077667,42.50435301,8.591189925,2
CE2,56391,8.08319396,52.60312832,8.287230022,5
CE2,56406,8.71045497,60.05654158,8.719789244,2
CE2,56407,8.00921838,61.45442521,9.66786404,2
CE2,56408,8.37604181,61.25683407,10.00531568,3
CE2,56432,8.64728899,68.47235152,8.406811062,4
CE2,56449,8.71239837,76.82819598,10.28251946,2
CE2,56451,7.84856739,78.0560136,9.323895703,2
CE2,56466,7.99364286,83.50697331,12.12852125,2
CE2,56469,8.62785117,84.69153714,13.35785607,2
CE2,56480,8.08222069,88.67678343,9.742025822,2
CE2,56495,8.16007526,99.34473921,13.41039986,2
CE2,56504,8.62299156,106.1729387,14.60249044,1
CE2,56506,8.68616162,108.5115921,10.2045568,2
CE2,56513,8.744463,113.8819425,10.33470306,3
CE2,56519,7.88362386,119.4675788,9.008441091,5
CE2,56520,8.19899686,120.7180063,11.43584892,2
CE2,56522,8.41202467,123.2119801,13.23873916,2
CE2,56528,8.31282063,125.973341,20.04567562,2
CE2,56531,8.75126424,127.6297642,11.34568342,2
CE2,56535,8.16980601,130.4274976,9.501670505,2
CE2,56539,8.2106726,130.8973909,10.24071688,2
CE2,56550,8.41688696,134.3586766,11.06656589,5
CE2,56559,8.41396959,138.9209677,8.995882712,2
CE2,56570,8.15423669,142.178764,11.14366538,3
CE2,56579,8.15715598,145.5368304,8.894566459,2
CE2,56588,8.73086016,150.8423002,13.54283792,3
CE2,56590,8.23402305,151.7506296,13.82214806,2
CE2,56594,8.05010129,153.33824,9.961392981,2
CE2,56595,8.22040212,153.7638966,9.052503024,2
CE2,56597,8.5870285,154.7754453,9.151619364,2
CE2,56599,7.84467205,155.0231715,10.09916141,2
CE2,56606,8.41883186,157.7933797,10.2391337,2
CE2,56607,8.76680945,157.2320636,11.63993899,2
CE2,56608,8.08222069,158.6722179,9.985927083,2
CE2,56609,8.53259143,158.9464862,11.29619882,2
CE2,56612,9.25226396,159.8852899,8.259963873,2
CE2,56617,8.324493,159.9963735,10.6817241,2
CE2,56621,8.77846794,161.4050706,9.065273863,2
CE2,56625,8.66964125,163.2915254,11.09276595,2
CE2,56627,8.04231439,163.4930487,8.739620718,5
CE2,56628,7.83980281,164.5753763,8.34378612,2
CE2,56629,8.25639927,164.3650056,9.072526356,2
CE2,56633,8.46939583,165.4502824,9.631510483,2
CE2,56639,7.90504579,169.177972,10.22789991,5
CE2,56643,7.97904026,171.6945558,8.471961206,2
CE2,56644,8.57050378,171.3947284,8.912184981,5
CE2,56646,8.76486634,172.6864437,10.92399972,2
CE2,56648,8.70462471,172.0700773,10.47476546,2
CE2,56652,8.63368262,174.9631655,10.62662804,5
CE2,56655,7.95762218,174.7164223,15.53515531,2
CE2,56661,7.56898478,-178.9874568,11.38191461,2
CE2,56662,7.18974999,-179.7168729,10.46053636,2
CE2,56665,7.6810348,-178.5519699,9.772473339,2
CE2,56667,7.07952654,-177.5178112,8.807556311,2
CE2,56670,7.63816695,-176.567211,11.39349215,2
CE2,56672,6.94488169,-175.8181342,11.39621961,2
CE2,56673,7.21120632,-175.256818,8.453157613,2
CE2,56674,7.70636377,-174.9933632,8.980359143,2
CE2,56679,6.90194331,-172.6753536,12.04953104,2
CE2,56682,6.87559283,-171.1791659,9.265234907,1
CE2,56699,7.38769458,-163.3767733,8.511088822,2
CE2,56708,6.83069605,-159.7493537,8.817053641,5
CE2,56709,7.76383542,-159.7218286,9.250011342,5
CE2,56710,7.45203197,-160.3470424,10.25151776,1
CE2,56716,7.24436411,-156.7786053,9.234717849,2
CE2,56719,7.41791483,-155.3944842,10.07993814,2
CE2,56729,7.35747226,-150.5815178,16.2866139,1
CE2,56738,6.8970637,-144.0649422,9.640930946,2
CE2,56766,7.77260159,-129.2239793,11.0259891,4
CE2,56768,7.17609543,-129.8098715,8.171690775,2
CE2,56771,7.65960142,-128.6371042,10.47544641,2
CE2,56782,7.7122087,-125.649644,9.158078832,2
CE2,56788,7.07952654,-122.6484213,12.69721424,2
CE2,56790,7.04147869,-121.0106758,11.39274305,2
CE2,56792,7.28727057,-120.3009205,9.84566979,2
CE2,56801,7.51051231,-115.5400552,10.26559239,2
CE2,56802,7.89725613,-115.1497882,14.55765479,2
CE2,56810,7.65375576,-112.2075479,11.1393042,2
CE2,56811,7.24631449,-111.8752802,12.85228153,2
CE2,56817,7.71513114,-110.0989259,26.10597164,2
CE2,56821,7.52415659,-109.4186619,8.049063258,2
CE2,56827,7.28434526,-104.3402745,10.98335896,2
CE2,56836,8.3847947,-98.98663583,8.838249514,2
CE2,56847,7.5621634,-90.41059029,11.16666647,2
CE2,56858,7.69467367,-83.06334541,9.886642517,2
CE2,56859,7.0765999,-83.37103709,10.99559967,2
CE2,56878,6.94585752,-67.3877812,8.308788224,4
CE2,56944,7.42668806,-41.88967606,11.30554107,3
CE2,57060,6.97220408,2.5201627,17.15371543,2
CE2,57098,7.448133,14.86911777,14.21104681,1
CE2,57184,8.26418201,45.49869445,10.04964081,2
CE2,57188,7.61575705,45.85947032,14.30614228,2
CE2,57202,7.36624669,52.6630938,8.752612276,5
CE2,57204,7.52610574,51.77639124,8.376004058,1
CE2,57229,8.18926682,57.762125,8.41776802,1
CE2,57232,7.44130972,60.21382807,8.855306058,3
CE2,57243,7.49491832,66.08847825,10.95050704,2
CE2,57249,7.52805488,70.6527354,8.640689666,2
CE2,57268,7.68200902,78.88373372,9.516951308,2
CE2,57290,7.1907253,91.61804068,9.738247268,4
CE2,57315,7.74435438,102.6005694,11.21507806,2
CE2,57317,7.65375576,104.4880072,8.850956671,5
CE2,57325,7.66544699,109.4956157,9.279324935,5
CE2,57330,7.60406446,110.0549657,9.70322063,2
CE2,57340,7.21803312,120.8516998,8.303374211,2
CE2,57345,7.66836975,123.9944804,9.384710748,2
CE2,57346,7.67226673,124.8507087,11.20488126,2
CE2,57347,6.93902669,124.9087081,8.654922454,3
CE2,57353,7.21705787,127.0576347,11.65764317,2
CE2,57355,7.55534191,128.3562312,11.11669167,2
CE2,57356,7.10391454,127.9718623,8.837135994,2
CE2,57359,8.13477418,128.1989447,9.054447371,2
CE2,57361,6.92829233,128.8742935,9.907062008,2
CE2,57370,6.81605488,131.9561256,8.305081198,5
CE2,57371,7.55534191,132.8801837,8.827062738,5
CE2,57375,7.25314076,133.6990564,10.824334,2
CE2,57403,6.94390586,145.7255742,9.425104093,2
CE2,57413,6.87559283,151.7565278,11.52933562,2
CE2,57415,7.62257758,151.7997816,9.535496805,2
CE2,57417,7.48517179,152.2146247,11.81020496,1
CE2,57418,8.33227439,153.0236671,8.601558033,2
CE2,57419,6.98098594,152.6078409,13.38285154,2
CE2,57420,7.35552236,153.5083061,9.550240922,2
CE2,57424,7.0609908,154.1315538,10.03663114,1
CE2,57425,7.03172232,155.496997,11.9700342,2
CE2,57426,7.1214731,155.8558068,12.58549875,2
CE2,57429,7.25996693,157.3362659,16.83849688,2
CE2,57434,7.46762749,158.8127927,8.298714347,1
CE2,57436,7.20145357,159.7565116,14.87671769,2
CE2,57440,6.87364088,160.4171149,11.31623012,1
CE2,57449,7.45203197,163.6021662,11.64553756,2
CE2,57450,7.58555054,164.4810044,12.57639957,2
CE2,57451,6.90682287,163.9688403,12.35782122,2
CE2,57452,7.58262722,165.4345537,13.44783348,3
CE2,57453,6.94293003,165.3146228,9.691504247,5
CE2,57461,6.98098594,170.9199198,11.26415587,2
CE2,57467,7.75896524,173.156337,10.95188419,2
CE2,57471,7.21023106,175.217773,8.249422183,2
CE2,57473,7.76578347,178.3811974,9.087199704,2
CE2,57475,6.11668016,-179.4209777,12.13729606,2
CE2,57481,6.7067201,-176.4974152,10.14987444,2
CE2,57486,6.12058992,-175.2056999,10.25995266,2
CE2,57493,6.61591452,-171.6923131,9.00185914,2
CE2,57494,6.18021024,-171.8486165,9.254926342,2
CE2,57495,5.88008704,-171.811261,8.216828145,5
CE2,57497,6.5827126,-171.1860472,8.863312664,2
CE2,57500,6.56513421,-169.7881636,15.64466582,2
CE2,57507,6.5573214,-164.7078101,11.43247191,3
CE2,57512,6.49481448,-162.2944456,8.689199712,2
CE2,57516,6.62860878,-160.1317565,8.019129799,5
CE2,57524,6.36196159,-156.0491892,10.53102471,2
CE2,57527,6.40397029,-153.8147381,8.877996861,3
CE2,57530,6.48602382,-152.2202463,9.67449523,2
CE2,57531,6.50165155,-151.9312324,8.289858436,2
CE2,57532,5.94951134,-151.6677776,9.226994552,2
CE2,57534,5.91431138,-150.0349473,11.12623162,5
CE2,57536,6.18705148,-149.4038352,15.71607031,2
CE2,57540,6.88535244,-147.2893151,13.74339675,1
CE2,57545,6.26620802,-146.2354956,9.95323368,2
CE2,57549,6.83362423,-144.7275115,12.05832502,2
CE2,57552,6.49969811,-143.7159628,11.24758302,2
CE2,57581,6.1381835,-131.1743317,10.02899393,3
CE2,57586,6.06487313,-127.4869467,10.56435891,5
CE2,57587,6.53485887,-127.8781969,10.84651889,2
CE2,57588,5.94364484,-127.8919594,10.01597695,5
CE2,57597,6.81800706,-124.3323697,9.148126859,2
CE2,57599,6.05607521,-123.7032238,8.322992059,2
CE2,57603,6.23689218,-121.2967406,11.74785608,2
CE2,57607,6.15186699,-120.0394317,9.895899253,2
CE2,57618,6.42155431,-112.550629,17.88778714,2
CE2,57621,6.05900786,-112.3058519,16.66913739,2
CE2,57630,6.53681218,-106.9974331,8.047847313,2
CE2,57641,6.13231904,-99.82320332,10.02740139,2
CE2,57645,6.55536818,-97.11394363,13.93203359,2
CE2,57664,6.08833354,-87.47326521,8.216297004,2
CE2,57668,6.18705148,-84.76400552,10.00193041,2
CE2,57696,6.27500245,-64.81909631,17.4365089,4
CE2,57794,5.96319961,-20.19200559,9.486998753,2
CE2,57859,6.32092651,5.66785846,8.776174377,3
CE2,57887,6.37368529,16.02812255,10.26469288,2
CE2,57892,6.20757469,18.00010184,12.07127313,2
CE2,57959,6.17434624,45.93614748,12.13598083,5
CE2,58004,6.37661618,59.92186503,10.57921574,2
CE2,58007,6.69402786,61.34039251,8.469344195,2
CE2,58009,6.1303642,61.43083224,17.00837387,3
CE2,58018,6.43034609,64.98157461,10.38663016,2
CE2,58029,6.49969811,69.75227028,9.995011954,3
CE2,58036,6.49481448,73.03169347,10.01910824,5
CE2,58038,6.5319289,73.56941664,9.565786547,3
CE2,58047,6.37661618,78.0294715,9.411415655,2
CE2,58048,6.23005158,78.43153508,8.106896592,2
CE2,58050,6.63153818,80.09975485,8.473608575,2
CE2,58052,6.45672051,80.86357734,11.90416498,2
CE2,58056,6.02088211,83.13931615,10.00474835,2
CE2,58064,6.55634479,84.62862255,11.45955351,2
CE2,58072,6.94293003,85.27153105,8.942456754,2
CE2,58077,6.71160164,86.08155644,9.405407482,2
CE2,58087,6.25643625,88.63942789,8.187151754,2
CE2,58090,6.08442354,91.75075115,8.535153851,2
CE2,58116,6.667666,110.4521141,15.36848118,2
CE2,58120,6.65887839,112.0230129,33.84386755,2
CE2,58125,5.91235576,114.2731926,9.68502255,2
CE2,58126,5.95146683,113.9753313,10.51278571,2
CE2,58128,6.34730658,114.8807117,12.32590738,2
CE2,58131,6.71745943,117.7344783,11.22556971,5
CE2,58133,6.11374782,124.2087832,12.00353975,2
CE2,58135,6.20464286,123.791974,11.6500775,2
CE2,58137,6.11277037,125.3903979,15.23792991,2
CE2,58170,7.37502095,135.4537838,11.03770622,1
CE2,58173,6.78286658,138.2367715,9.510287072,5
CE2,58192,6.70379115,143.4862079,8.547110194,2
CE2,58211,6.25350469,150.2475606,9.093932283,2
CE2,58212,6.61689101,150.9238925,9.404203939,2
CE2,58217,6.4098317,151.5609028,8.610958817,2
CE2,58220,6.70964903,153.6243048,11.58956033,2
CE2,58225,6.75358089,154.2455865,11.39032664,2
CE2,58229,7.34577275,155.1460516,8.362868933,2
CE2,58232,6.32678887,155.9924495,13.49069134,1
CE2,58234,6.05998541,156.927321,9.760596435,2
CE2,58236,6.08149102,157.7442277,9.041639556,2
CE2,58238,6.05998541,157.2989103,10.13717561,2
CE2,58246,6.5573214,160.6343668,8.741912252,2
CE2,58247,6.56025122,160.1349822,8.608389494,2
CE2,58263,6.23200604,166.3428832,11.36013648,2
CE2,58268,6.48602382,168.5930629,8.711728761,5
CE2,58275,6.48114005,175.3681782,8.312622686,5
CE2,58288,5.46042712,-174.4222166,11.39836029,5
CE2,58290,5.49174084,-172.8513178,10.01435172,5
CE2,58292,5.23531211,-173.098061,15.01111297,2
CE2,58297,5.76273056,-169.7468759,10.44986803,2
CE2,58298,5.57588831,-170.1096178,11.80146183,1
CE2,58301,4.98367482,-168.1533672,13.33212157,2
CE2,58302,5.38702917,-168.2182479,10.87946636,2
CE2,58314,4.94450069,-158.0300159,8.953953057,5
CE2,58317,6.11668016,-158.4674689,21.43404418,1
CE2,58324,5.29110917,-155.3600778,9.637448381,2
CE2,58325,5.45749137,-154.5618489,10.16254026,2
CE2,58327,5.31166472,-154.1243958,15.5593365,1
CE2,58330,5.41834672,-153.0037296,13.66797083,2
CE2,58336,5.57882347,-150.4743664,12.45428139,2
CE2,58347,5.76175249,-146.3082406,12.54144951,1
CE2,58382,5.23237529,-130.6238291,9.710072555,2
CE2,58384,5.69817412,-129.3999436,13.42722788,2
CE2,58387,5.60132588,-128.634155,10.75930136,4
CE2,58392,5.8008741,-127.3856936,10.0436849,4
CE2,58394,5.32341044,-126.7368868,8.147256746,2
CE2,58400,5.02774292,-122.3721869,9.912038411,2
CE2,58403,5.48684818,-120.7226449,22.69638506,2
CE2,58410,5.67861013,-116.1229983,10.43803087,2
CE2,58412,5.82238984,-114.7221655,9.688350241,5
CE2,58413,5.02872218,-113.0863861,13.30632133,2
CE2,58438,5.37528467,-95.33660637,8.385470342,2
CE2,58445,5.32047403,-86.63571468,8.200721104,5
CE2,58461,4.98171617,-78.18549833,9.754377453,2
CE2,58464,5.24510143,-76.0817916,8.92244988,5
CE2,58465,5.6844794,-75.21769898,9.555913301,5
CE2,58467,5.3165588,-73.84734049,11.42856591,2
CE2,58468,5.77740146,-73.44724299,8.007392085,2
CE2,58477,5.84390475,-69.30372718,9.527546441,4
CE2,58526,5.66002372,-47.39175388,9.316428201,4
CE2,58562,5.40170947,-32.37089466,8.51980518,2
CE2,58682,4.89748868,15.06179371,9.217239123,3
CE2,58752,5.21475404,44.78107487,8.415515214,5
CE2,58774,6.27109383,54.71568241,8.84658493,3
CE2,58796,4.87985832,59.88450949,8.954502131,2
CE2,58798,4.96800545,60.71222961,9.8620796,2
CE2,58800,5.08453741,62.249705,10.4642121,2
CE2,58804,4.86614549,62.95552809,8.366908793,2
CE2,58823,5.2284595,72.85867834,8.146401068,2
CE2,58826,5.05907843,74.74415007,8.71191303,2
CE2,58865,5.03263919,91.89034291,8.792076697,2
CE2,58871,5.03949391,93.80235673,10.6087718,5
CE2,58891,5.00913675,104.8015972,8.25716367,2
CE2,58893,5.57882347,105.8033155,8.275790383,2
CE2,58895,4.92197451,106.2820562,10.42385693,2
CE2,58898,5.10705798,109.2400251,8.016500736,2
CE2,58899,5.58860723,108.9342995,9.635940118,2
CE2,58901,5.87226404,111.4941371,12.30216415,4
CE2,58907,5.69817412,114.064788,8.48903575,2
CE2,58909,5.25978512,114.9151181,8.36181753,2
CE2,58914,5.74316878,117.3107878,8.435148812,2
CE2,58918,5.6639367,124.1458686,10.25158418,2
CE2,58961,5.28523603,139.8538732,10.41727113,2
CE2,58962,5.56610434,140.2067847,9.772814163,2
CE2,58969,5.29013032,142.0421214,9.376237121,5
CE2,58978,5.52500988,145.8700812,13.15506352,2
CE2,58981,5.09041242,146.7990545,8.176344057,2
CE2,58982,4.97975751,147.1165766,9.346931693,2
CE2,58985,5.13349416,147.6100629,8.735622323,2
CE2,59002,5.67861013,152.6992637,11.23767993,2
CE2,59010,5.05124469,154.9759856,8.333598847,2
CE2,59013,5.79207198,155.713266,16.99473444,2
CE2,59019,5.47216996,157.387384,9.694207937,2
CE2,59022,5.74316878,157.6528049,11.74465857,2
CE2,59023,5.22062785,157.82582,8.008650247,5
CE2,59026,5.12957775,158.891436,12.99847404,1
CE2,59028,5.44281242,161.5289337,13.40531972,2
CE2,59034,5.32634683,163.3278979,8.302337542,2
CE2,59037,5.97199903,164.0936864,12.00419314,2
CE2,59038,5.56512593,165.2900468,10.85312524,5
CE2,59040,5.09628737,165.4551976,17.57502927,2
CE2,59042,5.15992924,167.6719539,13.14206062,2
CE2,59045,5.82532374,166.2219692,8.300432631,2
CE2,59055,5.81163207,171.4743547,12.91765527,2
CE2,59063,4.9317686,176.6028771,10.47429949,2
CE2,59064,5.01795027,175.726988,13.32177654,2
CE2,59068,5.76566477,178.4362477,9.337018448,2
CE2,59071,6.34632956,179.1912228,8.391931313,2
CE2,59072,4.83088267,-178.9815586,9.516300962,2
CE2,59075,4.03308698,-178.3583109,9.365231472,2
CE2,59077,4.68197513,-177.7281819,9.541166188,2
CE2,59080,5.35864625,-178.4113951,9.74125133,1
CE2,59088,4.44287348,-172.4600677,9.57188905,2
CE2,59089,4.72900204,-172.5328127,11.22947497,2
CE2,59095,5.45651278,-171.4259091,9.480506753,1
CE2,59098,4.46835529,-169.6151484,10.02880943,2
CE2,59099,4.80247518,-170.0270424,8.233894366,2
CE2,59101,3.97620984,-169.8982641,8.181084768,2
CE2,59113,4.73585986,-163.9705297,11.09410227,2
CE2,59115,4.0821158,-163.5330767,8.375530439,2
CE2,59119,3.93992409,-162.4625456,8.80231381,2
CE2,59126,4.35171984,-157.9277796,8.613767157,5
CE2,59128,4.67413701,-157.2150753,10.533925,2
CE2,59129,4.47423558,-156.1946792,11.06978534,5
CE2,59175,4.36348222,-134.0133528,8.372835975,3
CE2,59189,4.36838316,-127.5429801,10.04385,5
CE2,59197,4.62808625,-118.565854,12.00297033,2
CE2,59201,4.64474326,-112.7423219,17.10528579,2
CE2,59205,4.96898479,-111.1566775,19.95421525,2
CE2,59219,4.5330359,-101.0175976,10.87935727,2
CE2,59229,4.02426147,-90.86475502,10.2225339,5
CE2,59245,4.71528619,-82.53840177,9.919529676,2
CE2,59257,4.10859012,-74.92573594,9.201283873,5
CE2,59264,4.23898773,-72.96260402,8.165777238,2
CE2,59310,4.35466045,-47.70632685,9.843685306,4
CE2,59319,4.63886436,-43.5716584,8.931097298,4
CE2,59528,3.93894338,44.57365332,9.038739228,5
CE2,59565,4.79267921,60.38291104,10.88006769,2
CE2,59587,5.47021283,67.03907843,9.079881443,1
CE2,59589,4.2468305,68.20594754,8.186705657,5
CE2,59611,4.52029623,78.32143454,9.226891181,2
CE2,59612,4.22526269,77.75028799,8.562351249,2
CE2,59629,4.10270701,84.65516464,8.668566715,2
CE2,59653,4.20663546,92.05549371,9.203873589,2
CE2,59677,4.1223172,101.0562128,10.31500964,2
CE2,59679,4.11349267,101.5025132,10.56952484,2
CE2,59685,4.77308686,104.4919394,9.917834431,2
CE2,59690,4.12820016,106.8325589,10.43364557,3
CE2,59696,4.41935103,114.4137674,8.265214833,2
CE2,59701,4.03014515,117.0306213,9.757321986,2
CE2,59703,4.67315724,117.9035613,10.32069528,5
CE2,59718,4.14879018,129.0040549,9.222736275,1
CE2,59720,4.28114168,131.1539645,10.13156274,3
CE2,59721,4.83480085,131.0340336,11.21959041,2
CE2,59732,4.02524209,138.2987031,8.615866226,2
CE2,59752,4.11643419,144.918498,8.477482955,2
CE2,59778,4.80051599,155.8331969,9.698092513,2
CE2,59779,4.82696447,156.4475972,12.99125973,2
CE2,59781,4.02916454,156.6137311,12.04795308,2
CE2,59782,4.00170697,157.9487001,8.80490942,5
CE2,59785,4.72312385,158.3301198,8.206147071,2
CE2,59787,4.68099537,161.4443922,9.303680632,2
CE2,59792,4.37720477,163.7417579,9.119801136,2
CE2,59796,4.5810526,164.8516107,10.7483429,5
CE2,59800,4.21447856,165.7216015,9.869890088,5
CE2,59806,4.90728312,168.4790302,11.40659435,1
CE2,59811,4.56929371,169.2438357,12.62253857,2
CE2,59823,4.67609655,175.3337718,10.26271366,5
CE2,59826,3.93600122,176.5566742,10.40875747,2
CE2,59827,4.69863086,176.1605089,12.97882031,2
CE2,59828,4.40464912,177.0354149,11.82109374,2
CE2,59830,4.03406758,178.4067565,10.99824661,3
CE2,59833,4.59575095,179.4841689,12.40087011,2
CE2,59838,3.43274535,-179.0307106,13.55059347,2
CE2,59840,3.18248781,-179.4249098,8.303216426,2
CE2,59845,3.80653598,-176.8051068,10.0280504,2
CE2,59859,3.18739542,-168.6006506,15.64194829,2
CE2,59872,3.08433073,-161.5817413,9.402094217,2
CE2,59876,3.57894424,-160.3775166,8.245397466,5
CE2,59878,3.11083405,-159.2263762,11.15128457,2
CE2,59879,3.76337654,-159.2155627,9.685530809,2
CE2,59886,3.74670073,-156.2605429,10.1968416,5
CE2,59890,3.15500476,-154.8626593,8.571835923,2
CE2,59899,3.22076655,-149.7075948,17.69955597,1
CE2,59905,3.22665546,-143.1752905,10.22860906,2
CE2,59908,3.23058138,-137.270166,9.911083962,2
CE2,59914,3.09905488,-135.1271377,11.8051413,2
CE2,59916,3.64565818,-134.8086326,8.56613669,5
CE2,59935,3.19917359,-126.6906839,8.276596447,5
CE2,59938,3.42980152,-124.8651777,9.877472779,2
CE2,59941,3.58090648,-121.8472432,12.04613216,2
CE2,59944,3.3522773,-119.9706189,11.48931197,2
CE2,59953,3.77514751,-114.782131,8.673301858,2
CE2,59954,3.33755681,-113.7224133,8.19269574,5
CE2,59955,3.95365402,-112.5122904,8.056017979,2
CE2,59959,3.68195634,-108.2783349,8.219205328,2
CE2,59961,2.94689567,-106.0566633,9.430877064,5
CE2,60014,2.96456686,-73.62517333,10.20500655,2
CE2,60026,2.94787741,-65.78837426,11.13750511,2
CE2,60033,3.05488183,-60.90561198,9.214375218,4
CE2,60049,3.50143224,-51.51560888,8.486585688,4
CE2,60118,3.56226499,-21.13867362,8.247112245,2
CE2,60221,3.38073628,13.9480088,9.016415713,2
CE2,60233,3.42882024,20.81847903,8.381801351,4
CE2,60304,3.81928722,44.10670907,10.0253289,2
CE2,60307,3.2914312,46.67441092,8.758300467,5
CE2,60314,3.9811132,49.81227627,18.5725915,2
CE2,60328,3.24039611,58.24873006,10.09630976,2
CE2,60331,3.75062448,58.79235147,10.11918816,2
CE2,60334,3.52007496,60.64931502,8.294821544,2
CE2,60335,2.97732921,59.73803645,9.966609297,2
CE2,60348,3.76828113,65.24404644,9.014832961,2
CE2,60381,3.38662424,76.1833214,10.8163393,4
CE2,60383,3.75160541,76.35043829,10.33348392,2
CE2,60384,3.37681095,75.61905614,8.408738043,1
CE2,60385,3.33166856,76.93239828,9.793144766,2
CE2,60403,3.79868897,85.20370125,9.101381472,2
CE2,60435,3.6898044,97.31967573,8.994943228,2
CE2,60441,3.10592608,100.1695102,17.08585695,2
CE2,60446,3.81928722,106.8512367,8.559924215,4
CE2,60447,3.10690767,106.0284317,11.38442679,2
CE2,60466,3.48671404,123.0605919,9.798594261,2
CE2,60467,3.33951956,124.2087832,13.44444665,2
CE2,60468,3.7663193,124.6206772,8.937249088,2
CE2,60474,3.64958238,125.9389345,11.07968226,2
CE2,60475,3.85557817,127.3997328,8.404980618,2
CE2,60480,3.18150628,128.5626697,8.942788524,2
CE2,60485,3.06960638,128.909683,9.452165014,2
CE2,60487,3.60935855,129.7197084,11.0044757,1
CE2,60495,2.89780757,135.2286675,8.091038545,2
CE2,60503,3.58286872,137.8081658,8.833396491,2
CE2,60516,3.75062448,142.9514339,10.03612602,5
CE2,60525,3.03623044,146.6014633,9.37530193,2
CE2,60536,2.97438407,149.3372651,8.893501948,5
CE2,60549,3.6692031,154.7223611,11.45779529,2
CE2,60559,3.66724105,157.2694191,9.337375962,2
CE2,60561,3.01757873,160.8240936,8.814190048,2
CE2,60569,3.33461269,163.9786707,8.006922559,2
CE2,60579,4.01935837,167.8007323,24.14370649,2
CE2,60582,3.51124424,169.4217661,8.99479427,2
CE2,60588,3.2737655,172.0307556,9.856074105,2
CE2,60591,3.3522773,172.8299676,8.488922756,2
CE2,60594,2.9704572,174.2445629,9.457279429,5
CE2,60595,3.10887086,173.7913812,11.27266067,1
CE2,60597,3.28063553,175.4045507,8.275236843,2
CE2,60602,3.06666149,176.3207445,10.58110553,2
CE2,60604,3.79770808,177.5072744,12.01913062,2
CE2,60608,3.11181564,178.491298,11.48978693,3
CE2,60609,2.90860714,179.535287,8.992440943,2
CE2,60612,2.73874767,-178.4752927,11.62815229,5
CE2,60613,2.37538545,-179.768974,10.44519606,2
CE2,60618,2.61109167,-178.119432,16.34678938,2
CE2,60627,2.58457686,-173.6121912,13.32863716,1
CE2,60631,2.75544015,-172.4974233,9.427116105,2
CE2,60641,2.39601141,-170.210871,9.58874912,2
CE2,60648,2.35279477,-167.9115392,10.74899522,3
CE2,60672,2.49226173,-160.0668758,8.918527636,2
CE2,60676,2.21822538,-157.0233824,8.626202277,2
CE2,60678,2.05908379,-155.0042171,11.31417926,2
CE2,60681,2.36359905,-153.1118641,12.77982816,2
CE2,60683,2.54333049,-152.4994299,14.25449847,2
CE2,60693,2.65626377,-146.6159323,16.90561012,2
CE2,60694,2.14553312,-146.3623079,12.46609593,2
CE2,60695,2.7407115,-144.4198198,11.59213559,2
CE2,60698,2.454941,-143.7425049,10.21211799,5
CE2,60708,2.72500074,-137.6348741,8.280141508,5
CE2,60724,2.29778983,-128.5083258,8.57744267,3
CE2,60728,2.29680758,-125.1345308,9.623240963,2
CE2,60731,2.73678383,-122.0635122,8.654579474,2
CE2,60734,2.77802373,-116.8583126,31.56572063,2
CE2,60747,2.68572295,-100.3648587,8.093209073,5
CE2,60796,2.03452346,-70.47256237,8.815973502,2
CE2,60799,2.41860139,-69.32633711,9.16455373,2
CE2,60864,2.90762536,-39.5982086,11.70878823,2
CE2,60963,2.7122356,-1.10332468,10.36307974,2
CE2,61025,1.99227882,28.9708341,10.10209643,4
CE2,61030,2.88504431,31.80985514,10.28672825,2
CE2,61114,2.51583218,66.37650912,10.25741097,2
CE2,61122,2.44806601,67.84812079,8.065728494,2
CE2,61123,2.55216911,68.13123646,10.1390706,2
CE2,61129,2.31939917,69.20078455,8.255611799,4
CE2,61158,2.17696804,77.57235766,8.123025587,2
CE2,61159,2.51485008,78.35092575,8.816949965,4
CE2,61161,2.56198973,79.23566223,8.013202615,5
CE2,61183,2.61010965,88.60010627,12.15306087,4
CE2,61210,2.12392124,103.1756481,14.95022447,1
CE2,61218,2.01487492,106.641849,8.284737033,3
CE2,61219,1.9765596,107.8844123,9.810925036,2
CE2,61227,2.16419769,113.1928311,9.356315778,2
CE2,61229,2.67786724,114.4648855,10.77261549,2
CE2,61236,2.40877971,116.7937085,12.64375628,2
CE2,61237,2.10525619,118.5238599,8.578550785,2
CE2,61244,2.21527846,122.9111697,8.709298923,2
CE2,61245,2.55216911,123.3132333,18.57114318,2
CE2,61250,2.16419769,126.1080175,11.81764767,2
CE2,61255,2.5786846,127.6415607,9.942848607,5
CE2,61265,2.43824454,129.4601857,16.40389024,2
CE2,61299,2.72500074,142.6457083,8.119700531,2
CE2,61303,2.28796729,143.4852249,13.92467433,2
CE2,61309,2.24376506,146.6938691,11.44430441,3
CE2,61310,2.09837954,146.3851944,8.654666225,5
CE2,61326,2.6759033,155.0624931,15.30919858,4
CE2,61337,2.82220774,161.6685255,9.617804103,2
CE2,61338,2.68768687,160.904703,12.72798233,2
CE2,61340,2.3233281,162.1305545,8.497497947,2
CE2,61341,2.45101244,162.5994648,9.802949154,2
CE2,61346,2.16616236,164.2401595,17.58049305,1
CE2,61348,1.98736658,166.0155307,11.49332918,5
CE2,61350,2.49520806,166.2111557,8.550031217,5
CE2,61351,2.6759033,165.95065,14.14485516,5
CE2,61356,2.36261685,168.0455093,8.363274978,5
CE2,61358,2.76133156,168.9744826,10.10215792,5
CE2,61363,2.6277859,169.7894232,32.73020574,2
CE2,61365,2.32823926,171.1509344,12.43233375,2
CE2,61369,2.0276465,174.1187337,11.54671067,2
CE2,61374,2.46869087,177.5642907,10.31839063,2
CE2,61377,2.85068098,178.0164894,8.520802115,2
CE2,61380,2.37734984,179.0300042,8.221779301,5
CE2,61388,2.10820332,-179.2804029,14.86890301,2
CE2,61389,1.81248163,-177.8962818,8.634183524,5
CE2,61393,1.41156064,-175.4219688,11.2820246,1
CE2,61398,1.68081543,-173.5374801,8.044274136,2
CE2,61401,1.38207819,-173.2455171,10.35780301,2
CE2,61405,1.2277809,-172.3509502,15.21363965,2
CE2,61415,1.97852451,-168.3371958,14.61241679,1
CE2,61426,1.47740343,-164.2693741,11.12737348,2
CE2,61428,0.98894692,-163.6097539,9.982919704,2
CE2,61443,1.28478355,-157.5561903,11.21084418,2
CE2,61448,1.70832852,-155.2725872,8.795729989,2
CE2,61449,1.23662622,-155.219503,9.815505565,2
CE2,61452,1.39190572,-153.4313523,10.75408736,2
CE2,61453,1.93922587,-153.4470809,9.052569831,2
CE2,61457,1.0036903,-152.4512609,8.982815874,2
CE2,61472,1.15308595,-144.230093,9.004614371,2
CE2,61476,1.78791774,-143.091732,8.042924866,2
CE2,61483,1.30443934,-139.791665,13.80852762,2
CE2,61484,1.83016742,-137.5749086,14.34873326,5
CE2,61485,1.20812453,-137.0588123,12.94710063,2
CE2,61486,1.89501381,-136.0865853,9.250308336,5
CE2,61514,1.39681946,-122.1293759,9.655123699,5
CE2,61515,1.46266267,-120.9772524,9.896334324,2
CE2,61553,1.75942323,-97.66837849,10.24339056,5
CE2,61559,1.20517607,-94.68288442,10.16531024,2
CE2,61647,1.15996584,-44.71690061,9.038883725,4
CE2,61670,1.73682382,-35.91967095,8.178438256,2
CE2,61704,1.88911878,-22.53950637,9.626042481,2
CE2,61709,1.6307013,-21.66853246,8.13815857,2
CE2,61761,1.093132,-2.445175,9.761319739,2
CE2,61780,2.52663515,6.19476818,9.112553861,2
CE2,61784,1.06659462,7.6919389,9.197301562,2
CE2,61799,1.93431347,16.31517038,12.48548059,1
CE2,61805,1.25824799,18.19277779,10.08439046,1
CE2,61843,1.85866082,31.53755291,11.90435517,4
CE2,61877,1.83802771,41.98923978,18.79455956,2
CE2,61931,0.94275058,61.04744643,8.395010459,3
CE2,61932,1.68278066,61.20571596,10.53807236,2
CE2,61951,1.4548009,66.97124864,8.52844072,3
CE2,61954,1.52260779,68.30130247,10.83143577,3
CE2,61957,1.20714171,69.38461313,9.521850317,3
CE2,61958,1.8576783,69.46129029,10.48015317,2
CE2,61961,1.82820234,68.96485482,9.436272324,2
CE2,61967,1.41450887,71.60530167,8.655840379,2
CE2,61972,1.57468991,74.30964616,9.250319988,2
CE2,61973,1.32999164,73.61168738,9.866463484,1
CE2,61980,1.800691,75.60529357,11.34268193,2
CE2,62030,1.60711774,99.30148542,32.76230942,1
CE2,62045,1.35456091,106.3705298,10.51917757,2
CE2,62049,1.73387605,109.3707695,9.197498685,2
CE2,62070,1.93529595,123.5098414,10.21482426,2
CE2,62071,1.94512072,125.2449079,15.55128259,2
CE2,62073,2.36556346,124.8664373,10.40211883,2
CE2,62094,1.54127889,134.124713,8.793840621,5
CE2,62122,1.1982963,146.9769848,10.35104762,2
CE2,62123,1.34178492,146.6801066,8.441359734,2
CE2,62136,1.29559425,151.130331,12.74009662,1
CE2,62142,1.42433626,153.6390504,13.47020536,2
CE2,62146,1.24841993,155.6247923,21.85962366,2
CE2,62150,1.56682854,156.4161399,8.742550211,2
CE2,62152,1.37421614,156.8663725,10.61873378,2
CE2,62163,1.5717419,162.4077719,19.09258984,2
CE2,62171,1.72208493,166.7882005,9.250568075,5
CE2,62174,1.46855898,167.6395136,9.895436051,2
CE2,62175,1.86553847,167.2089419,9.839807991,5
CE2,62177,1.40762967,168.6038764,9.065027692,2
CE2,62184,1.46757627,171.1882899,9.224461165,2
CE2,62186,1.42924994,172.88895,9.409135522,2
CE2,62187,1.45971451,173.2251499,8.346845782,2
CE2,62189,1.09411487,174.1885296,9.112181435,2
CE2,62194,1.53931352,175.5156343,8.605351805,3
CE2,62199,1.16094867,177.3568692,8.06822968,2
CE2,62208,0.48272445,-179.2312509,8.771476004,2
CE2,62214,0.26252816,-177.9198748,8.395030133,2
CE2,62215,0.4935375,-178.0545513,9.951111567,3
CE2,62217,-0.01862051,-176.2329773,8.489241014,2
CE2,62224,0.71667512,-172.3597976,12.09781645,2
CE2,62231,0.73043659,-168.8395295,9.632138281,2
CE2,62232,0.16619088,-169.2366778,9.334777547,2
CE2,62235,0.12588635,-167.519306,15.23685458,1
CE2,62236,0.35198356,-166.5372486,8.448628517,2
CE2,62238,0.00890463,-166.6788064,11.1603913,2
CE2,62248,0.52990855,-162.9039308,8.473094588,2
CE2,62250,0.88967318,-162.3789871,9.168480344,2
CE2,62251,0.43554002,-161.1767286,9.255102714,2
CE2,62254,0.02659936,-159.8751829,8.876841459,2
CE2,62255,0.00988767,-158.6375349,9.520940489,2
CE2,62257,0.91817781,-157.9140171,9.788049306,2
CE2,62261,0.63115652,-156.8788754,10.49627836,2
CE2,62265,0.23008813,-155.1841135,9.925039143,2
CE2,62273,0.09344607,-152.0747564,9.367746706,2
CE2,62274,0.2979172,-152.0993324,9.276683238,3
CE2,62284,0.09639519,-145.7695344,8.340055905,2
CE2,62290,0.62329266,-145.7891952,12.41418957,2
CE2,62295,0.55546646,-143.6864716,10.80961504,4
CE2,62300,0.51319756,-135.9902473,8.557465788,5
CE2,62315,0.55153448,-125.164022,10.21933552,2
CE2,62319,0.27137543,-123.6756986,9.066392314,5
CE2,62321,0.16422481,-122.8007926,13.32574536,2
CE2,62330,0.1298185,-119.0377134,8.584993672,5
CE2,62333,0.3126626,-117.6427789,8.664332918,5
CE2,62352,0.83364621,-98.92175516,9.34815756,2
CE2,62358,0.20256319,-93.15229032,8.529787342,2
CE2,62362,0.33428915,-90.08716996,9.495647763,2
CE2,62368,0.8306974,-83.61679723,11.34176494,2
CE2,62385,0.90638282,-77.09530638,9.381172083,2
CE2,62387,0.51418056,-71.67088877,10.48524185,2
CE2,62469,0.64885014,-36.43675027,9.978863886,4
CE2,62479,0.17012302,-31.14897528,9.336009243,5
CE2,62544,0.6508161,-7.76932248,9.325729873,2
CE2,62637,0.09442911,34.96639826,9.790469285,2
CE2,62643,0.15734355,36.81156533,12.3935244,2
CE2,62663,0.55743245,42.14554322,8.074497148,2
CE2,62667,1.120652,42.82777334,9.380551451,2
CE2,62682,0.06297184,51.5935457,8.449805057,4
CE2,62717,0.79629445,64.09782118,10.59579973,4
CE2,62794,0.40506659,92.34549067,9.330419097,2
CE2,62797,0.67539046,93.63720592,8.391448212,2
CE2,62806,0.31069655,96.46049831,11.32017864,2
CE2,62808,1.49607491,96.43985446,13.48397186,1
CE2,62809,0.64983312,97.41503066,9.975832518,2
CE2,62817,0.71962401,101.8426452,13.00994675,1
CE2,62825,0.48469046,106.0471095,12.88912939,2
CE2,62826,-0.03729827,106.1532779,9.463006559,2
CE2,62831,0.64786716,109.7089355,10.45351073,2
CE2,62833,0.49058849,110.0549657,11.64102253,4
CE2,62841,0.066904,112.3778905,10.56906766,2
CE2,62845,0.16815695,114.9308467,11.10474238,2
CE2,62854,0.53678954,121.7157924,8.556760667,5
CE2,62869,0.56627939,128.9755467,12.16508797,3
CE2,62873,0.20354622,128.7464983,11.75017608,2
CE2,62886,0.64786716,139.558961,8.128018659,2
CE2,62904,0.7117603,148.1035493,9.759394171,2
CE2,62910,0.66949263,149.7157357,8.019954859,2
CE2,62914,-0.02550179,150.5444389,8.771786456,2
CE2,62918,0.78744793,151.7938834,11.21658267,2
CE2,62925,0.6970158,153.2802407,12.84904442,2
CE2,62932,0.39228737,155.4183538,9.654189532,2
CE2,62936,0.13276762,157.3097238,14.75389514,2
CE2,62940,0.75206167,158.6515741,10.48723139,2
CE2,62958,0.53777253,166.047971,11.96279332,2
CE2,62967,0.13276762,168.2047619,8.821510763,2
CE2,62977,0.44537014,172.2175333,9.466980918,2
CE2,62982,0.73731731,174.9602164,12.06583522,2
CE2,62983,0.2979172,176.2185083,8.823046829,2
CE2,62988,0.00890463,178.5571617,11.37400669,2
CE2,62991,-0.2810912,-179.7070425,9.81767406,2
CE2,62993,-0.56321589,-177.3123558,11.47864395,2
CE2,62994,-0.42657838,-177.6888603,8.930270977,2
CE2,62996,-0.36858039,-176.7176162,12.23045228,2
CE2,62997,-0.93673862,-176.177927,11.88302028,2
CE2,63001,-0.93772153,-173.2828726,8.603626341,2
CE2,63009,-0.07268772,-172.2172567,11.61655905,2
CE2,63010,-0.90921706,-172.0167164,8.529610336,2
CE2,63012,-0.7165606,-171.1123192,10.23856826,2
CE2,63022,0.45618325,-170.8714742,8.744226154,2
CE2,63030,-0.50325301,-166.765314,9.575447446,2
CE2,63032,-0.40003698,-167.1496828,14.29783505,1
CE2,63036,-0.3292595,-164.6409634,9.845740764,2
CE2,63037,-0.10414498,-165.0518743,10.12611757,2
CE2,63039,-0.25553243,-163.6244995,11.8548998,2
CE2,63056,-0.15722902,-156.5308791,9.92624202,2
CE2,63058,-0.54945397,-154.442901,9.778557805,2
CE2,63063,-0.84925865,-152.5829883,9.495978815,2
CE2,63086,0.33625519,-136.6302067,8.030408565,2
CE2,63093,-0.38725776,-131.3709399,13.03278399,2
CE2,63095,0.1091747,-132.0659495,14.31616744,2
CE2,63100,-0.88562698,-127.4240321,8.529665346,5
CE2,63111,-0.63005901,-124.1917949,12.227141,2
CE2,63118,-0.04319652,-121.3675195,20.93669836,2
CE2,63120,-0.32237833,-119.0544251,11.70452617,2
CE2,63129,-0.2545494,-109.4864917,8.435404612,2
CE2,63145,-0.64382073,-98.53247111,11.89632666,2
CE2,63155,0.52990855,-89.04613005,8.046498224,2
CE2,63183,-0.17983886,-73.53375056,10.03139197,2
CE2,63185,-0.59860353,-70.18158237,9.120923568,5
CE2,63188,-0.97605477,-69.12776293,10.39661531,2
CE2,63190,-0.48064392,-68.99996766,9.012512031,5
CE2,63199,-0.23390573,-65.74610352,8.879686887,2
CE2,63300,-0.70476502,-18.20036549,8.258096477,3
CE2,63333,-0.36956341,-5.12396043,8.021053418,5
CE2,63367,-0.02353571,8.78016476,8.182548426,2
CE2,63392,-0.37742757,18.25077718,14.12894942,3
CE2,63432,-0.42166332,32.99146985,8.235982712,5
CE2,63434,-0.01468834,32.19422398,13.03849218,2
CE2,63437,-0.49145697,33.32373755,13.35983147,2
CE2,63445,0.60559895,34.67148611,8.127375891,1
CE2,63454,-1.01733622,37.48396505,9.548721662,3
CE2,63477,-0.8954562,48.06344718,8.07389316,4
CE2,63499,-0.4442726,57.04253933,13.19208352,4
CE2,63524,-0.27814211,67.82059565,9.14637185,4
CE2,63537,-0.49538899,73.36494421,8.529521822,2
CE2,63544,-0.69788425,74.73431966,8.715166196,4
CE2,63545,-0.97507187,74.93977513,8.04728676,2
CE2,63557,-0.45410271,79.76945323,9.147136578,2
CE2,63584,-0.14641562,91.35851798,8.919198996,4
CE2,63591,-0.35383508,94.98397144,10.3018224,2
CE2,63609,-0.38824077,106.057923,10.83501275,2
CE2,63613,-0.77160622,109.5093782,8.655366073,2
CE2,63615,-0.24570211,112.3641279,8.796942442,2
CE2,63619,-0.23980392,111.419426,8.718048306,1
CE2,63623,-0.40102,113.8357396,8.933200609,5
CE2,63625,-0.35088601,114.4462078,9.148196473,5
CE2,63629,-0.58189272,114.9475584,9.443030266,2
CE2,63640,-0.79421405,121.1820014,9.818021794,5
CE2,63645,-0.75194715,123.0350328,8.637261606,5
CE2,63646,-0.70181612,122.6683587,12.28532761,2
CE2,63648,-0.28404028,122.6103593,9.442029259,2
CE2,63649,-0.55338595,123.741839,9.952752192,2
CE2,63651,-0.86301968,125.805241,8.449532964,2
CE2,63656,-0.65954836,127.3849871,8.282017282,2
CE2,63673,-0.90921706,133.5535664,11.31802972,2
CE2,63675,-0.02353571,134.5277596,10.88576007,2
CE2,63693,-0.51898104,140.966675,8.852771673,2
CE2,63695,-0.44525561,141.35301,9.013834616,3
CE2,63705,-0.91019998,144.1890819,10.77702379,3
CE2,63711,-0.29583662,145.3834761,23.94346173,2
CE2,63717,-0.12872094,148.9322524,11.10476218,2
CE2,63725,-0.94853351,152.7218736,9.415054813,2
CE2,63742,-0.8335317,157.2055215,12.09676882,2
CE2,63744,-0.3459709,158.7990302,10.24466359,2
CE2,63745,-0.48949096,158.4952706,12.31131519,2
CE2,63748,-0.69886722,161.3598507,9.710483707,2
CE2,63759,-0.80109466,165.3549274,9.495639099,1
CE2,63763,-0.71459467,166.1177669,10.35431379,4
CE2,63768,-0.19163528,167.9452392,9.91374444,4
CE2,63776,-0.39807095,171.4487956,9.094491947,2
CE2,63777,-0.61236533,171.7328944,10.72408219,2
CE2,63784,-0.56813085,174.9700468,9.55036045,2
CE2,63785,-0.78438457,175.6522769,10.46186986,2
CE2,63787,-0.64775264,176.3856252,18.85852411,2
CE2,63790,-0.17885582,177.2418535,10.7121525,2
CE2,63792,-0.28404028,178.0223876,11.85790723,2
CE2,63797,-0.26044758,179.2600357,11.5433554,2
CE2,63803,-1.06549725,-177.875638,10.58765406,2
CE2,63806,-1.02913082,-176.9653424,12.33885277,1
CE2,63807,-1.63451738,-176.9584612,8.175701946,1
CE2,63817,-1.17754238,-172.9712488,9.41160503,2
CE2,63833,-1.53919903,-166.5657567,11.53182768,2
CE2,63846,-1.6512222,-162.3042761,9.734250818,2
CE2,63848,-1.09596608,-159.8958268,9.280850097,2
CE2,63853,-1.3180838,-157.8599498,12.73772372,2
CE2,63857,-1.523476,-155.7857343,10.56533886,2
CE2,63868,-1.17164538,-151.1605287,8.554337944,3
CE2,63869,-1.56573138,-151.5173724,11.3349156,2
CE2,63873,-1.58636742,-149.178719,9.198497746,2
CE2,63875,-1.79959398,-148.6852326,11.74298534,2
CE2,63879,-1.92732164,-146.681796,11.36858433,2
CE2,63884,-1.71410966,-143.7769113,11.14262651,2
CE2,63886,-1.4252045,-141.8688296,10.64583498,2
CE2,63887,-0.75981079,-142.6591942,13.78846898,2
CE2,63889,-1.38392921,-135.2686955,12.22866719,2
CE2,63891,-1.58538476,-133.7961008,11.79390334,2
CE2,63895,-1.64434376,-131.4181258,8.768831283,2
CE2,63899,-1.4173426,-128.0138565,30.86920995,2
CE2,63906,-1.33282547,-119.9293312,8.285536087,2
CE2,63939,-1.61486447,-102.4056508,11.8489741,2
CE2,63940,-0.96720867,-99.66395076,12.98254279,2
CE2,63950,-1.53821634,-92.60670283,9.601025276,2
CE2,63951,-1.9626907,-90.93750002,8.294538495,2
CE2,63953,-1.14904008,-90.28181199,8.661722941,2
CE2,63988,-1.74063969,-68.85840982,8.044559627,5
CE2,63993,-1.76323906,-67.59028755,9.227016203,2
CE2,64130,-1.62862153,-14.12467947,9.010465483,4
CE2,64136,-1.35051535,-13.6085832,12.33566606,2
CE2,64172,-1.71607486,4.38892273,9.38549632,1
CE2,64197,-1.59422872,15.60738121,9.546530398,2
CE2,64198,-1.91749676,16.00551262,11.20789733,2
CE2,64210,-1.2276664,21.72484239,11.58599319,2
CE2,64213,-1.80057653,22.43951285,9.867310378,2
CE2,64238,-1.02028488,31.03915137,9.698247746,3
CE2,64242,-2.0127956,31.46087575,8.229027779,2
CE2,64247,-1.1225032,32.18537662,9.227120817,2
CE2,64269,-1.13036601,38.89069604,10.64705699,2
CE2,64328,-1.70526624,56.68667866,10.264722,4
CE2,64349,-1.8870393,62.99583275,10.4014748,3
CE2,64355,-1.70624884,66.04719054,9.059934521,2
CE2,64357,-1.25125386,66.69894641,11.85085542,2
CE2,64364,-1.68561403,68.98353259,9.11747433,2
CE2,64378,-1.37803268,75.22878905,10.19119302,1
CE2,64389,-1.49104689,81.75322901,9.105703179,2
CE2,64407,-1.95384851,94.01076132,10.24114075,2
CE2,64411,-0.46098377,94.40004537,13.49282804,2
CE2,64434,-1.46746178,105.1033906,23.89604829,2
CE2,64435,-1.21685542,107.6248896,12.0931792,2
CE2,64445,-1.90570684,111.8588451,10.15938853,1
CE2,64449,-1.31120433,115.7408721,32.62624961,1
CE2,64451,-1.63648266,117.0217739,13.18753562,2
CE2,64452,-1.90177685,118.5808762,9.463267897,5
CE2,64456,-1.75144812,119.0301257,11.18183269,2
CE2,64457,-1.21882105,119.5432729,8.441764627,5
CE2,64458,-1.12446891,118.7981282,15.63779042,2
CE2,64459,-1.40161871,119.2080561,9.922149568,2
CE2,64460,-1.54312977,120.0829621,9.915718657,2
CE2,64461,-1.85166868,120.1881475,10.26810985,2
CE2,64464,-1.38982572,122.8590686,11.04943522,2
CE2,64465,-1.65711799,123.3496058,9.573314579,2
CE2,64476,-1.5686794,129.1406975,8.688408571,2
CE2,64480,-1.88016174,130.8148155,11.94159667,2
CE2,64481,-1.53723366,130.6034618,8.152123905,3
CE2,64487,-1.95974331,135.3731745,8.251974321,2
CE2,64489,-1.22668359,135.5166984,10.86738981,2
CE2,64493,-1.15297145,137.4591864,8.556076426,3
CE2,64494,-1.20702721,140.3876642,8.234378198,2
CE2,64498,-1.84086084,142.0283588,12.11841517,2
CE2,64499,-1.41537712,142.0313079,8.662482696,2
CE2,64528,-1.80450675,151.834188,11.12736319,2
CE2,64534,-1.43011818,155.2325591,8.554470735,5
CE2,64542,-1.51463174,158.8009962,8.339568968,2
CE2,64545,-1.89686435,159.1509587,9.432856337,2
CE2,64546,-1.36329129,159.6120047,12.65010507,2
CE2,64547,-1.68070095,159.4891246,10.39987594,2
CE2,64552,-1.50677015,159.9413233,9.273600953,2
CE2,64554,-1.77502992,161.6852371,12.18064189,5
CE2,64555,-1.24928824,161.559408,9.843270608,5
CE2,64568,-1.0527199,166.5158983,9.628754844,2
CE2,64570,-1.09105177,167.4773119,12.76068057,1
CE2,64571,-1.41635986,167.2472804,14.45574388,1
CE2,64573,-2.01083073,169.6262385,8.037058714,2
CE2,64576,-1.2718927,169.8867442,10.70015702,2
CE2,64577,-1.68070095,170.1747751,10.24268993,5
CE2,64578,-1.0527199,170.1610126,10.52034196,2
CE2,64579,-1.98725212,170.4126709,9.651738106,2
CE2,64585,-1.54607782,175.1253672,9.984230466,2
CE2,64586,-1.23749453,175.5765828,11.64021747,2
CE2,64587,-1.74948296,176.3010837,13.29364964,1
CE2,64594,-2.60901322,-179.1339298,13.66776553,2
CE2,64598,-2.31928473,-176.6173461,14.68999177,2
CE2,64606,-2.04619801,-173.7793081,9.169228272,2
CE2,64628,-2.24365062,-168.6930564,10.24541712,2
CE2,64631,-2.44893374,-167.9744538,8.711152151,5
CE2,64639,-2.32223144,-164.4305927,8.173719565,5
CE2,64648,-2.39884353,-161.9464493,10.29173439,2
CE2,64649,-2.45384444,-161.5345553,8.227605676,2
CE2,64650,-2.2367746,-161.7036383,9.433884616,2
CE2,64658,-2.21516402,-158.7496015,8.4441767,2
CE2,64659,-2.0393211,-157.9228644,8.928083421,5
CE2,64677,-2.04619801,-152.0541125,8.628999501,2
CE2,64679,-2.5491085,-149.54441,11.49086733,3
CE2,64682,-2.86136661,-147.9715452,8.653659456,2
CE2,64687,-2.60901322,-145.5591638,8.138666654,5
CE2,64688,-2.63258152,-146.3800026,8.870389293,5
CE2,64690,-2.16899493,-143.550812,8.818148855,2
CE2,64691,-2.3497337,-143.1408841,11.45161538,2
CE2,64699,-2.39295044,-134.0595557,8.573340089,2
CE2,64702,-2.42634426,-133.4048507,9.524029164,2
CE2,64703,-2.93500035,-133.4746466,11.0103186,2
CE2,64704,-2.61588736,-133.7086102,8.394588054,2
CE2,64705,-1.9705504,-133.7813552,13.95044195,2
CE2,64710,-2.4911652,-131.6855128,14.17745025,2
CE2,64716,-2.09237079,-127.8762308,8.844794472,2
CE2,64759,-3.00372079,-101.7204715,8.15548071,2
CE2,64773,-2.51277148,-88.53888113,23.63969748,2
CE2,64810,-2.79263753,-71.32780762,8.759074951,5
CE2,64817,-2.9693611,-70.84611777,9.081552244,2
CE2,64824,-2.75532576,-66.35460561,10.34245355,2
CE2,64829,-2.70622955,-66.06165953,8.572761003,5
CE2,64831,-2.49705786,-64.26859361,9.240364334,3
CE2,64908,-2.19453546,-30.78131813,10.77488181,3
CE2,64956,-2.53732363,-16.79461754,8.433012029,2
CE2,64969,-2.48330829,-12.80642213,12.49605377,2
CE2,64974,-2.73077791,-7.38790276,8.494831397,4
CE2,64979,-2.62767149,-6.01656122,14.80969099,2
CE2,65005,-2.20632324,2.98907303,9.51660158,4
CE2,65013,-2.54518022,4.79295239,8.442495636,2
CE2,65015,-2.59330078,6.0158548,10.66452294,2
CE2,65018,-1.91749676,8.00651187,9.303815845,2
CE2,65044,-2.08156451,22.95462609,9.060511326,2
CE2,65046,-2.88394813,22.30385326,10.62970028,2
CE2,65058,-2.62079743,29.17039133,8.574528469,4
CE2,65069,-2.56776765,32.03398838,8.118607351,5
CE2,65089,-2.66989707,37.74840295,9.211236023,1
CE2,65092,-2.93009158,39.53458758,8.627211855,2
CE2,65096,-2.94579956,42.17110227,9.377300033,2
CE2,65134,-2.3791998,57.53111048,8.202344475,4
CE2,65151,-2.92321927,61.65201636,8.143565818,2
CE2,65159,-2.27017213,63.53748808,9.0330044,4
CE2,65165,-2.22793395,64.74269577,14.84808891,2
CE2,65168,-2.93303684,65.77980352,8.488275377,2
CE2,65175,-2.03833869,70.30375602,9.805717098,2
CE2,65176,-2.2741012,69.75718549,8.095550093,2
CE2,65242,-2.52161031,93.65784977,13.84529967,1
CE2,65243,-2.71899476,93.06311025,14.2820867,1
CE2,65245,-2.27606573,95.99158798,27.70013741,1
CE2,65247,-2.09728271,97.48089437,8.953162728,1
CE2,65253,-2.01967263,100.4280499,11.92602881,2
CE2,65267,-2.6757889,108.097732,10.88656569,1
CE2,65268,-2.33794708,110.2240487,9.1012052,1
CE2,65269,-2.93107334,110.522893,10.55429592,1
CE2,65286,-2.86431206,117.6076661,11.17076931,2
CE2,65287,-2.82405704,117.2832627,10.17724675,1
CE2,65297,-2.39687917,123.8450582,10.88059627,2
CE2,65301,-2.87413014,126.4471665,12.44900331,2
CE2,65304,-2.79951062,128.2598932,9.611419257,2
CE2,65310,-2.81227482,131.1136599,8.812539912,2
CE2,65312,-2.23284542,131.7182298,30.87588832,2
CE2,65315,-2.59231875,133.8946815,10.44114197,2
CE2,65321,-2.24070376,135.967914,12.93074417,2
CE2,65322,-2.4607194,135.5383253,10.2874924,2
CE2,65349,-2.10317699,145.914318,8.33582927,2
CE2,65358,-2.76416286,147.7968406,9.133007622,2
CE2,65367,-2.50982519,151.5363268,8.521658203,5
CE2,65368,-2.73765136,151.4734122,8.146456779,5
CE2,65373,-2.25150889,154.4412115,12.79758063,2
CE2,65381,-2.63847352,157.5702295,9.002476736,2
CE2,65383,-2.08549408,158.4883894,11.90188701,2
CE2,65384,-2.89180247,159.8086128,11.88676054,1
CE2,65389,-2.51178938,162.0489621,9.432007289,3
CE2,65391,-2.33794708,162.5227877,8.224109282,5
CE2,65392,-2.78183687,162.3763146,10.33847226,2
CE2,65394,-2.37330663,163.3465756,8.922858168,2
CE2,65397,-2.41848697,164.5065635,8.547160742,2
CE2,65398,-2.76318097,164.3551752,8.948747582,4
CE2,65399,-2.31044459,164.2372103,8.228462355,2
CE2,65419,-2.40277224,171.2777466,8.441359794,2
CE2,65421,-2.77594557,172.1831269,9.593216015,2
CE2,65425,-2.63258152,175.5991927,8.816135638,5
CE2,65427,-2.60999525,175.289535,8.480435072,2
CE2,65429,-2.67087905,176.2814229,13.07616937,2
CE2,65430,-2.95561693,176.4770479,8.064137908,2
CE2,65434,-3.46403137,-179.4622654,13.29735485,2
CE2,65435,-3.04200602,-179.7748723,8.381918738,2
CE2,65436,-3.75149113,-177.5728615,10.58481964,2
CE2,65441,-3.38945388,-174.576554,9.487366828,2
CE2,65450,-3.50524274,-170.3760218,11.08285091,1
CE2,65458,-3.07341854,-167.6225253,8.277591874,2
CE2,65462,-3.71911971,-166.9491425,10.43971745,2
CE2,65466,-3.59845219,-163.7621252,10.5721339,2
CE2,65494,-3.28739118,-155.1408597,8.124704109,2
CE2,65510,-3.05378582,-148.7157069,9.479902643,2
CE2,65512,-3.17648429,-147.5222957,9.401267217,2
CE2,65515,-3.49641189,-146.7742018,13.22476232,2
CE2,65520,-3.36492055,-143.429898,8.838033933,2
CE2,65529,-3.65044913,-134.7997852,10.60023775,2
CE2,65542,-3.14311173,-127.6461993,10.44230177,2
CE2,65558,-3.02040939,-116.456249,10.66264563,5
CE2,65581,-3.02335441,-95.30711515,10.09840264,5
CE2,65591,-3.18335498,-88.25969763,11.14999374,2
CE2,65622,-3.56607524,-71.506721,8.056040904,5
CE2,65635,-3.78974672,-65.84637366,8.325274339,5
CE2,65767,-3.35020025,-15.32300587,9.08327586,3
CE2,65788,-3.12740662,-9.02171611,9.50796865,5
CE2,65802,-3.78974672,-2.17385581,10.85245282,2
CE2,65804,-3.04396933,-1.38250819,12.07741453,2
CE2,65809,-3.81721123,1.00726333,8.725103769,3
CE2,65822,-3.25892951,7.46977174,10.7942364,2
CE2,65830,-3.05967568,12.16280721,8.784483025,2
CE2,65832,-3.02924443,11.62115188,10.50181256,2
CE2,65837,-3.677918,14.35498758,14.43196934,2
CE2,65841,-3.61905511,16.936452,11.19168524,2
CE2,65842,-3.13624077,17.74352827,21.87199814,2
CE2,65845,-3.54056532,20.8371568,10.38891141,4
CE2,65848,-3.22163369,23.26428386,10.16716899,2
CE2,65854,-3.33842385,25.29622862,8.889256759,4
CE2,65875,-3.94961695,32.6385583,8.241888546,3
CE2,65887,-3.18728107,37.45152471,13.95459768,3
CE2,65893,-3.2393003,38.6931049,11.11587101,2
CE2,65916,-3.59060334,46.32543153,9.291063641,4
CE2,65969,-3.09697731,62.07374074,17.61730158,2
CE2,65971,-3.20494827,64.31310706,9.053581563,2
CE2,65977,-3.2746326,65.09855644,9.160254259,5
CE2,65981,-3.93196406,65.71983805,8.778765121,2
CE2,65987,-3.26972541,69.01105773,11.11011259,2
CE2,65988,-3.42281821,69.52617096,9.341686736,4
CE2,65990,-3.0861796,70.35094196,10.25605582,2
CE2,66003,-2.81522039,72.25410842,12.71555805,2
CE2,66007,-3.74462456,73.50846813,10.3865562,5
CE2,66008,-3.84075154,74.19069825,8.134629553,2
CE2,66009,-3.2775769,73.53402718,8.889802417,2
CE2,66057,-3.56607524,92.5450479,8.002464334,5
CE2,66064,-3.90156098,94.81095631,9.475011998,1
CE2,66074,-2.38509295,98.55928983,9.64247608,2
CE2,66076,-3.14998264,99.76941271,20.31796124,2
CE2,66089,-2.96543421,106.6624929,10.5549221,2
CE2,66092,-3.28935402,107.0183536,10.44561272,2
CE2,66096,-3.20592978,111.5147809,16.3127662,1
CE2,66098,-3.75051019,111.3329184,22.22337198,1
CE2,66105,-3.43263103,117.3216013,8.484160564,1
CE2,66108,-3.43263103,118.5218938,8.408762422,1
CE2,66113,-3.06752876,121.0060372,11.15431342,5
CE2,66119,-3.18728107,125.610599,10.94837939,5
CE2,66133,-3.2932797,131.2090148,9.103994279,2
CE2,66141,-3.76914776,133.1121812,11.71027858,2
CE2,66143,-3.10483012,133.6941412,9.001034523,5
CE2,66145,-3.48071238,134.489421,13.38837791,2
CE2,66147,-3.00077572,136.2775717,10.28789299,2
CE2,66150,-3.25794806,135.5009697,22.59724158,2
CE2,66151,-2.61097727,136.1674712,11.11279832,2
CE2,66157,-3.44244375,139.1991682,11.46123923,1
CE2,66168,-3.30309382,143.5343769,9.405889443,2
CE2,66169,-2.95659866,143.2040753,12.93740316,2
CE2,66170,-2.542234,144.3444023,8.435364719,2
CE2,66175,-3.6004144,144.8133126,8.769038704,2
CE2,66179,-3.23242999,147.7309769,9.960745748,2
CE2,66182,-2.9693611,149.7000071,15.9591306,3
CE2,66183,-3.24617057,151.2532111,10.86829432,2
CE2,66187,-3.58864112,152.9047192,11.64660275,2
CE2,66207,-3.07930828,159.5785813,8.651951615,5
CE2,66208,-3.5994333,159.1951955,8.914188573,2
CE2,66213,-3.24322617,160.9430415,10.81047695,2
CE2,66216,-3.07734503,162.8619367,8.433541615,3
CE2,66217,-3.50131793,162.3556708,9.639519637,3
CE2,66219,-2.96248904,161.7422535,8.221707143,2
CE2,66225,-3.45716264,164.4348015,13.36555244,2
CE2,66226,-3.04102437,163.9816198,21.0750349,2
CE2,66227,-3.23537441,164.9273048,8.061296862,2
CE2,66232,-3.58667889,169.637052,8.56803289,2
CE2,66235,-3.40122966,170.2121307,8.407672816,2
CE2,66239,-3.84957898,172.3934976,11.02813895,2
CE2,66242,-3.56411296,173.2841323,8.48770213,5
CE2,66243,-3.4110427,172.4023449,12.23169119,4
CE2,66247,-3.3560884,173.6390099,14.9443512,1
CE2,66248,-3.54939576,175.6591582,10.01219904,2
CE2,66250,-3.62984693,174.8117773,9.468435121,5
CE2,66251,-3.28542833,176.1300346,9.694505046,2
CE2,66256,-4.86407238,-178.0142467,11.91639911,2
CE2,66257,-4.65540696,-177.1472049,8.956789674,2
CE2,66262,-4.03787575,-174.7249931,10.29538502,2
CE2,66282,-4.40551507,-164.3912711,8.92115134,2
CE2,66283,-4.52410198,-164.0914437,8.125953554,2
CE2,66289,-4.42217719,-162.2344802,9.281315344,2
CE2,66293,-4.77983012,-161.0636789,13.01963588,5
CE2,66302,-4.50450217,-158.7997366,9.055251374,2
CE2,66307,-4.30945558,-157.1904992,11.84979992,2
CE2,66317,-4.15946099,-154.8144903,9.498878337,2
CE2,66332,-4.56036024,-149.8796269,10.16186796,2
CE2,66336,-4.42609764,-149.3271581,10.51036102,2
CE2,66348,-4.86994936,-140.9968727,10.47867872,2
CE2,66350,-4.38983273,-140.7334178,12.5721369,4
CE2,66361,-4.18985439,-134.1903001,10.67633602,2
CE2,66363,-4.06729322,-133.0932269,8.697155638,5
CE2,66366,-4.10651485,-132.3067944,9.39247502,5
CE2,66367,-4.92283982,-130.7653869,9.087302266,2
CE2,66368,-4.50254215,-130.9118599,10.04473238,5
CE2,66371,-4.01630226,-129.0784894,8.793030785,5
CE2,66376,-4.7621967,-128.0227038,10.95831838,2
CE2,66380,-4.30063318,-125.7263212,19.07460937,2
CE2,66402,-4.03199213,-114.6936573,8.848560761,5
CE2,66403,-4.95418034,-112.7393728,8.364779661,2
CE2,66418,-4.83664582,-95.75144947,8.579804059,2
CE2,66420,-3.75051019,-93.29581424,9.422684039,2
CE2,66422,-4.05748752,-90.4931657,10.06196765,2
CE2,66485,-4.47902161,-62.32807162,9.213449087,2
CE2,66491,-4.83958443,-58.7036012,10.47901402,4
CE2,66572,-4.02316661,-21.69409152,8.215909795,5
CE2,66630,-4.20161926,2.46904459,9.979691637,4
CE2,66658,-4.01041848,12.26012822,8.936104305,2
CE2,66672,-4.05552636,20.13919803,9.657716742,4
CE2,66675,-4.13004691,21.45254017,8.5325653,2
CE2,66696,-4.21534472,29.380762,10.19356729,2
CE2,66722,-4.89149783,39.88356697,9.536446881,2
CE2,66779,-4.71321262,56.40454603,8.15487954,4
CE2,66780,-4.04768169,56.38390218,8.481249386,4
CE2,66784,-4.69361802,57.02877677,9.46154759,2
CE2,66804,-4.57799874,63.34677822,10.39292552,2
CE2,66812,-4.27710627,64.57164672,11.87262883,2
CE2,66814,-4.69753698,65.72671933,8.010000376,2
CE2,66820,-4.8278299,67.83239214,13.0691244,2
CE2,66822,-4.08886536,69.07298928,11.72852613,2
CE2,66829,-4.2584803,70.89652945,9.069602817,5
CE2,66851,-4.53194176,79.63969188,10.48035149,5
CE2,66854,-4.00747657,81.69031442,10.78130031,2
CE2,66867,-4.59073738,84.42316708,10.58973842,2
CE2,66873,-4.73476604,86.73232927,9.89124955,2
CE2,66886,-4.00943784,90.11005652,10.0621356,1
CE2,66888,-4.56917954,91.94244405,8.477123081,2
CE2,66889,-4.88170316,91.39390744,8.767068604,2
CE2,66893,-4.11337844,92.57650519,8.106893109,2
CE2,66898,-3.97609559,97.24693073,11.53756435,1
CE2,66908,-4.00845721,100.3523558,13.69395283,2
CE2,66910,-4.63483092,102.7558898,11.44441035,2
CE2,66911,-4.06631266,102.5229092,10.8899687,2
CE2,66917,-4.04572051,106.9298799,9.285214009,2
CE2,66926,-4.3663086,111.080277,9.095105564,5
CE2,66931,-4.63679056,111.8853872,21.89668975,1
CE2,66951,-4.85329779,116.1901216,8.741317914,2
CE2,66955,-4.86407238,121.4238294,11.44060662,5
CE2,66956,-4.31827788,121.6538609,9.334574446,5
CE2,66958,-4.55840038,122.7804253,11.49352773,5
CE2,66960,-4.51038217,124.469289,10.18900176,2
CE2,66961,-4.23887352,123.645501,9.146224856,2
CE2,66962,-4.84448209,125.3176529,8.365127495,2
CE2,66963,-3.92706041,124.7091508,29.441701,2
CE2,66965,-4.28298807,125.0787741,8.962299636,2
CE2,66972,-4.80725898,128.1075219,9.48744834,2
CE2,66974,-4.24181456,128.2884014,8.024800161,5
CE2,66975,-4.57603893,129.0384613,9.145831528,2
CE2,66981,-4.73868478,131.5402994,8.795933258,2
CE2,66982,-4.32023838,133.2075362,9.669412411,2
CE2,66984,-4.57701883,134.1306112,11.75629339,5
CE2,66988,-4.4525601,134.5533187,8.556430604,2
CE2,66991,-4.13102739,135.9246602,9.636617168,2
CE2,66994,-4.32611984,135.4921224,12.67309698,1
CE2,66996,-4.39767394,137.0443433,10.37813354,2
CE2,67005,-4.28886982,137.3343403,12.73343848,2
CE2,67020,-4.28004718,147.7840611,8.370337779,2
CE2,67026,-4.23593245,152.7897034,9.416352653,2
CE2,67031,-4.43981903,155.0438154,8.318137695,3
CE2,67035,-4.8180343,155.133272,8.073479544,2
CE2,67053,-4.20946241,163.2698985,10.4346254,2
CE2,67062,-4.86505188,166.8265391,8.420046238,5
CE2,67065,-4.18887398,167.6326323,10.67420341,2
CE2,67077,-4.43393847,172.2185164,12.03226601,2
CE2,67078,-4.64070985,173.0364061,8.473233278,2
CE2,67083,-4.20358006,173.931956,8.551212051,2
CE2,67086,-4.35650666,175.6670225,10.83134171,1
CE2,67088,-4.74162381,176.7188759,10.26662194,2
CE2,67089,-4.16632412,176.8004683,8.615676883,2
CE2,67102,-5.47694873,-175.208649,10.29718402,3
CE2,67103,-5.7049074,-174.5165885,10.40061878,3
CE2,67104,-5.03350436,-173.9149677,11.24192766,2
CE2,67105,-5.25281873,-173.1275522,35.03457389,2
CE2,67111,-5.15394081,-170.1971084,13.94266931,2
CE2,67112,-5.17547989,-167.4642558,8.014926912,2
CE2,67113,-5.53859436,-167.6765925,8.357631411,2
CE2,67124,-5.67947438,-164.268391,9.236363727,1
CE2,67128,-5.02860809,-161.6741471,8.658212225,2
CE2,67129,-5.81543007,-162.1941755,11.01677395,5
CE2,67131,-5.72936117,-161.2180163,8.91440908,2
CE2,67150,-5.56599035,-156.6311492,16.57690731,2
CE2,67153,-5.3996381,-154.8901844,8.119398478,2
CE2,67154,-5.92495325,-155.1123516,8.61883696,2
CE2,67155,-5.40746748,-153.7223323,10.19771876,2
CE2,67159,-5.72349236,-153.8186702,10.80567285,2
CE2,67161,-5.15002453,-153.0410852,13.62619097,2
CE2,67164,-5.535659,-152.5790561,8.224541553,2
CE2,67168,-5.4182327,-151.2460532,9.614989772,2
CE2,67172,-5.50630459,-150.3121647,9.125242412,2
CE2,67174,-5.05602671,-148.960484,9.847995995,2
CE2,67176,-5.42997637,-148.7098086,10.95006162,2
CE2,67181,-5.75577006,-145.5119778,8.75120705,2
CE2,67191,-5.58653651,-138.3053077,23.90001871,2
CE2,67196,-5.4681417,-132.2035752,10.25499875,2
CE2,67206,-5.40746748,-129.2053016,22.27409805,2
CE2,67208,-5.71860164,-128.5289697,12.06303191,5
CE2,67211,-5.82423184,-126.6346506,8.510619972,2
CE2,67228,-4.87778525,-117.0067517,12.45653665,2
CE2,67229,-5.72838304,-115.970627,8.248464858,5
CE2,67230,-5.92006428,-115.4791067,8.138559636,2
CE2,67240,-5.26456557,-109.1266989,10.07152071,2
CE2,67249,-4.92186041,-99.44571576,9.263911876,2
CE2,67250,-5.14806638,-98.40467584,10.82128407,5
CE2,67260,-5.09421498,-90.63079137,24.23260435,2
CE2,67269,-4.73084729,-85.45016781,8.249150549,2
CE2,67294,-5.78217773,-72.93999408,8.727157305,2
CE2,67306,-5.07561072,-65.6340369,15.68581776,1
CE2,67310,-5.78902396,-62.96901404,9.954979675,2
CE2,67312,-5.77435336,-61.6655023,9.608542573,2
CE2,67352,-5.51119709,-46.31827363,9.850903466,5
CE2,67409,-5.68240902,-24.0661683,10.67800241,2
CE2,67418,-5.47988439,-20.96565849,11.0200501,4
CE2,67436,-5.21268204,-15.8282887,11.69909256,2
CE2,67462,-5.35559598,-8.19006382,9.915812616,1
CE2,67464,-5.59436343,-6.9111281,11.5078377,5
CE2,67472,-5.37321321,-4.80348921,14.44470992,2
CE2,67476,-5.84574667,-3.37218221,9.658935297,2
CE2,67487,-5.7049074,0.08812044,8.157586194,2
CE2,67510,-5.81054015,10.36286001,10.46247462,1
CE2,67513,-5.17645893,12.30141592,11.70086326,1
CE2,67518,-5.33406312,15.69290573,8.624625219,2
CE2,67522,-4.8748468,17.55871665,8.500498863,2
CE2,67561,-5.3232964,32.01137845,8.334118073,2
CE2,67564,-5.26260778,32.99835113,16.55861357,2
CE2,67565,-5.5610983,33.47807491,8.302188754,3
CE2,67572,-5.69610379,35.70367866,12.0240965,3
CE2,67579,-5.20093423,38.34805767,9.062625543,2
CE2,67663,-5.14610823,69.84074393,9.537218679,2
CE2,67687,-5.28903743,77.32069928,8.058939233,2
CE2,67718,-5.61784356,88.20885614,8.222696222,5
CE2,67723,-5.70588557,88.75935883,10.66955418,2
CE2,67737,-5.83694525,93.44256389,8.539838061,1
CE2,67741,-5.33308433,96.58927662,12.82077753,2
CE2,67743,-5.72936117,98.17983618,9.635665633,2
CE2,67760,-5.68730004,106.3027,8.340474437,2
CE2,67763,-4.84448209,107.2100465,8.259209416,2
CE2,67765,-5.03840059,108.6757599,8.551175594,2
CE2,67795,-5.87997312,119.9571329,8.699805655,5
CE2,67799,-5.16862663,124.3572223,11.61589087,2
CE2,67802,-5.85063629,125.9379515,9.871110562,2
CE2,67807,-5.74990153,127.6651537,8.213005838,2
CE2,67815,-5.12065169,129.6096079,8.728602396,2
CE2,67816,-4.97964342,129.9300791,8.685876928,2
CE2,67818,-5.62469175,131.7732801,10.11860522,2
CE2,67822,-5.63545303,133.8917324,10.48677191,2
CE2,67823,-5.80858416,135.2542265,8.701078995,1
CE2,67840,-5.70979824,142.3193388,10.14187758,1
CE2,67867,-5.25967108,153.1465471,10.79294614,2
CE2,67870,-5.06581879,155.350524,9.028548784,2
CE2,67873,-5.71664534,156.2578704,11.10386039,4
CE2,67879,-5.55424937,158.8658769,9.933798532,2
CE2,67880,-5.01783618,158.9690962,9.460775883,3
CE2,67883,-5.4544416,159.2276358,8.196824896,3
CE2,67913,-5.33895702,172.6294273,9.881049757,5
CE2,67916,-5.09911075,174.003718,8.412296149,5
CE2,67917,-5.16666854,174.5611019,14.74936908,1
CE2,67918,-5.68730004,174.5542207,15.05651364,2
CE2,67923,-5.36342592,176.5950128,10.65727439,2
CE2,67924,-5.81934198,176.1349498,10.32868718,2
CE2,67925,-5.61686524,175.8862406,12.78829772,2
CE2,67929,-5.64132274,179.4684402,8.699530087,2
CE2,67936,-6.4800495,-175.9370821,10.58270594,2
CE2,67938,-5.33993579,-176.0884703,10.6029129,2
CE2,67940,-6.12145349,-173.7085292,9.358396957,2
CE2,67944,-5.93081995,-172.4954572,12.41564106,3
CE2,67946,-6.27488861,-170.9343888,9.97348192,2
CE2,67953,-6.75346716,-167.7778457,11.52242066,2
CE2,67964,-6.05693887,-161.3635063,9.843428228,2
CE2,67972,-6.53767504,-159.4593568,9.221569423,2
CE2,67973,-6.02370106,-158.5638069,9.257936903,2
CE2,67976,-6.40483339,-157.08728,9.410292284,2
CE2,67978,-6.69000874,-157.1433133,10.22062494,2
CE2,67995,-6.63728317,-153.5267072,10.84585195,2
CE2,67996,-5.91224184,-152.9457303,10.93895994,2
CE2,67998,-6.17911905,-153.2563711,9.891076267,2
CE2,67999,-5.99534955,-152.3018387,8.057616389,2
CE2,68002,-6.51521163,-149.9376263,10.84773029,2
CE2,68006,-6.48493328,-148.0983574,18.84297088,1
CE2,68009,-6.61775374,-147.0238941,9.006873432,2
CE2,68017,-6.34328468,-144.1121281,8.665406713,5
CE2,68019,-6.08626466,-143.3050518,9.574016543,1
CE2,68031,-6.75444338,-139.5095324,9.258994547,2
CE2,68032,-6.84424702,-137.4235204,9.953113851,2
CE2,68033,-6.71441681,-136.6459353,8.630078072,2
CE2,68034,-6.00805903,-135.3925586,11.68570825,5
CE2,68038,-6.03054431,-132.9831263,16.27033493,2
CE2,68040,-6.54841806,-130.8980974,8.759765302,2
CE2,68045,-6.88035895,-127.396507,8.653045518,5
CE2,68050,-6.8666953,-123.8693576,9.079621869,2
CE2,68061,-6.59627048,-114.880435,9.688942215,2
CE2,68090,-6.25925396,-90.32801489,8.506793764,2
CE2,68098,-6.44000075,-86.35653117,9.116714856,2
CE2,68105,-5.8222759,-82.69962042,12.04948097,2
CE2,68141,-6.67341056,-65.54752934,8.819597717,5
CE2,68142,-6.85986333,-65.1002459,8.390334911,5
CE2,68148,-6.06084907,-61.34208197,9.764226059,2
CE2,68285,-6.30811069,-14.68402953,8.586202827,3
CE2,68303,-6.19084687,-7.47539336,8.241172325,5
CE2,68306,-6.59920007,-6.66831709,12.15212421,2
CE2,68309,-6.83839078,-5.23995921,8.043764107,5
CE2,68319,-6.10483683,-2.91605141,10.16073166,2
CE2,68325,-6.54255826,-0.27560456,13.53806644,2
CE2,68329,-6.77591969,3.55432133,8.630133914,2
CE2,68331,-6.42827857,4.24834794,11.40415988,2
CE2,68339,-5.90050798,10.08171041,10.44989184,1
CE2,68352,-5.30372008,16.61696383,8.066713338,2
CE2,68360,-6.53181512,20.82634335,8.369364856,3
CE2,68363,-6.43413969,22.29009069,9.729692092,1
CE2,68392,-5.87019435,30.56729192,9.977553272,1
CE2,68393,-6.41167168,31.66633122,8.424676601,2
CE2,68401,-6.56599703,33.04553708,11.21801315,2
CE2,68409,-6.68512698,34.40311604,13.47422439,2
CE2,68410,-6.04325296,35.21314144,8.243793153,3
CE2,68414,-6.78372902,37.53704924,9.083383607,4
CE2,68417,-6.40483339,38.95262759,10.55603172,2
CE2,68466,-6.57478629,54.23694168,8.341608893,4
CE2,68478,-6.16054947,57.24897785,8.294306679,2
CE2,68479,-6.69098509,58.32639026,8.365142848,5
CE2,68485,-6.49665415,62.8926135,8.742971357,5
CE2,68489,-6.2973626,65.18113184,10.02297951,2
CE2,68496,-5.98361746,68.95797354,8.985143669,2
CE2,68499,-6.84717512,70.35389108,9.721529602,2
CE2,68534,-6.02370106,81.23418361,16.59189886,2
CE2,68564,-6.07160197,96.31992351,9.256809404,1
CE2,68567,-6.68317426,99.42436549,8.925373193,2
CE2,68568,-6.28954567,99.02721712,9.544292636,2
CE2,68573,-6.0051261,100.965773,15.33317165,1
CE2,68582,-6.35403181,105.8013494,11.91348468,1
CE2,68583,-6.19182418,106.0264657,28.577644,1
CE2,68590,-6.69000874,111.7163042,10.64206746,1
CE2,68595,-6.40874099,113.4729976,11.54397533,2
CE2,68597,-6.43707023,113.1240183,8.504191435,1
CE2,68611,-6.31104194,119.9325569,17.54303996,2
CE2,68613,-6.74077614,120.9824442,10.168588,2
CE2,68616,-6.91061278,122.4481576,8.437661844,5
CE2,68617,-6.64021251,123.9246845,11.90790259,2
CE2,68618,-6.32569798,124.1615973,10.57111884,2
CE2,68619,-6.30127102,123.6091285,10.02630884,5
CE2,68627,-6.84327099,127.1038376,8.896613496,2
CE2,68629,-6.14295663,126.8600435,12.8789357,1
CE2,68631,-6.36673268,128.0377261,12.58841417,2
CE2,68640,-6.75053849,133.275366,10.14979791,2
CE2,68647,-6.08137714,136.8791925,12.37637932,1
CE2,68649,-6.61482426,137.8671483,13.12848162,2
CE2,68652,-6.28856855,139.4262505,9.306655588,2
CE2,68655,-6.19964257,140.4014267,9.060542027,2
CE2,68670,-5.89268526,144.6973138,12.27563358,5
CE2,68674,-5.99046121,144.4446724,11.39154337,5
CE2,68681,-5.30861422,145.4159165,8.545521126,2
CE2,68689,-6.49567742,150.1856291,8.849132322,4
CE2,68697,-6.72320341,153.9821316,11.80312252,4
CE2,68705,-6.44781539,156.369937,10.50289736,2
CE2,68706,-6.03934264,156.5891551,17.63401165,1
CE2,68708,-6.22505153,157.242877,21.70831991,2
CE2,68716,-6.00708139,162.5119742,8.882763072,3
CE2,68721,-6.80715625,165.3785204,10.97205711,2
CE2,68730,-6.53767504,169.2693948,16.95167952,2
CE2,68739,-6.32960619,174.3064944,26.17874927,1
CE2,68743,-6.44195442,176.1320007,9.090605509,1
CE2,68747,-6.78470518,176.8712472,10.59627711,2
CE2,68754,-7.71112106,-178.1341776,14.6655999,2
CE2,68758,-7.56692229,-174.2560828,10.3984339,2
CE2,68761,-7.2432753,-171.9901743,9.63414944,2
CE2,68764,-7.77248812,-168.754988,11.58364522,2
CE2,68765,-7.47531149,-168.3775004,9.070304129,5
CE2,68769,-7.72281071,-166.8262625,9.808904095,2
CE2,68770,-7.67897286,-165.8117646,8.129543375,2
CE2,68771,-7.58738589,-166.0093558,8.323655283,2
CE2,68772,-7.22669667,-164.1828665,9.335475238,5
CE2,68773,-6.82179769,-163.951852,14.98916571,1
CE2,68776,-7.82118575,-160.6970048,9.06233079,2
CE2,68783,-7.25400233,-158.6709583,9.685977812,2
CE2,68784,-6.99062969,-159.416103,9.956868347,2
CE2,68786,-7.29885802,-158.1528959,9.17975652,5
CE2,68789,-6.88231087,-156.1091547,13.50384805,2
CE2,68790,-7.72183659,-156.3303388,10.87163063,2
CE2,68797,-6.9584294,-154.2266321,11.60897213,2
CE2,68800,-7.86890391,-153.7754165,9.627543671,2
CE2,68801,-7.40902785,-152.9663741,8.294363025,2
CE2,68819,-6.96330837,-143.2008495,8.925875507,2
CE2,68820,-7.21401849,-143.187087,9.633596954,2
CE2,68822,-7.1330648,-142.5618732,10.18784291,2
CE2,68828,-6.74760981,-142.3908241,8.89455395,2
CE2,68835,-7.65461654,-139.9194603,14.56461966,2
CE2,68843,-6.98867822,-132.1917787,8.999919825,2
CE2,68845,-7.26375395,-131.0278587,9.313895479,2
CE2,68847,-7.64974511,-130.8204372,11.30021875,2
CE2,68851,-6.81106067,-127.7936554,19.21877226,2
CE2,68853,-7.3222592,-126.9796978,17.17779911,2
CE2,68863,-7.13989277,-124.3903691,21.64202544,2
CE2,68867,-7.77833213,-118.1765699,9.319097582,2
CE2,68890,-7.68384395,-98.10484848,11.00700645,2
CE2,68899,-7.61759227,-90.34669266,9.147445855,2
CE2,68901,-6.83448657,-89.88269753,9.767806367,2
CE2,68931,-6.77006261,-72.60379422,22.80173791,2
CE2,68940,-6.985751,-66.63477216,12.00729343,2
CE2,68943,-7.40610334,-65.4885469,11.32895926,3
CE2,69103,-7.29593278,-7.5756635,9.176113006,2
CE2,69106,-7.72962953,-6.4648277,10.4198669,4
CE2,69108,-7.04234065,-6.22496581,10.83639707,1
CE2,69111,-7.11745762,-5.43951643,8.438955246,2
CE2,69128,-7.11258026,-0.63736347,9.342367169,2
CE2,69130,-7.15549919,0.01537544,10.23314643,2
CE2,69137,-7.14379443,3.54547396,8.250626778,2
CE2,69148,-7.3476091,9.98930461,8.881292572,1
CE2,69149,-6.36770965,9.67768076,9.454385197,2
CE2,69152,-7.36418325,12.40660126,10.9573844,2
CE2,69198,-6.91549225,31.20135305,11.58287265,2
CE2,69208,-7.1759818,36.1922498,15.94240202,2
CE2,69209,-7.63415615,36.62183851,12.15561559,2
CE2,69271,-7.15159763,60.21481111,12.58624676,2
CE2,69288,-7.61077166,70.46300858,8.795106393,2
CE2,69331,-7.14476983,86.22802948,9.413798419,2
CE2,69334,-7.20133995,88.1665854,8.197723725,2
CE2,69342,-6.89109441,90.40693475,9.557248336,2
CE2,69359,-7.09794789,98.39217294,10.11531649,2
CE2,69365,-7.82508131,100.1105278,10.31226634,2
CE2,69366,-7.2647291,100.6836404,8.931760275,2
CE2,69368,-7.81047276,102.5946712,11.35803673,1
CE2,69378,-7.88545791,108.8320633,8.495696173,2
CE2,69383,-7.64584792,111.1913606,8.136434523,2
CE2,69394,-7.28910716,115.0114561,8.085476721,2
CE2,69405,-7.55327936,124.0465815,8.829027786,2
CE2,69410,-7.78417606,125.320602,9.967541061,2
CE2,69418,-7.4051285,127.5245789,10.53051093,2
CE2,69419,-7.79099388,127.6553233,8.000341393,2
CE2,69427,-7.31640902,134.8384004,11.94632093,2
CE2,69429,-7.64487362,135.9236771,8.668084286,2
CE2,69431,-7.27545561,137.788505,13.92190679,2
CE2,69432,-6.94476801,137.3903736,9.107762656,2
CE2,69444,-7.22182049,143.6936295,9.049216768,2
CE2,69446,-6.84229495,143.974779,14.08535963,2
CE2,69447,-7.41390199,144.8536173,10.21727829,2
CE2,69451,-7.33298434,146.8265796,8.113531018,2
CE2,69455,-7.12623672,150.3959998,10.77855235,2
CE2,69467,-7.0989234,154.3340601,12.18369212,2
CE2,69477,-7.22864713,161.9359125,13.89259152,2
CE2,69479,-7.06185273,163.79091,8.410694652,3
CE2,69483,-7.21889475,164.7572388,9.782786118,4
CE2,69490,-6.99355688,167.7496141,21.77871807,2
CE2,69493,-7.39537998,168.9882452,8.486621318,2
CE2,69494,-6.94184051,169.2910217,9.799091511,2
CE2,69496,-7.42852408,169.8444735,10.4511549,2
CE2,69506,-7.24620088,174.029277,9.953600815,5
CE2,69507,-7.59810452,174.4333067,8.665114681,2
CE2,69508,-7.69456017,176.4583702,9.863596836,2
CE2,69511,-7.56107537,177.5013762,9.066952461,5
CE2,69512,-7.6906634,177.1927014,13.13218413,1
CE2,69521,-7.87864164,-176.9967997,14.16421494,1
CE2,69535,-7.87864164,-165.6171226,11.07789081,2
CE2,69542,-7.85721834,-164.3116448,14.32440716,2
CE2,69543,-8.18331532,-163.9852754,9.824776629,4
CE2,69548,-8.3710657,-159.5478304,8.143267929,2
CE2,69553,-8.47025487,-157.3251758,9.862087948,2
CE2,69554,-8.02175965,-157.8058826,9.401843414,2
CE2,69559,-8.01883937,-154.6739155,8.099057413,2
CE2,69567,-8.37592851,-149.8924064,11.88975606,2
CE2,69572,-7.77638414,-147.1556216,24.13449646,1
CE2,69588,-8.52567299,-140.8081289,12.12473033,1
CE2,69599,-8.29519809,-137.9936839,14.41526513,2
CE2,69606,-7.93316867,-132.5407581,16.94248493,2
CE2,69611,-7.95166727,-127.8064349,11.34520578,2
CE2,69619,-8.35939472,-123.2284152,8.414133889,2
CE2,69634,-8.47025487,-109.5562876,8.252511787,5
CE2,69646,-8.33994231,-95.16555731,9.059404241,2
CE2,69650,-8.49747881,-92.57426249,11.19406206,2
CE2,69653,-8.4323326,-90.1245255,9.091400062,5
CE2,69684,-8.17942317,-74.67997581,13.80618237,1
CE2,69687,-8.17261183,-73.5249032,9.65693751,2
CE2,69696,-8.68118955,-68.44651584,10.73932639,3
CE2,69697,-8.14439218,-68.75224145,8.226682457,2
CE2,69719,-8.27866089,-59.10173261,10.22118063,3
CE2,69833,-8.76086688,-11.51863904,11.63940029,2
CE2,69851,-8.68799193,-6.90719594,9.04308459,5
CE2,69856,-8.2270993,-4.67569395,10.1163062,3
CE2,69857,-8.08697365,-4.28837598,10.00768725,2
CE2,69865,-8.52470081,-0.83397157,9.843253786,5
CE2,69868,-7.96724439,0.60913192,12.11264811,2
CE2,69871,-8.15801571,2.13481081,10.40357955,2
CE2,69874,-8.63065368,1.80254311,14.15765863,2
CE2,69875,-7.86890391,2.4159604,11.18802571,2
CE2,69878,-8.4994233,2.88192161,8.410082566,2
CE2,69886,-8.70645493,7.43929748,8.272406879,5
CE2,69889,-7.93024776,9.49975042,8.183883322,2
CE2,69940,-8.06945451,33.21068789,11.50081234,5
CE2,69949,-8.16774652,37.39254228,10.19073935,2
CE2,69953,-8.72297369,38.26744835,10.36573491,2
CE2,70002,-8.80847081,69.26075002,9.726888316,2
CE2,70036,-8.32146162,85.85938928,14.09515114,2
CE2,70049,-8.68799193,95.87067399,8.433300047,2
CE2,70052,-7.93706318,96.86452796,8.419665302,2
CE2,70053,-8.323407,97.21350735,11.38431207,2
CE2,70068,-7.97211212,104.4722786,20.59526677,2
CE2,70078,-8.21542404,111.5560686,21.29532588,2
CE2,70081,-8.39148907,112.923478,9.643245114,4
CE2,70097,-8.23196389,121.7796901,10.22156172,2
CE2,70105,-8.07334772,126.7450278,10.5376964,2
CE2,70106,-8.27866089,127.843084,12.76190362,2
CE2,70107,-8.11519734,128.2854523,9.216116368,2
CE2,70112,-8.36523025,133.9625113,8.201664885,1
CE2,70117,-7.87864164,135.0969401,15.7583751,2
CE2,70119,-8.40413158,135.9865917,21.38966421,2
CE2,70121,-8.25336737,138.2328393,11.41614079,2
CE2,70122,-8.60052331,139.2493032,8.302410516,2
CE2,70127,-8.40704902,142.5218452,9.788866315,2
CE2,70133,-8.50331226,143.1509911,10.2861481,1
CE2,70137,-8.42455321,146.5709891,8.49088737,3
CE2,70142,-8.25336737,148.9912348,9.875431807,2
CE2,70162,-8.27963369,155.8430273,8.838712026,2
CE2,70163,-7.97795332,155.2001188,9.214642623,2
CE2,70168,-7.76177388,157.5623652,17.52857458,2
CE2,70184,-8.85218331,163.4989469,8.111635871,3
CE2,70187,-8.42455321,165.8041769,9.951689698,4
CE2,70188,-8.3039528,165.2182848,8.35886054,2
CE2,70192,-8.12687553,169.0757358,9.73109157,2
CE2,70198,-7.94290488,171.7181487,18.28070465,2
CE2,70199,-8.0821073,173.0767107,13.51675096,2
CE2,70200,-8.63356939,172.8289845,9.164936713,2
CE2,70210,-8.36133991,178.3104185,8.546683953,5
CE2,70224,-9.31812182,-179.1948784,11.48783516,1
CE2,70225,-8.88132209,-178.1361437,9.303747575,2
CE2,70227,-9.17355179,-177.0105623,14.83540591,1
CE2,70229,-9.57412526,-175.8682692,9.470707827,2
CE2,70237,-9.31909189,-171.40035,10.63191049,2
CE2,70238,-9.24924015,-170.7269673,20.8739392,1
CE2,70243,-9.29774978,-164.4846599,8.973351105,2
CE2,70250,-9.22692348,-159.9115554,11.65057647,5
CE2,70252,-9.0192141,-158.2433356,8.397331589,2
CE2,70260,-9.19004935,-153.0981015,13.81632627,2
CE2,70262,-9.69817905,-151.7945898,13.24119925,1
CE2,70270,-9.47135888,-150.3160969,9.33940873,2
CE2,70288,-9.3064808,-140.9005347,9.700422315,2
CE2,70292,-9.66716988,-139.8123088,9.573305537,2
CE2,70296,-9.54989069,-138.7840485,8.748063911,2
CE2,70305,-8.95415889,-132.174084,10.30485369,2
CE2,70306,-9.23371566,-131.9420864,10.3481648,2
CE2,70311,-9.26670439,-128.1308383,12.81493948,2
CE2,70312,-9.38989952,-127.4535234,11.53440303,2
CE2,70318,-9.07455036,-125.5257809,15.47119377,2
CE2,70330,-9.40153775,-117.109971,13.74033836,2
CE2,70337,-8.87937957,-111.8841275,12.82648066,2
CE2,70338,-9.17355179,-109.8276067,8.02457399,5
CE2,70352,-9.04931031,-97.4599739,29.29377913,2
CE2,70354,-9.56637039,-93.65462403,9.244153636,5
CE2,70355,-8.76863937,-93.48947322,8.102370638,2
CE2,70365,-9.27446599,-82.73599292,11.38420217,3
CE2,70373,-9.29580952,-76.35016167,12.60206151,2
CE2,70381,-9.07357962,-70.62296757,8.656186872,2
CE2,70383,-9.48105514,-69.81687434,8.277397116,2
CE2,70391,-9.2240125,-65.5563767,8.734803754,1
CE2,70426,-9.24050771,-46.13051289,9.107742716,4
CE2,70550,-8.91725673,4.15299301,9.276216335,3
CE2,70563,-9.05028112,6.54964581,13.21993287,2
CE2,70564,-9.64391113,7.57102491,11.58467805,2
CE2,70579,-8.64717577,13.72289252,9.835787029,1
CE2,70587,-9.16190599,20.84108896,8.952080701,2
CE2,70611,-8.92793932,33.34733052,8.295099319,2
CE2,70616,-9.16578797,33.50854917,10.48616507,2
CE2,70617,-9.55570715,34.65084226,9.629956394,2
CE2,70621,-9.49850772,36.05560717,10.05368225,2
CE2,70623,-9.4694196,36.88725945,10.04896163,2
CE2,70633,-9.02115587,41.7326662,10.49816295,2
CE2,70635,-9.38989952,42.61838571,8.522921958,2
CE2,70641,-9.19490143,43.70661157,9.897866544,2
CE2,70642,-8.66078165,43.31142928,12.97152616,2
CE2,70689,-9.63809619,67.11378951,8.883092718,2
CE2,70696,-9.24535909,69.65888143,8.102602755,2
CE2,70732,-9.80862584,86.65663515,8.72388227,5
CE2,70751,-9.00465052,100.67381,11.39381638,5
CE2,70756,-9.04154379,101.5310213,8.160406022,3
CE2,70768,-9.67201525,106.3154796,9.334794062,1
CE2,70771,-9.21624978,110.110016,14.21875393,2
CE2,70781,-9.02892283,114.9298637,10.77436032,2
CE2,70800,-8.87937957,123.9404131,9.778044642,2
CE2,70811,-9.41802457,127.4105462,8.786256812,2
CE2,70814,-9.59932737,127.9187782,11.69010116,2
CE2,70815,-8.75795216,127.4538,25.07675419,2
CE2,70817,-9.2676746,128.8487345,8.044949442,2
CE2,70823,-9.67686055,130.3675321,9.165897721,2
CE2,70826,-9.25118067,130.996678,8.416228,2
CE2,70836,-9.28804839,136.0789976,11.06398474,2
CE2,70837,-8.95415889,136.3296729,8.874705608,2
CE2,70839,-8.98911538,137.1632912,10.57559293,2
CE2,70853,-9.17937455,142.446151,17.66076455,1
CE2,70859,-8.93667938,146.9592901,15.04744456,2
CE2,70863,-9.72918535,150.547388,8.266936138,1
CE2,70869,-9.51402038,153.0659378,9.128064214,2
CE2,70870,-9.28513792,154.6319214,8.150512195,2
CE2,70875,-9.34722267,155.4930649,10.63329355,2
CE2,70882,-9.13861325,159.3662445,12.20939608,2
CE2,70887,-9.48881195,161.924116,8.308113072,4
CE2,70888,-9.71755832,163.2689154,8.398299053,4
CE2,70901,-9.41899436,169.0600072,10.02796566,2
CE2,70910,-8.82595643,173.2418616,13.45689324,4
CE2,70913,-9.42287348,174.1629705,11.90930973,2
CE2,70915,-8.35744952,174.4126628,8.513400705,2
CE2,70917,-9.47523742,174.7164223,10.9249921,2
CE2,70933,-9.00659236,178.6987195,18.94146543,2
CE2,70937,-10.68891025,-176.2860614,8.806868332,1
CE2,70938,-9.83381032,-176.7903612,11.36465067,2
CE2,70939,-10.39220973,-176.7166332,14.77695056,2
CE2,70940,-10.51305061,-175.7375248,9.308343456,2
CE2,70941,-9.8599614,-175.376749,9.646738736,1
CE2,70942,-10.64253951,-174.4939786,12.0203189,2
CE2,70966,-9.85027606,-158.7102799,12.87073271,5
CE2,70968,-9.94711667,-159.0838353,10.38467623,2
CE2,70970,-10.18231923,-158.1224217,9.558840199,2
CE2,70974,-10.29453613,-153.9759567,17.41507533,2
CE2,70976,-9.90644709,-155.123165,9.343468449,2
CE2,70977,-10.36223394,-154.564798,10.29030888,1
CE2,70978,-10.39511046,-153.0145431,8.653763235,2
CE2,70981,-10.14071153,-150.8144984,11.69775873,2
CE2,70982,-9.98197228,-150.2679279,9.992150367,2
CE2,70985,-10.19683227,-149.2681757,8.607683404,2
CE2,70988,-10.40381249,-148.2350001,12.57444504,2
CE2,70993,-10.33032107,-146.6523048,14.69706178,2
CE2,70994,-10.3100112,-144.0501965,10.73884091,2
CE2,70999,-9.59254237,-143.454474,15.46162423,2
CE2,71001,-10.16683793,-142.7653626,9.345661043,2
CE2,71002,-10.02263244,-142.2708932,11.14558253,2
CE2,71016,-10.01004769,-133.1138707,9.033091188,2
CE2,71017,-10.10006624,-133.8511511,8.370694686,2
CE2,71019,-10.21424704,-131.7405631,8.660180377,2
CE2,71021,-10.59133028,-130.5953209,9.197129185,2
CE2,71024,-9.20266462,-128.803238,8.683795333,2
CE2,71025,-9.86480397,-129.6103143,9.963663728,2
CE2,71026,-10.68021628,-126.231604,11.07213655,2
CE2,71027,-10.56137375,-125.6466949,14.18747196,2
CE2,71028,-10.04199263,-125.9239123,19.4827676,2
CE2,71041,-9.90838385,-115.2883969,21.27728859,2
CE2,71050,-10.11264747,-99.84876237,10.47969619,2
CE2,71062,-10.22585636,-90.65143522,9.239350642,2
CE2,71063,-10.41348113,-90.09405125,13.53181795,2
CE2,71080,-10.37383781,-79.95398823,10.26146301,2
CE2,71097,-10.47341998,-69.75494278,10.89284789,2
CE2,71100,-10.25004107,-68.15651889,9.345007521,2
CE2,71119,-10.52658185,-59.89111416,8.01416604,2
CE2,71122,-10.38350738,-57.46202102,8.15410256,3
CE2,71140,-10.22682378,-50.94741146,8.284154266,2
CE2,71183,-10.54881046,-33.49450998,8.560062106,2
CE2,71297,-9.28901854,4.79688455,9.049341974,2
CE2,71310,-10.2239215,11.33115492,8.288772539,2
CE2,71331,-10.59133028,25.24019531,9.097687977,5
CE2,71337,-9.84640184,29.35913511,9.17220868,5
CE2,71363,-10.29937217,38.17012734,9.818704021,2
CE2,71367,-9.88611041,39.52377414,10.88278986,1
CE2,71374,-10.22585636,42.61740267,8.870451576,2
CE2,71381,-9.93065578,44.3160967,31.90859872,2
CE2,71405,-10.00327109,51.48541125,9.114055793,4
CE2,71440,-10.06619124,69.62742414,23.8401482,2
CE2,71448,-10.25584513,71.75767295,8.025282826,2
CE2,71467,-9.88707885,82.79230285,10.94177807,2
CE2,71482,-10.49178603,88.26783857,8.309207995,2
CE2,71485,-10.53817959,89.96948172,9.123542165,1
CE2,71492,-10.64833624,92.38382925,12.86572714,2
CE2,71498,-10.39607737,94.17886125,10.40226713,2
CE2,71504,-10.57780189,97.0060858,8.923029629,5
CE2,71515,-10.44055172,100.4477107,8.020733675,2
CE2,71519,-10.15812937,101.3786501,15.04354734,2
CE2,71531,-10.11651853,105.6597915,10.9534301,2
CE2,71534,-10.01391997,106.3901907,9.510859272,2
CE2,71536,-10.00714345,105.9330768,8.980317422,2
CE2,71539,-10.48501972,108.2373238,8.968651075,2
CE2,71545,-10.50821788,110.6506883,11.41808836,2
CE2,71552,-10.1726435,112.5568039,10.58894809,2
CE2,71566,-10.18038411,115.8667013,8.554010813,2
CE2,71567,-10.24423691,116.4280175,10.21695753,2
CE2,71576,-10.67538618,125.3402629,9.939134439,2
CE2,71591,-9.86480397,130.5769197,10.1888597,2
CE2,71593,-10.5053182,134.6309789,8.176648011,2
CE2,71595,-9.89482629,136.8084136,29.16221053,2
CE2,71607,-10.29743776,142.056867,15.81103779,1
CE2,71610,-10.40671312,142.3655417,9.760855468,2
CE2,71617,-9.9529262,144.5105361,29.08798554,2
CE2,71620,-10.68987623,148.8801513,10.96632916,1
CE2,71626,-10.14361457,150.6968102,11.53917964,2
CE2,71632,-9.78150195,151.4773443,13.98376639,2
CE2,71640,-9.97519509,153.1072255,9.641319734,2
CE2,71644,-10.42218265,154.9150371,13.82592731,2
CE2,71646,-9.92194086,155.2679486,9.935958213,2
CE2,71652,-9.8512446,156.151702,10.67759262,2
CE2,71686,-9.89095259,175.48516,9.288124357,2
CE2,71693,-10.64447176,176.915484,9.06625049,2
CE2,71696,-10.03812068,177.8208643,9.762897295,2
CE2,71702,-11.32674109,-178.0614326,8.311917644,2
CE2,71703,-11.15415229,-176.518059,8.974631473,2
CE2,71706,-11.54642396,-177.0931377,10.16257178,2
CE2,71708,-10.76617907,-175.085769,12.59813751,2
CE2,71710,-11.35083742,-174.3799459,8.415616652,1
CE2,71711,-11.13293315,-173.9031712,9.866996232,2
CE2,71713,-11.0953136,-173.1177218,14.50312778,1
CE2,71714,-10.76907627,-172.7353191,10.64560805,2
CE2,71716,-11.34119913,-171.9380732,10.46858821,5
CE2,71723,-11.09917224,-169.1698311,10.81626004,2
CE2,71725,-11.33445213,-167.8535398,9.785435835,2
CE2,71728,-11.02584941,-166.7682631,9.741911385,2
CE2,71731,-11.003656,-166.2521668,13.42916603,2
CE2,71735,-11.35565644,-162.0860411,8.523140263,2
CE2,71740,-10.36513495,-156.8238251,9.338462349,1
CE2,71742,-11.55123966,-155.8427507,9.751340764,3
CE2,71750,-11.2515475,-150.8724978,10.68172334,5
CE2,71751,-11.08759617,-150.2610466,9.999425432,2
CE2,71761,-10.76521333,-143.6274891,32.56392747,1
CE2,71764,-10.76135035,-141.7115431,19.22663382,2
CE2,71772,-11.390351,-138.5933386,12.70145884,2
CE2,71780,-11.41540555,-132.7363831,13.22320336,1
CE2,71781,-10.71982015,-132.8278059,14.93380834,2
CE2,71786,-11.43756735,-130.8568097,9.764768849,2
CE2,71788,-11.57531687,-130.1106819,8.669254051,2
CE2,71795,-11.44045789,-125.7607276,9.163392303,2
CE2,71821,-10.66862392,-104.5300014,9.279680481,2
CE2,71823,-11.50500561,-100.9635303,8.119892671,5
CE2,71834,-11.19851457,-94.07143321,9.051798368,5
CE2,71835,-11.49151924,-93.21520491,12.0521259,2
CE2,71838,-10.78742453,-89.41771936,9.061970834,2
CE2,71863,-11.30939047,-73.31551556,19.32635121,2
CE2,71869,-11.18597809,-69.93582224,9.38947661,5
CE2,71888,-11.49537256,-61.30767555,10.06876971,2
CE2,71896,-11.68123195,-58.94641221,10.71919661,2
CE2,72048,-11.38456887,2.99103911,10.20452142,2
CE2,72059,-11.33927143,7.14635141,9.153811847,2
CE2,72064,-11.70529793,8.98168807,9.010353446,2
CE2,72079,-10.89459458,16.6503872,11.98654964,2
CE2,72081,-10.93513537,18.01091529,10.66809005,2
CE2,72082,-11.04032247,19.24364811,10.63681571,2
CE2,72089,-11.04418184,23.74302459,8.131217592,2
CE2,72108,-11.55990769,37.80836842,9.461650024,2
CE2,72109,-11.66197766,38.06297592,8.27137696,2
CE2,72112,-11.18308498,39.16594739,11.26332789,4
CE2,72154,-11.50115243,56.05261753,8.149739725,5
CE2,72161,-10.92741374,58.51513404,11.22145289,5
CE2,72165,-11.19176422,63.32121917,12.55365099,2
CE2,72180,-11.14740091,71.52567539,11.44931724,2
CE2,72186,-11.19755024,72.5519697,8.495608221,2
CE2,72191,-11.1628324,76.58341889,8.15786081,4
CE2,72192,-11.24479839,78.79919223,8.812981751,4
CE2,72204,-11.56664931,84.72790964,8.568372405,2
CE2,72210,-10.97277543,87.74682709,13.98410045,2
CE2,72212,-10.85597917,89.97931213,12.45033846,2
CE2,72244,-11.60324385,99.11765685,15.69814969,2
CE2,72254,-11.03935763,103.6691345,9.399510001,1
CE2,72259,-10.21134464,106.2093112,10.13209972,2
CE2,72269,-11.53486597,110.7096707,8.110174455,2
CE2,72272,-11.21876465,112.7711067,8.57870057,5
CE2,72276,-11.08566678,114.4707838,8.344805176,5
CE2,72279,-11.390351,115.2149454,9.993362089,2
CE2,72304,-11.34794597,131.2935563,9.677471303,1
CE2,72308,-11.64464766,134.222034,12.5859589,2
CE2,72317,-11.36625801,138.7361561,8.15090575,2
CE2,72325,-10.2094097,143.4940722,10.08111739,2
CE2,72327,-11.49151924,145.4149334,11.8302045,5
CE2,72336,-10.96698496,149.7304813,11.58581917,2
CE2,72353,-11.37107677,154.9966294,9.088016555,2
CE2,72355,-11.54257135,155.3908287,10.38278236,2
CE2,72358,-11.43274971,156.2667178,11.14894441,2
CE2,72373,-11.68797064,166.2927481,8.617023555,3
CE2,72378,-11.07601964,167.7810714,11.86919693,2
CE2,72382,-11.12907495,170.2150798,9.26219053,2
CE2,72393,-10.90328236,174.4883569,14.19873423,2
CE2,72395,-11.02970897,174.9897076,10.36421443,3
CE2,72403,-10.87432211,177.763848,11.12181404,2
CE2,72408,-12.26111111,-178.5529529,10.51188772,2
CE2,72411,-11.9804627,-178.7878996,12.17158584,2
CE2,72418,-12.36483731,-175.8250154,8.540539086,2
CE2,72419,-12.11025122,-174.8626188,10.75156485,2
CE2,72426,-12.50691373,-170.7220521,10.80031832,2
CE2,72427,-12.17560233,-169.5286409,9.696188868,2
CE2,72429,-12.40612427,-170.2551078,9.823932248,2
CE2,72434,-12.04680689,-166.2944375,9.07797095,2
CE2,72435,-12.17656326,-165.4745817,8.86593207,5
CE2,72436,-12.58943582,-165.1501784,11.43529117,2
CE2,72437,-11.95545921,-165.1767205,8.923568007,5
CE2,72439,-11.76304773,-163.0848102,10.08224643,1
CE2,72445,-12.64411608,-159.6186093,8.35026944,3
CE2,72446,-11.99392516,-160.337212,10.05659921,2
CE2,72450,-12.36387707,-158.8390582,14.04483036,3
CE2,72463,-11.80635212,-154.2472759,10.0575075,3
CE2,72473,-12.70453854,-152.0767224,9.305081159,2
CE2,72476,-11.66967954,-149.5807825,13.840197,5
CE2,72477,-12.03238563,-148.8818407,8.396238279,2
CE2,72479,-11.80731436,-148.4699467,8.583938323,2
CE2,72480,-12.13812351,-147.7385646,9.415079152,2
CE2,72481,-12.31490018,-147.1851128,8.648948888,2
CE2,72482,-12.63356466,-146.7614223,8.503180713,2
CE2,72484,-11.83810433,-146.2394278,12.18249396,2
CE2,72489,-12.28512544,-141.2269042,8.176026421,1
CE2,72490,-11.97084625,-140.8916873,9.020713826,2
CE2,72496,-11.95065058,-139.3896014,10.45502315,2
CE2,72503,-11.84002859,-136.6823078,9.346301502,2
CE2,72519,-12.45220431,-128.512258,8.592640277,3
CE2,72522,-12.10448417,-126.5019401,9.417143294,2
CE2,72524,-12.39940358,-125.4451716,18.87867477,2
CE2,72525,-12.13812351,-126.0890631,8.598913154,2
CE2,72526,-11.72358667,-125.1207682,14.91126598,2
CE2,72533,-12.35235392,-115.5430044,11.34619809,2
CE2,72535,-12.27648053,-113.6575326,11.74125618,5
CE2,72537,-12.47524126,-113.9298349,8.905597267,5
CE2,72539,-11.84676339,-112.4198846,8.034390282,2
CE2,72550,-11.68508265,-97.09821499,9.92963124,5
CE2,72553,-12.02757837,-91.79766048,11.09370158,2
CE2,72556,-11.76304773,-86.31032826,19.86977081,2
CE2,72577,-11.8727389,-70.56988338,8.266708916,5
CE2,72584,-12.28800702,-65.43349664,8.545615501,2
CE2,72608,-12.21691901,-56.04545962,11.95372205,2
CE2,72655,-12.1458119,-39.09685793,8.365587452,5
CE2,72714,-11.99392516,-14.62701318,8.264347856,5
CE2,72750,-12.44164502,-1.4119994,9.955155193,2
CE2,72759,-12.64987122,1.16749893,9.865901727,1
CE2,72763,-11.85157386,1.44963156,14.15152368,1
CE2,72775,-12.08333728,6.32059737,8.209117332,2
CE2,72783,-12.40708435,9.46731009,9.56326877,2
CE2,72784,-11.98623241,8.93745124,8.082751718,2
CE2,72786,-12.22076209,8.82833375,11.13665393,2
CE2,72847,-12.21595823,39.86095704,9.596634261,1
CE2,72852,-12.55297583,41.32863654,9.717689048,2
CE2,72859,-11.81597439,45.60093066,8.306037132,2
CE2,72874,-12.55777349,52.40258806,9.950269609,2
CE2,72915,-12.00065614,70.78446283,10.50854229,2
CE2,72923,-12.39844347,72.76234037,8.095509495,2
CE2,72944,-12.27359884,85.0591943,9.436810039,1
CE2,72950,-12.54338024,86.74904096,8.010738547,2
CE2,72958,-11.94103306,88.36515958,9.35418194,2
CE2,72960,-11.84291495,90.16019158,9.003087217,2
CE2,72962,-11.94680361,89.7482976,31.49632295,2
CE2,72964,-11.95353577,90.87977725,16.47882828,1
CE2,72968,-12.3773201,92.42904911,8.039650207,2
CE2,72979,-12.22268362,95.34179819,8.834246111,2
CE2,72984,-12.23036956,96.66497074,10.9318971,2
CE2,72987,-11.7803703,97.88295795,12.76386795,1
CE2,73004,-11.94391835,102.3518602,11.80711223,2
CE2,73037,-12.66521762,112.4231104,9.737243695,2
CE2,73050,-12.1746414,117.9104426,22.24134358,2
CE2,73066,-12.26207172,124.6305076,8.178759182,2
CE2,73071,-11.89582617,131.3948094,10.86021351,2
CE2,73077,-11.94103306,133.8995967,8.212114608,2
CE2,73090,-11.85061177,139.4282166,10.26351997,4
CE2,73093,-12.01027153,141.3038579,11.65569283,1
CE2,73100,-12.56449007,144.5115192,8.55595029,1
CE2,73102,-12.14965602,145.2242236,8.964198057,2
CE2,73108,-11.84099072,146.5670569,9.843648679,2
CE2,73113,-12.65754453,148.5872052,10.47046952,1
CE2,73122,-12.56544957,152.3620808,8.268677674,5
CE2,73131,-12.40900451,153.9585386,8.986134961,2
CE2,73132,-12.54433981,155.4694719,10.29148107,2
CE2,73133,-12.65178957,155.7270285,10.44187151,2
CE2,73135,-12.53762271,156.1861084,9.400731132,5
CE2,73140,-12.58655759,157.1632507,11.78149932,2
CE2,73143,-12.24862279,159.6601737,9.960427935,3
CE2,73162,-12.15446108,167.7397837,8.156486911,2
CE2,73175,-12.58559817,174.1551062,11.67033964,2
CE2,73177,-12.6345239,175.9000031,8.113825244,2
CE2,73183,-13.48774457,-178.2285495,9.573498604,2
CE2,73186,-13.00547633,-175.9193873,9.25296669,2
CE2,73188,-13.64828631,-176.1395884,9.593843971,1
CE2,73196,-13.0361248,-171.0769297,16.66705718,2
CE2,73206,-12.79754185,-164.463033,8.971605056,5
CE2,73210,-12.91255003,-163.9695467,9.178227157,2
CE2,73216,-13.33092111,-158.7446863,9.267336795,2
CE2,73222,-12.87134482,-155.9734951,8.055279168,5
CE2,73224,-13.31561579,-153.8520936,9.917197356,2
CE2,73231,-13.2553417,-150.925582,9.086868026,5
CE2,73233,-12.94991631,-151.3954753,12.78314773,2
CE2,73250,-12.83013284,-143.9096218,14.15164161,2
CE2,73255,-12.66713585,-142.3564177,11.48849307,2
CE2,73256,-13.09741036,-141.0479908,9.117630248,2
CE2,73257,-13.59860643,-141.367479,9.019915972,2
CE2,73261,-13.6033838,-139.0435712,10.92538224,2
CE2,73269,-13.54604906,-134.577618,11.05428195,2
CE2,73277,-12.92404794,-131.7189362,33.67136917,1
CE2,73279,-13.65592845,-130.0359708,8.783616541,3
CE2,73282,-12.74960627,-129.8118376,10.66317673,2
CE2,73288,-12.66809496,-123.6167162,13.51912402,2
CE2,73301,-13.27926178,-117.4166796,10.7473961,2
CE2,73308,-12.85984448,-115.4142261,8.657349641,2
CE2,73325,-13.28117529,-102.458735,10.2352371,3
CE2,73326,-12.72563507,-101.6683704,10.77852132,2
CE2,73327,-13.3749185,-100.0689635,8.113862002,5
CE2,73328,-12.81192075,-100.3275031,12.0335964,2
CE2,73333,-12.71604596,-97.79322464,18.26647017,2
CE2,73346,-13.45810897,-86.35161597,9.855813255,5
CE2,73382,-12.74672984,-64.99407752,10.70098788,2
CE2,73383,-13.36726735,-64.38655848,11.92348901,3
CE2,73389,-12.85601092,-63.05847073,18.0364806,2
CE2,73510,-13.64924159,-12.62357659,8.23828042,2
CE2,73532,-12.91063366,-5.56927778,9.46498189,2
CE2,73539,-13.40934563,-2.74893452,9.760198014,2
CE2,73551,-13.65879418,2.4110452,9.524166579,2
CE2,73553,-13.46862525,2.0325746,13.79594161,2
CE2,73595,-12.09487216,18.96053244,8.367842768,2
CE2,73604,-13.32231199,24.17064722,8.379726408,5
CE2,73607,-13.15197998,24.53044005,10.57315089,2
CE2,73639,-13.0610239,39.41957184,9.66906198,2
CE2,73640,-13.31465918,40.46651,9.08524724,2
CE2,73643,-12.88859434,42.9359078,10.43078346,2
CE2,73653,-13.18739586,47.63090935,10.47436466,2
CE2,73654,-13.55369449,47.72331516,8.240944791,5
CE2,73655,-13.13762073,48.65130541,11.51489866,2
CE2,73656,-12.81000361,48.71422001,8.500170185,2
CE2,73686,-13.49634777,62.82281762,8.034213449,5
CE2,73696,-13.09549542,65.91644615,8.77843957,2
CE2,73713,-13.50112719,71.14228959,8.180609878,2
CE2,73718,-13.07538762,71.95428106,8.701804794,2
CE2,73749,-13.55560581,85.25285328,8.578647054,2
CE2,73750,-13.54127054,85.00316099,8.813378648,2
CE2,73764,-13.62344768,90.28700381,10.13982019,2
CE2,73768,-13.07443006,91.70553129,8.195010524,2
CE2,73798,-13.2237636,99.3761965,9.32336881,1
CE2,73801,-13.15485173,99.06850482,8.620340643,2
CE2,73843,-12.87134482,115.2218267,8.421605775,2
CE2,73862,-12.23229101,120.1213007,8.327108553,3
CE2,73881,-13.29648278,127.5983069,14.40449859,1
CE2,73883,-13.10506999,132.0957173,9.118844147,5
CE2,73894,-12.85313571,139.169677,9.468310551,2
CE2,73902,-12.85026047,142.8452655,16.26784344,1
CE2,73918,-12.6537079,145.4483568,8.909266906,2
CE2,73926,-13.61484908,148.5970356,10.72994799,2
CE2,73938,-13.53458045,154.2288748,9.569627992,2
CE2,73941,-13.17878166,155.4036082,15.60595214,2
CE2,73945,-12.96524445,156.53902,8.469276563,2
CE2,73949,-13.56994022,162.1266223,8.341282527,3
CE2,73951,-13.56516218,164.6766295,8.997482804,3
CE2,73960,-12.93937767,167.5156505,8.131656461,5
CE2,73968,-13.37300573,168.3836753,9.056613767,2
CE2,73977,-13.1213459,177.1111091,23.93208755,2
CE2,73989,-14.04057765,-176.808056,13.03725234,2
CE2,73994,-13.69222519,-173.5551749,14.09614986,2
CE2,73998,-14.06823245,-169.2740334,9.834685376,2
CE2,73999,-14.378879,-168.2094005,12.64192421,2
CE2,74005,-13.76384704,-165.1865509,9.025480399,2
CE2,74006,-14.16166181,-163.9056491,10.89860658,4
CE2,74007,-14.52547671,-164.3529325,8.881352739,2
CE2,74011,-14.26839116,-161.3841501,11.17976329,5
CE2,74024,-13.94709883,-154.8606932,17.33681641,5
CE2,74031,-14.01578085,-150.8361253,9.490447618,2
CE2,74037,-14.33411893,-149.1590582,10.6308396,2
CE2,74038,-13.48583271,-148.7039104,13.3305635,2
CE2,74041,-14.14450419,-145.8216356,8.921221715,2
CE2,74045,-14.00719672,-144.8513746,9.474939766,2
CE2,74057,-13.96904115,-133.6112892,8.278400537,2
CE2,74061,-13.86885274,-131.8034777,9.218977403,2
CE2,74095,-13.70082096,-99.86449102,9.800364004,2
CE2,74128,-13.15485173,-77.4668957,9.793739524,2
CE2,74130,-14.17214639,-76.89476612,8.583685164,2
CE2,74131,-13.70464121,-76.37572072,8.434553901,2
CE2,74153,-14.16261498,-64.47306604,10.02999336,3
CE2,74155,-13.77148541,-64.51533678,9.92191385,2
CE2,74172,-13.94519071,-58.91593795,8.617415721,2
CE2,74197,-13.79248965,-48.18113542,9.082260695,3
CE2,74201,-14.33792865,-46.33400227,8.316959893,4
CE2,74236,-13.82112874,-35.65719913,8.101942853,4
CE2,74237,-14.16356814,-36.06909311,9.026344441,2
CE2,74262,-14.06346462,-23.76142574,9.090408568,2
CE2,74284,-14.3293567,-14.71646987,15.48995953,2
CE2,74328,-13.97381094,3.07066539,12.36491473,2
CE2,74329,-14.03676293,4.4390578,9.491863466,2
CE2,74331,-14.07776781,5.30413346,9.783187599,2
CE2,74334,-13.80776427,4.57176827,8.64893237,2
CE2,74337,-14.05392866,5.59511346,9.074381566,2
CE2,74347,-13.74284023,11.70077816,9.95374192,2
CE2,74364,-14.49882978,19.08537858,9.792077079,1
CE2,74369,-13.95950127,20.13035066,10.10177317,4
CE2,74382,-13.70846139,25.28639822,33.35387334,2
CE2,74420,-13.82590158,36.73390513,12.18634799,4
CE2,74434,-14.01578085,42.32052443,10.09084524,3
CE2,74450,-14.00719672,49.40726358,9.68206675,3
CE2,74456,-13.84499196,51.91794908,14.16274783,2
CE2,74524,-14.43029439,70.31456946,8.568318869,2
CE2,74531,-14.35792859,73.26565712,13.66926907,2
CE2,74534,-13.94805289,73.84761711,9.269074282,2
CE2,74574,-14.31411686,92.668911,9.720013735,2
CE2,74592,-14.26839116,99.76351447,11.20621744,2
CE2,74605,-13.78580669,104.0485881,10.9909088,1
CE2,74612,-14.15117675,105.403218,8.24444215,2
CE2,74616,-14.07776781,107.562958,9.080000868,2
CE2,74621,-14.29411301,108.7239289,10.94421913,2
CE2,74624,-13.99575072,109.3147362,12.98918811,2
CE2,74684,-14.4255342,130.4894291,11.0624988,2
CE2,74707,-13.70559626,141.9290717,8.436935575,2
CE2,74722,-14.37411771,149.9428181,8.125000729,2
CE2,74727,-13.73520092,151.8558149,8.466570385,2
CE2,74730,-14.51215364,152.6963146,8.38866133,2
CE2,74738,-14.27506007,156.3758353,15.15786384,2
CE2,74743,-13.78771612,157.653788,16.62317353,2
CE2,74744,-14.52262183,160.6923662,9.607998797,3
CE2,74745,-14.18453663,160.1104062,8.087130316,3
CE2,74753,-13.837356,165.2841485,13.94828006,3
CE2,74760,-14.25028884,168.0592719,9.340133128,2
CE2,74766,-13.96331727,171.5343202,25.61836979,2
CE2,74779,-15.09949855,-178.5588511,9.97220902,1
CE2,74783,-14.8212309,-174.5903165,12.37123731,2
CE2,74784,-14.84973902,-171.0739806,8.24625969,2
CE2,74788,-15.52521366,-165.9385769,9.406868102,5
CE2,74789,-15.30724951,-166.1037277,9.654366523,2
CE2,74793,-15.38214122,-163.563551,8.662363685,2
CE2,74795,-14.8478386,-163.0680985,8.295766412,2
CE2,74796,-14.96088472,-161.889433,8.393677654,5
CE2,74798,-14.96183444,-162.2236667,8.940993649,2
CE2,74807,-15.31767908,-155.8948518,10.59617326,2
CE2,74814,-15.14884606,-153.7321627,8.950396367,2
CE2,74819,-15.41626017,-150.9590054,9.024335087,2
CE2,74821,-15.46648064,-150.41735,9.28249612,2
CE2,74822,-15.12607171,-149.1718377,23.94887681,2
CE2,74829,-14.69099618,-147.6461588,14.97376058,1
CE2,74830,-14.81457846,-145.3979451,9.648187077,2
CE2,74831,-15.27311275,-144.76585,11.56490815,2
CE2,74845,-15.32052342,-137.5247735,8.849022381,2
CE2,74848,-14.97038169,-136.8366452,13.91232702,2
CE2,74849,-15.47406003,-136.7196634,8.971886764,2
CE2,74855,-15.47595484,-134.7535823,9.998541014,2
CE2,74856,-15.28449229,-134.332841,8.862946581,2
CE2,74858,-14.85258963,-133.8541002,14.00855212,2
CE2,74859,-15.23802195,-132.1839144,11.23359417,2
CE2,74868,-14.96563326,-126.935461,9.897354209,2
CE2,74869,-14.84498793,-125.7440159,9.724457747,5
CE2,74879,-15.47027037,-115.7553411,9.536683618,2
CE2,74888,-15.1649764,-103.6875356,8.46632373,2
CE2,74889,-14.48740868,-102.4724975,22.43954773,2
CE2,74939,-15.22948547,-66.41358804,8.023159041,2
CE2,74953,-14.16261498,-60.92527279,9.950611539,2
CE2,74958,-15.46079591,-58.50502701,9.177572844,2
CE2,74966,-15.44658342,-55.23051903,10.78074059,2
CE2,74993,-15.01596127,-45.02164317,9.949028195,5
CE2,75014,-15.39635813,-36.3866152,10.27086538,2
CE2,75018,-14.96468356,-35.19025488,9.978512333,2
CE2,75043,-15.40867866,-24.83687207,9.440266136,2
CE2,75046,-14.78416472,-24.2794881,8.342361833,2
CE2,75047,-15.12132675,-23.55203811,10.8510192,2
CE2,75089,-14.6653203,-9.37069549,10.45794187,3
CE2,75104,-15.12227575,-2.52086912,8.857508854,2
CE2,75107,-15.42763191,-1.65186129,8.324826231,2
CE2,75114,-14.47693883,1.91067757,16.64918939,2
CE2,75133,-14.93334114,10.32255534,9.331951332,5
CE2,75155,-15.02355692,17.02295956,8.20889395,2
CE2,75217,-15.234228,39.75970386,9.68059479,2
CE2,75222,-15.41246945,41.99022282,14.1936883,2
CE2,75226,-14.76325281,42.68621551,10.66208188,2
CE2,75246,-15.47784962,49.33943378,9.151431463,3
CE2,75247,-14.43600648,48.93638717,19.81458573,2
CE2,75248,-14.89249416,49.04943683,14.03367481,1
CE2,75255,-14.98937436,52.72895751,15.67771517,3
CE2,75276,-14.81457846,60.61392556,9.596453797,2
CE2,75279,-15.28828533,61.51045852,9.340476319,3
CE2,75288,-14.97702932,62.99878188,8.267421112,2
CE2,75303,-15.1431527,66.29491676,10.74705646,2
CE2,75329,-15.08810903,75.79305431,8.623898786,2
CE2,75347,-14.93809029,82.7352865,9.202100924,2
CE2,75352,-15.49111265,83.41063534,11.96391348,1
CE2,75367,-14.98842477,90.26635996,9.872927975,2
CE2,75368,-14.63203227,90.88665853,13.47162106,2
CE2,75369,-15.11847972,91.11865609,9.554113891,5
CE2,75404,-14.82218123,106.8207624,8.039320525,2
CE2,75412,-15.09570211,108.9028422,10.67165976,2
CE2,75427,-15.27216443,117.4690574,9.620818736,2
CE2,75433,-14.53879897,119.6415769,17.13573554,1
CE2,75436,-14.90959384,121.6538609,9.617842077,2
CE2,75438,-15.17825929,122.9504913,14.03391198,1
CE2,75468,-15.07007438,135.2119558,9.785565959,2
CE2,75470,-14.45314187,135.4970376,24.89726799,2
CE2,75474,-14.69479975,138.2751101,8.329146588,2
CE2,75480,-14.9304916,140.6157296,11.24985714,2
CE2,75487,-15.22284574,146.1502477,10.19099515,2
CE2,75491,-15.06342965,147.3259642,12.63708222,2
CE2,75492,-15.0757697,147.6425032,8.725272896,5
CE2,75509,-15.01026435,157.3431471,13.62972915,4
CE2,75522,-14.89439419,161.2064964,8.918661756,2
CE2,75523,-15.27216443,162.4293988,9.620818736,2
CE2,75529,-15.02830406,164.9145253,12.304231,3
CE2,75544,-14.96183444,170.6122282,10.03021452,2
CE2,75548,-15.27026777,176.6353175,9.586450795,2
CE2,75551,-14.82693282,176.7552484,11.46310044,2
CE2,75560,-15.64830919,-174.4821821,16.61095311,2
CE2,75574,-16.0823354,-161.8147219,8.04132445,2
CE2,75575,-16.09933692,-162.277734,13.15820589,2
CE2,75576,-16.32588408,-162.5441379,12.04833388,2
CE2,75580,-15.7278085,-159.9184367,13.21812047,2
CE2,75585,-16.34946772,-156.5377603,12.21373023,2
CE2,75586,-15.84037933,-155.3010954,8.310625953,4
CE2,75595,-15.98029584,-151.3345268,8.603058705,2
CE2,75597,-15.85078188,-149.7931193,10.17767569,2
CE2,75599,-15.722131,-150.4625699,10.59721888,2
CE2,75600,-16.37210534,-148.4070322,10.13528441,2
CE2,75602,-15.72875473,-147.8879868,12.77681913,2
CE2,75604,-15.63410963,-146.9423018,11.44443885,2
CE2,75614,-16.13144691,-142.9393608,10.84306542,2
CE2,75620,-15.80727675,-141.1590744,9.509789496,2
CE2,75621,-15.87158536,-140.5987413,8.025439498,2
CE2,75627,-16.1965953,-137.7184325,11.04741035,2
CE2,75634,-15.92925651,-134.7339215,10.61361484,2
CE2,75642,-15.7911964,-126.9806809,11.06164726,2
CE2,75645,-16.11350373,-125.6634066,10.2678394,2
CE2,75647,-15.68238411,-124.7137894,28.79440508,2
CE2,75651,-15.527108,-121.793176,14.8049859,2
CE2,75698,-15.85361884,-83.68266094,9.135344163,2
CE2,75705,-15.66629389,-74.91099034,8.963503016,2
CE2,75723,-15.81578936,-64.79452029,12.23470727,2
CE2,75727,-15.6672404,-61.84638176,10.1253849,2
CE2,75729,-16.27587735,-62.68294925,8.503636189,2
CE2,75734,-16.00014095,-61.50821582,14.64481329,2
CE2,75889,-15.6180156,-0.52234773,8.629611442,3
CE2,75897,-15.684277,1.72488291,10.06267387,2
CE2,75900,-16.39379727,3.57496518,9.581805186,2
CE2,75903,-15.92169402,4.13038308,8.461907653,2
CE2,75910,-15.68616987,5.98734663,12.90417095,2
CE2,75932,-16.24850977,16.38791538,10.6237072,2
CE2,75957,-15.65398874,26.62726549,9.09089657,5
CE2,76001,-16.1002814,43.28980239,17.15367218,2
CE2,76016,-16.19281917,47.8747034,9.11676818,2
CE2,76047,-16.47677012,57.78080277,9.722427488,2
CE2,76079,-15.66913343,70.02653859,8.110822534,2
CE2,76125,-15.74294771,90.10120915,23.87779204,2
CE2,76159,-15.8384879,108.6757599,8.180637801,5
CE2,76180,-16.01148013,115.9119212,10.87874386,1
CE2,76187,-15.86969422,116.7111331,8.36039251,2
CE2,76194,-15.68522343,120.6432952,11.99584588,2
CE2,76202,-15.61233505,127.818508,8.653953757,2
CE2,76211,-15.97557052,134.2574235,12.09512251,2
CE2,76213,-16.43905958,135.1696851,8.96829492,2
CE2,76218,-16.21641881,137.5673209,8.216679403,2
CE2,76219,-16.37116216,138.2869066,8.931899587,2
CE2,76237,-15.54226205,144.0593205,11.42338774,2
CE2,76238,-16.34946772,143.9590504,8.134235106,2
CE2,76242,-15.59339876,144.4957905,11.26465897,2
CE2,76248,-15.97746066,146.5247862,8.869980723,2
CE2,76264,-15.71550706,153.289088,8.832251227,2
CE2,76267,-16.34003461,154.96124,9.818097412,2
CE2,76268,-15.90751359,155.2954737,20.43006274,2
CE2,76270,-16.17299329,155.8646542,9.015901868,3
CE2,76279,-16.01998409,158.3084929,9.128355623,5
CE2,76283,-15.99730605,160.0150513,8.248527459,5
CE2,76319,-16.22491398,175.6571921,9.247398311,3
CE2,76323,-15.77889881,179.0083773,9.603458179,1
CE2,76328,-17.40116353,-177.3536435,10.5984265,2
CE2,76335,-16.91273162,-173.1029762,8.777046052,4
CE2,76336,-17.36645235,-172.3076964,9.012891499,5
CE2,76341,-16.51353083,-171.932175,32.41776683,2
CE2,76352,-16.85252855,-167.9007258,17.89527944,2
CE2,76354,-17.15898684,-167.0415483,9.017939486,2
CE2,76358,-17.14113956,-164.6409634,9.100925166,2
CE2,76365,-16.90896949,-161.5188267,10.16414414,5
CE2,76366,-16.93530282,-160.8159527,10.54818151,2
CE2,76370,-17.37020523,-158.5343156,11.07378601,2
CE2,76374,-16.64826017,-154.7997447,10.17744925,1
CE2,76381,-16.86569961,-151.121207,12.98212343,1
CE2,76383,-17.36082289,-150.1696238,12.34166958,2
CE2,76384,-16.75936418,-147.7798523,9.580170466,5
CE2,76390,-16.72641635,-147.0406058,9.968911738,2
CE2,76391,-16.91555317,-147.312908,8.563083816,2
CE2,76394,-17.18716326,-145.1472698,8.251475745,2
CE2,76401,-17.08570815,-143.2234595,8.178513542,2
CE2,76413,-17.06315506,-137.3232502,17.46033365,2
CE2,76414,-16.54086118,-137.8963629,30.41953167,2
CE2,76415,-16.58043621,-135.2952376,20.69292545,2
CE2,76416,-16.7574816,-132.8769579,10.04169139,2
CE2,76440,-17.09510447,-115.4004635,8.667133365,2
CE2,76442,-17.3683288,-113.8649542,8.729450299,2
CE2,76443,-17.30264169,-113.1699445,9.322273354,2
CE2,76447,-17.03401995,-105.8325301,17.84434784,2
CE2,76449,-16.84123834,-104.9310819,8.588438786,2
CE2,76472,-16.88733579,-86.34670076,8.671424034,5
CE2,76475,-16.65485289,-85.38430409,9.91471271,2
CE2,76503,-16.58137837,-70.34280102,10.61849851,2
CE2,76506,-16.97855672,-69.39514995,9.463905661,2
CE2,76535,-17.24631977,-58.47258668,8.631518175,4
CE2,76573,-16.74618573,-44.66873163,8.914237656,5
CE2,76584,-16.60493096,-43.36521989,8.300907154,2
CE2,76589,-17.24350322,-39.93145934,11.34835537,2
CE2,76590,-17.32141183,-39.48122677,10.96064727,2
CE2,76638,-17.04905799,-17.90643637,8.848039467,5
CE2,76676,-17.05375713,-2.98977945,8.874246521,3
CE2,76682,-17.06033573,0.92862009,10.48960105,2
CE2,76687,-16.80642261,3.15913904,19.66590811,2
CE2,76722,-17.0885271,17.55969969,10.37859729,3
CE2,76737,-17.08194949,26.14557563,12.45813514,5
CE2,76820,-17.20031078,59.28288869,9.495633908,2
CE2,76829,-17.20312799,62.40797452,8.838630655,3
CE2,76849,-16.42114451,65.7355667,21.17893895,2
CE2,76860,-17.41241979,68.61784152,8.881856548,3
CE2,76888,-16.50033548,79.40572824,20.93532084,2
CE2,76901,-16.82806557,87.04886832,8.667297891,2
CE2,76903,-17.13268499,86.66548252,13.73567113,2
CE2,76908,-17.0669141,89.37375916,13.05396007,1
CE2,76921,-16.98325763,92.1714925,15.29151311,2
CE2,76943,-16.65767827,100.1085617,9.610466868,2
CE2,76951,-16.86852186,105.0041035,10.26940854,2
CE2,76955,-16.69157959,106.8689314,9.532172291,2
CE2,76976,-16.78571834,113.8416378,10.68486404,1
CE2,76986,-16.65579469,116.8507249,9.175493137,1
CE2,76990,-16.7574816,118.0932881,9.527770255,5
CE2,76991,-15.9254753,118.0372548,8.719279928,1
CE2,76999,-16.61435119,121.0365114,13.65098979,2
CE2,77003,-16.92777939,123.8991254,10.21485031,3
CE2,77013,-17.25852431,136.2156402,9.49734338,2
CE2,77022,-17.04905799,139.1627957,10.66697769,2
CE2,77023,-16.66427067,139.6956036,11.48713095,2
CE2,77027,-17.34581015,140.8496932,8.295602261,2
CE2,77031,-16.87604766,141.5771432,14.66967462,2
CE2,77035,-17.38521597,144.0052533,9.677239005,2
CE2,77048,-17.03495986,149.4788229,11.03701837,2
CE2,77072,-16.40605685,160.6746715,20.22306634,2
CE2,77075,-16.50504821,161.2094455,13.43503885,2
CE2,77099,-16.70664491,173.3598264,8.759193048,4
CE2,77103,-17.22660304,177.4787662,13.27111469,1
CE2,77113,-17.83308987,-178.6315961,11.56695251,2
CE2,77116,-18.0425871,-177.293678,21.19637943,2
CE2,77117,-17.55681349,-175.8948113,19.93834945,2
CE2,77119,-18.17619845,-176.1405714,13.07926533,2
CE2,77122,-17.66081818,-173.3182621,12.15770195,2
CE2,77125,-18.2396981,-170.1951423,12.48519581,2
CE2,77126,-18.33490408,-168.5809898,8.606224557,2
CE2,77127,-17.98275607,-167.8781158,19.38793879,2
CE2,77132,-17.63177786,-163.927276,8.386258762,2
CE2,77142,-17.60273286,-159.5576608,13.14041425,3
CE2,77143,-18.14724241,-155.7690226,10.14650074,3
CE2,77144,-17.54650346,-154.6739155,9.099410034,1
CE2,77152,-17.9846261,-150.2000981,16.96470931,1
CE2,77158,-18.18273625,-146.2856307,9.404960125,2
CE2,77159,-17.89858437,-145.3252001,9.139077857,2
CE2,77163,-17.08288916,-144.1701275,12.38033639,5
CE2,77165,-18.1892738,-143.454474,14.52783334,2
CE2,77166,-17.88174523,-142.6002118,9.698863078,2
CE2,77171,-17.49025661,-139.2038068,11.53668999,2
CE2,77180,-17.63271472,-135.5606586,10.30376315,2
CE2,77182,-17.94628658,-135.7680801,18.70323201,2
CE2,77197,-17.66175489,-126.718209,10.30134066,2
CE2,77205,-17.59804774,-122.3554752,10.15153349,5
CE2,77223,-17.51181997,-114.1706798,10.6681028,2
CE2,77226,-17.94535137,-111.7307732,8.982792693,5
CE2,77227,-17.35425497,-111.8782293,8.064188801,2
CE2,77238,-18.0425871,-103.3169294,12.01468396,2
CE2,77263,-17.61397664,-87.0849642,9.43543763,5
CE2,77293,-18.23129507,-62.73701647,8.465053882,2
CE2,77301,-17.84151194,-58.84024383,9.653207873,4
CE2,77341,-17.49306937,-46.70952376,8.439984038,2
CE2,77345,-18.28170719,-44.78767953,13.39779529,2
CE2,77405,-18.3433021,-21.8562932,8.734450431,4
CE2,77458,-17.82747493,0.36533787,8.422611757,2
CE2,77469,-18.12855855,5.71799352,9.152335562,2
CE2,77474,-17.84899789,8.16478139,9.572205515,3
CE2,77526,-18.35449882,26.60957076,10.15907006,2
CE2,77527,-17.97247057,26.80421279,14.18861414,2
CE2,77609,-17.59429956,55.37923477,8.385505143,4
CE2,77623,-17.78629332,61.1752417,8.046903565,2
CE2,77640,-17.49213179,68.35045449,10.02916106,2
CE2,77672,-18.35729789,76.39074295,9.927271879,1
CE2,77694,-17.86584014,90.87879421,8.564363295,2
CE2,77702,-18.34236901,94.51604415,9.165177836,3
CE2,77721,-18.23129507,100.7888257,12.48590312,2
CE2,77722,-18.28077376,100.2520856,9.602109208,2
CE2,77730,-17.49025661,102.7322969,8.725421346,2
CE2,77738,-17.41429577,107.5570598,12.64059115,3
CE2,77746,-18.08277465,109.1505684,8.228615835,2
CE2,77756,-17.4996323,112.0898596,10.233463,2
CE2,77766,-17.35613154,114.062822,11.00121273,1
CE2,77780,-18.3395697,117.0807564,8.476923178,2
CE2,77781,-17.78629332,117.2783475,8.888635871,2
CE2,77793,-18.04445649,121.9310783,9.665059501,2
CE2,77799,-17.79097353,123.8352278,8.199964538,2
CE2,77824,-17.99771573,139.8961439,8.573036058,2
CE2,77825,-18.09866021,140.3532578,12.00868217,2
CE2,77869,-18.2396981,157.4040957,9.249278848,2
CE2,77874,-18.04071769,162.3478065,9.509155325,2
CE2,77881,-17.71139335,165.1386585,8.944206791,5
CE2,77882,-18.02389208,165.4866549,8.01000826,2
CE2,77883,-17.54931535,165.854312,11.43333511,2
CE2,77891,-18.12669005,170.3055195,8.769536115,4
CE2,77892,-17.61116576,172.7483752,8.282408064,4
CE2,77906,-18.59784722,-173.3113808,10.31329944,4
CE2,77909,-18.95617433,-172.0098352,13.26822409,1
CE2,77914,-18.72171902,-167.8201164,9.627166531,2
CE2,77929,-19.16894565,-159.7346081,10.66767047,5
CE2,77933,-18.81572651,-157.8687972,9.198278066,2
CE2,77943,-18.34143591,-147.6382945,13.76160759,1
CE2,77945,-18.48693811,-146.2984102,10.76784034,2
CE2,77946,-19.265485,-144.3677186,8.532950911,2
CE2,77947,-18.79153157,-144.7746974,9.167007836,2
CE2,77949,-18.7496475,-143.0681391,13.15911763,1
CE2,77950,-19.18287309,-143.4004068,10.89368203,2
CE2,77952,-18.87712879,-142.605127,9.188183536,1
CE2,77954,-18.37968878,-141.537545,12.57447079,2
CE2,77959,-18.65839737,-137.9877856,8.286320511,2
CE2,77971,-18.37968878,-133.6506108,22.84838053,1
CE2,77976,-18.58014388,-128.4237844,9.426763649,2
CE2,78012,-18.97290859,-104.4199008,9.970638689,2
CE2,78043,-18.9998658,-85.77358814,8.908249575,2
CE2,78088,-18.98127508,-58.93658181,9.183579052,4
CE2,78115,-18.54845962,-50.50602626,8.974047605,2
CE2,78133,-18.44031619,-43.62375955,8.853167286,5
CE2,78165,-18.83526603,-34.38416165,11.39941801,2
CE2,78169,-19.23207395,-32.73068749,10.4981435,2
CE2,78182,-19.27847634,-26.25441651,10.18003576,3
CE2,78200,-18.85015176,-16.63733105,8.834160849,4
CE2,78254,-18.98499339,5.11538968,11.16343552,1
CE2,78305,-18.99521832,25.78676584,8.368737497,2
CE2,78309,-18.97569747,28.02809824,8.31431945,2
CE2,78361,-18.93013993,45.14774898,9.512342877,2
CE2,78413,-18.58014388,67.65249572,9.256329269,2
CE2,78419,-18.67516128,70.50331324,9.09653017,3
CE2,78436,-19.02681865,74.53967764,9.480670873,2
CE2,78443,-18.86875707,76.72301065,8.555205281,1
CE2,78465,-18.82782267,88.1351281,10.91837557,2
CE2,78487,-19.08628531,99.73107413,12.28787932,2
CE2,78493,-19.30816698,101.0532636,8.051343832,2
CE2,78510,-18.90038135,109.6656817,8.622453854,2
CE2,78523,-18.87526844,114.0923132,10.55987623,2
CE2,78532,-19.23114577,116.6492016,8.004465326,2
CE2,78535,-18.97755669,116.7239127,10.0703069,2
CE2,78558,-18.68168014,130.6644103,8.684531923,3
CE2,78574,-18.49066732,141.7521244,9.050764771,2
CE2,78577,-19.02124255,143.0880765,8.084170431,2
CE2,78579,-19.17265975,143.5333939,10.36159172,2
CE2,78586,-18.75057837,145.7904549,10.78604095,2
CE2,78592,-19.13830114,148.6638824,10.35258716,2
CE2,78609,-19.076066,153.1052594,17.74728403,2
CE2,78612,-19.0946461,154.5837524,9.277612219,3
CE2,78619,-18.29757464,158.1305626,13.95812444,4
CE2,78625,-18.83619643,161.3362578,12.36537918,2
CE2,78650,-18.7868783,167.9717813,8.63545977,5
CE2,78666,-19.44541597,-178.605054,9.434443754,2
CE2,78676,-19.6566264,-169.5925385,11.59033754,2
CE2,78680,-20.01910947,-166.8803297,9.679555386,3
CE2,78683,-19.79912908,-162.9353881,8.65511115,2
CE2,78685,-19.75380111,-162.6837297,9.291653932,5
CE2,78689,-19.52696853,-160.0275542,13.93208479,2
CE2,78694,-19.47785657,-158.736822,8.167658649,2
CE2,78695,-19.78895453,-157.741985,25.77852225,2
CE2,78708,-19.33599706,-151.823098,13.56178413,2
CE2,78710,-19.41667745,-149.2907856,10.71852325,2
CE2,78713,-19.62699953,-147.5626003,18.80467273,1
CE2,78716,-19.41296888,-145.6781117,18.44581421,1
CE2,78718,-19.94889689,-144.1160603,10.0109152,2
CE2,78719,-19.41575031,-144.4925648,15.02891292,1
CE2,78729,-19.93226301,-140.1052549,9.403366475,1
CE2,78741,-19.78895453,-136.7658663,11.48526483,1
CE2,78779,-19.38793384,-112.2331069,33.34328585,2
CE2,78811,-19.74177316,-86.35358205,11.7009359,5
CE2,78833,-19.42780264,-66.4951804,8.804468445,5
CE2,78834,-19.74454892,-66.90805742,11.14443098,2
CE2,78839,-19.95813717,-62.39000317,8.699805931,3
CE2,78841,-19.51585015,-62.36051195,9.430342046,2
CE2,78845,-19.90361168,-59.30423896,9.509764377,2
CE2,78848,-20.07544163,-58.42540073,9.296438094,5
CE2,78852,-19.89991436,-57.66649345,10.01478043,2
CE2,78863,-18.77198697,-56.28433847,10.28590684,2
CE2,78880,-20.21018718,-49.2211923,8.455525335,2
CE2,78925,-20.15667205,-34.31043361,11.73580203,2
CE2,78957,-19.67791733,-18.23968711,10.4538334,4
CE2,78992,-19.33043142,-5.91629109,11.81787045,1
CE2,79007,-19.95074499,0.13923854,8.145100115,3
CE2,79011,-19.95166903,3.40686525,9.178093347,2
CE2,79014,-19.70198194,4.48919287,9.11768699,2
CE2,79016,-20.10129225,5.63541812,8.035891101,2
CE2,79026,-19.78340451,9.40046333,8.300877283,2
CE2,79040,-19.65384911,15.29772344,11.15990469,2
CE2,79053,-19.94889689,19.87672621,8.294979114,5
CE2,79076,-19.52882152,27.61915338,10.74245786,2
CE2,79080,-19.29981703,29.92831557,12.63489642,2
CE2,79104,-19.70660934,40.65525378,9.192953677,2
CE2,79134,-19.3452727,53.80342081,13.23871232,3
CE2,79158,-19.36382239,67.1619585,8.243631451,2
CE2,79163,-19.51307043,67.82649389,17.52101972,2
CE2,79167,-19.91008179,69.83189657,9.383553561,3
CE2,79238,-20.20096175,102.614332,10.14666194,2
CE2,79244,-19.97199658,105.0276965,8.421112141,1
CE2,79263,-19.60292367,113.5585222,9.072206699,2
CE2,79269,-19.95259307,115.7094148,8.649675736,1
CE2,79284,-19.47971012,122.1050765,8.288386133,2
CE2,79286,-19.84167012,121.9821964,9.128415673,2
CE2,79310,-20.04312237,138.5975474,8.214891958,2
CE2,79317,-19.43336495,141.6626677,8.221445006,2
CE2,79335,-19.45746609,149.9546146,8.144680664,2
CE2,79346,-19.59921937,153.4807809,10.24608865,1
CE2,79364,-19.55846647,157.969344,8.999182537,3
CE2,79366,-18.88550008,158.8816056,9.060324775,2
CE2,79367,-20.21295471,157.970327,9.64787949,2
CE2,79369,-19.70198194,159.9668823,11.03685868,2
CE2,79377,-19.56587686,163.720131,8.390203279,2
CE2,79389,-19.4519046,167.3170763,9.004402484,1
CE2,79404,-19.55012938,178.1885215,14.27597141,1
CE2,79416,-20.28950334,-173.7675116,9.587280428,1
CE2,79418,-20.77557356,-172.7225395,8.62865564,4
CE2,79421,-21.15652438,-169.7557232,9.211129658,1
CE2,79424,-20.93633377,-167.7227954,9.942264947,2
CE2,79426,-20.92347928,-168.3578396,10.23564341,2
CE2,79428,-20.76178612,-167.0169723,8.047881195,2
CE2,79431,-20.54285766,-165.7793243,8.338138569,2
CE2,79432,-20.31624035,-166.4487749,10.99224212,1
CE2,79433,-20.52812848,-165.4165824,8.563026097,2
CE2,79435,-20.70662382,-163.5910761,8.024802427,2
CE2,79445,-20.3826019,-156.1966453,9.547918289,2
CE2,79447,-20.43696023,-155.414145,11.68769013,3
CE2,79451,-20.57783375,-149.9140333,10.82374838,2
CE2,79454,-20.85092259,-149.1049909,9.903087887,1
CE2,79456,-20.49682429,-148.256627,16.40645843,2
CE2,79460,-20.33098982,-145.1335072,9.807930007,5
CE2,79464,-21.0868326,-144.5908688,11.11360545,4
CE2,79466,-21.03729488,-143.0052245,9.389163324,2
CE2,79469,-21.02628426,-142.7653626,8.968197606,2
CE2,79473,-21.04922214,-139.0455372,9.514304186,2
CE2,79474,-20.46551369,-138.4606281,10.24713241,2
CE2,79483,-20.96387538,-134.8617168,15.45482166,1
CE2,79493,-20.50142825,-129.4795699,12.8367478,2
CE2,79495,-20.97580851,-127.0780019,10.60134555,2
CE2,79515,-20.61648222,-103.333641,11.60616906,5
CE2,79516,-20.39273796,-102.8637477,12.36719081,2
CE2,79542,-20.52812848,-89.36463518,8.906445315,2
CE2,79546,-20.64224242,-84.34424721,8.53538196,5
CE2,79550,-20.6376427,-82.27494691,9.94207146,2
CE2,79567,-20.45998763,-69.90928015,9.446231191,2
CE2,79569,-20.30148947,-68.99210334,11.14519966,2
CE2,79593,-20.77281617,-55.75644571,9.097781144,2
CE2,79617,-20.51155647,-45.38438513,8.138766029,2
CE2,79665,-21.13176921,-26.80688529,8.717579529,2
CE2,79736,-20.09206037,1.63542622,24.28711798,2
CE2,79744,-20.67259705,6.23605588,8.885678927,2
CE2,79767,-20.76913958,17.97355975,8.65130858,2
CE2,79779,-21.0097668,23.09028568,8.051757356,2
CE2,79787,-20.37338673,27.14729393,8.928180983,5
CE2,79806,-20.07451832,35.01161813,9.081175557,2
CE2,79811,-20.82060373,38.77174814,8.776540173,3
CE2,79812,-21.12535053,38.90642469,9.326835385,3
CE2,79818,-21.02169626,40.54318716,8.99026417,2
CE2,79829,-21.14002139,45.13890162,8.032243725,2
CE2,79868,-20.17051393,65.30892711,10.95426542,2
CE2,79893,-20.67351679,74.95058858,8.910407559,5
CE2,79917,-20.82611671,89.57724855,8.450345913,2
CE2,79933,-20.78200726,104.3592289,9.60400473,2
CE2,79953,-20.50234902,113.6873005,21.75871369,2
CE2,79974,-20.62108258,121.5879972,8.726337398,2
CE2,79975,-20.84081698,122.0863987,8.321776747,2
CE2,79998,-20.33928579,135.6838153,8.375823772,2
CE2,80001,-20.35126805,136.3395033,11.13661495,2
CE2,80002,-20.2941135,137.0895632,9.65412539,2
CE2,80003,-21.12168259,136.938175,8.40806726,2
CE2,80008,-20.52352533,138.3901258,8.684069377,2
CE2,80016,-21.03087212,141.2871463,9.222189402,2
CE2,80017,-20.30886508,141.5751771,8.226491305,2
CE2,80021,-20.67351679,142.5277434,8.720583706,2
CE2,80044,-21.12718447,149.1917751,9.632976431,2
CE2,80047,-20.86653902,151.2335503,8.573309567,2
CE2,80050,-20.64224242,152.875228,8.785739476,2
CE2,80057,-20.46275069,154.1000965,11.00685416,1
CE2,80063,-21.12810143,156.6520697,9.284129946,2
CE2,80078,-20.46643468,166.1521733,10.43087201,1
CE2,80083,-20.81233389,168.1851011,13.51494982,1
CE2,80109,-22.04492399,-178.9127457,8.204675075,1
CE2,80111,-21.5556988,-178.1518724,11.22821449,2
CE2,80117,-21.20052335,-170.5922907,12.85396936,2
CE2,80122,-21.46058177,-167.444595,14.67278491,1
CE2,80123,-21.07215648,-166.6571795,15.19569649,1
CE2,80133,-21.85801106,-158.3416397,8.377777486,5
CE2,80136,-21.28115409,-156.601658,10.83552152,2
CE2,80137,-21.43496272,-156.3735926,10.67657539,2
CE2,80150,-20.57691343,-147.3079928,8.613189135,2
CE2,80151,-21.83885003,-146.172581,16.1534659,1
CE2,80152,-21.23809543,-145.8825841,22.4781236,1
CE2,80153,-21.840675,-145.4559445,9.643668025,2
CE2,80156,-21.94192433,-144.0963995,9.754724001,2
CE2,80157,-21.33976689,-144.7707653,12.91860775,2
CE2,80158,-22.03945686,-143.6638616,9.22589172,5
CE2,80159,-21.83063737,-143.4377623,12.44405257,1
CE2,80163,-21.720177,-140.0462725,10.98306554,2
CE2,80170,-21.61785702,-133.9671499,8.202559682,4
CE2,80171,-21.19685727,-134.0074545,11.10535565,2
CE2,80175,-21.26008441,-130.2247146,10.80171296,2
CE2,80178,-21.31962138,-129.0440829,15.96908029,2
CE2,80220,-21.91000663,-86.37520894,8.611936091,5
CE2,80230,-22.00391539,-73.6487663,10.22292646,2
CE2,80245,-21.2976413,-66.34870736,10.59782203,2
CE2,80269,-21.22435066,-58.34282533,11.6000255,2
CE2,80280,-21.98477398,-53.91226168,8.034411466,2
CE2,80321,-21.51820818,-31.70832534,8.161318911,4
CE2,80417,-21.5739834,10.35597872,8.129444691,2
CE2,80418,-21.74574564,9.64130826,9.639757568,2
CE2,80422,-21.28939793,13.1910676,8.973188032,2
CE2,80436,-21.20418934,22.70001859,8.472775532,2
CE2,80451,-21.67176677,25.55083612,8.572919914,2
CE2,80452,-20.92072461,26.99688873,8.838026491,2
CE2,80477,-21.24450922,35.32520806,9.040613384,2
CE2,80479,-21.16202497,36.59333033,17.85786707,2
CE2,80486,-21.36723358,39.47658819,8.218826697,3
CE2,80488,-21.39469512,40.01824352,9.791428231,2
CE2,80533,-21.70282426,62.43255053,8.172072129,2
CE2,80559,-21.9446598,71.70557181,16.1575876,1
CE2,80577,-21.94648342,79.15898507,8.458226533,3
CE2,80578,-21.53283982,78.51312744,8.57767063,2
CE2,80591,-21.19135798,85.20370125,11.08049984,2
CE2,80600,-21.47338961,87.89526621,8.063659969,2
CE2,80607,-21.87534502,89.51826612,8.31407453,2
CE2,80617,-21.16019146,96.00535054,24.64184426,2
CE2,80618,-21.77861292,96.4821252,8.74907307,2
CE2,80619,-21.65166718,95.65342204,8.023585651,3
CE2,80634,-21.65166718,102.6831448,9.300027269,4
CE2,80642,-21.92642234,106.6841198,8.709357329,2
CE2,80655,-21.25183893,112.4211443,9.7482592,1
CE2,80657,-21.6982574,114.6143077,15.32860608,1
CE2,80665,-21.22618337,118.5405715,9.62653044,2
CE2,80666,-21.73570136,118.2780997,8.397366505,2
CE2,80675,-21.92095065,120.8861062,8.5856279,2
CE2,80680,-22.06041303,122.5503938,8.179928818,2
CE2,80686,-21.30313663,124.0957336,11.74756286,2
CE2,80693,-21.31321086,135.6847983,9.691095982,2
CE2,80696,-21.91183069,137.0158352,9.724859446,2
CE2,80701,-21.75487619,139.096932,10.51219777,5
CE2,80702,-21.44228291,139.0871016,10.1804519,2
CE2,80704,-21.68090202,139.6415364,8.88468262,2
CE2,80707,-21.26832942,141.9536477,8.73303162,2
CE2,80723,-22.08774251,145.3244937,8.04195135,2
CE2,80731,-21.93462949,148.9646928,8.535025336,2
CE2,80735,-21.62882335,149.1937412,9.300696027,2
CE2,80746,-21.63521998,151.9020178,8.7515427,2
CE2,80761,-21.97748133,157.994903,8.947445128,2
CE2,80770,-21.98659708,161.3008683,9.475492276,1
CE2,80784,-21.23168137,165.901498,8.416689126,2
CE2,80791,-22.02852197,170.0233869,9.748900394,1
CE2,80803,-21.17119216,173.8415163,12.04998518,2
CE2,80808,-21.58586715,177.3057511,8.157208218,5
CE2,80816,-22.1769819,-179.5900606,8.733466498,2
CE2,80817,-22.54789856,-179.1732515,10.40639398,1
CE2,80819,-22.86801239,-178.5224786,11.04629121,2
CE2,80820,-22.72482453,-178.9766434,8.177263294,2
CE2,80829,-22.60145403,-171.5802464,8.879172402,2
CE2,80844,-22.54154314,-163.6549737,10.03528232,2
CE2,80851,-22.13874337,-154.7083219,10.758748,2
CE2,80870,-22.42255209,-148.4817432,8.200319049,4
CE2,80872,-21.66719893,-147.991206,9.046379282,2
CE2,80873,-22.80006222,-147.0661649,9.422819091,2
CE2,80876,-22.94950775,-144.5554794,8.972940291,2
CE2,80892,-22.24250946,-137.6968056,8.63792905,2
CE2,80894,-22.27617144,-136.2212618,12.00548178,2
CE2,80900,-22.97847207,-132.6390621,8.594823858,2
CE2,80901,-22.01849758,-132.9732959,30.01111855,2
CE2,80907,-22.44254246,-128.6715106,8.355427966,2
CE2,80908,-22.14784872,-127.8005367,10.16233166,1
CE2,80909,-22.65589586,-128.0639915,13.26436072,2
CE2,80910,-22.36983641,-127.5842678,10.58515534,2
CE2,80926,-22.12053089,-105.1581643,13.51799393,2
CE2,80958,-22.39347005,-84.51824539,16.01299791,2
CE2,80968,-22.84536611,-69.79721353,8.427833094,3
CE2,80995,-22.34619876,-54.74981221,8.138667149,2
CE2,81017,-22.21885026,-47.0476897,14.27450374,2
CE2,81116,-22.48251456,-8.2234872,8.799827965,5
CE2,81129,-22.87344694,0.39974428,8.893735734,2
CE2,81135,-22.02578812,0.97187387,27.05384842,1
CE2,81145,-22.62051113,6.4523248,12.53076212,2
CE2,81150,-22.31346308,9.29626104,17.47080905,2
CE2,81185,-22.79099964,23.48645101,9.49651911,3
CE2,81195,-22.50158809,27.89047257,9.084159475,2
CE2,81205,-22.23068036,31.23674251,13.12005577,3
CE2,81213,-22.69399231,35.68893305,8.810834631,2
CE2,81214,-22.61415906,35.31734373,16.58393466,2
CE2,81215,-22.15604304,36.47733155,12.91900799,1
CE2,81216,-22.76652765,37.8368766,10.61117818,2
CE2,81220,-22.31437251,39.87570265,8.852605855,2
CE2,81227,-22.32892255,42.48370916,8.090041541,2
CE2,81236,-22.65952455,47.5837234,8.218833679,1
CE2,81248,-22.11688811,54.2084335,9.282131153,2
CE2,81259,-22.76290179,57.94103837,9.596548472,2
CE2,81263,-22.0221429,58.88475728,17.48370487,2
CE2,81323,-22.51339419,86.58782231,8.022386683,2
CE2,81324,-22.29163503,87.0557496,8.14063851,2
CE2,81360,-22.66678164,98.03041403,10.32085184,2
CE2,81372,-22.52701537,102.3528432,11.10018827,2
CE2,81379,-22.95403384,104.2992635,8.374282739,2
CE2,81383,-22.35256314,105.8465692,9.825184462,2
CE2,81391,-22.31528193,107.3358756,8.684370485,2
CE2,81392,-22.59510108,108.5037278,11.68242871,2
CE2,81394,-22.73207816,109.8858828,12.63554903,2
CE2,81413,-22.36438192,118.0677291,8.8555502,2
CE2,81430,-22.50976165,137.2232567,8.934714039,2
CE2,81437,-22.89789971,138.540531,9.587034282,2
CE2,81440,-22.24796871,138.9209677,10.76929421,2
CE2,81452,-21.81421063,140.0465491,8.54019646,2
CE2,81486,-22.72663797,158.5119823,8.411037494,2
CE2,81487,-22.20155832,158.7203869,9.087731839,5
CE2,81499,-22.95765459,166.072547,8.349683309,2
CE2,81507,-22.81818558,168.9567879,9.149048826,2
CE2,81508,-22.46616373,169.6685092,11.25384749,1
CE2,81518,-22.84446018,174.563068,8.850993146,5
CE2,81519,-22.22704044,174.0607343,9.312953313,2
CE2,81528,-22.21703016,177.8651011,10.27795062,2
CE2,81531,-22.67403835,179.4733554,14.72885994,1
CE2,81539,-23.7635407,-176.0373522,8.615473531,2
CE2,81544,-23.09426718,-173.8589344,9.302857204,5
CE2,81545,-23.12229633,-172.8355892,19.11164948,1
CE2,81546,-23.70774768,-172.2634596,8.834336723,2
CE2,81550,-23.41669895,-170.8360848,10.608292,2
CE2,81552,-23.2957656,-166.450741,8.511538881,2
CE2,81558,-23.3228498,-164.0875116,8.819139403,4
CE2,81559,-23.18285545,-164.0393426,23.08858196,2
CE2,81570,-23.41669895,-157.5129365,9.994656131,2
CE2,81576,-23.74734519,-149.3301072,8.716741184,3
CE2,81577,-23.54022559,-149.0224155,8.952773187,5
CE2,81579,-23.45277708,-148.2792369,8.589220383,3
CE2,81585,-23.36075842,-138.2423931,12.71828311,1
CE2,81587,-23.3896339,-137.8649056,13.31479347,5
CE2,81594,-23.01195431,-132.0649665,10.1486664,3
CE2,81598,-23.08884151,-128.5810708,8.489638159,2
CE2,81607,-23.14489622,-115.0200268,8.85196818,2
CE2,81612,-23.26145102,-109.5346607,8.612484994,2
CE2,81629,-23.79322724,-91.89891365,9.277056876,4
CE2,81641,-22.99023705,-85.87484131,9.680187989,2
CE2,81643,-23.31021119,-84.45434775,9.781144797,2
CE2,81648,-23.24519367,-79.59026324,9.53048808,2
CE2,81653,-23.42301334,-76.12013018,8.3205353,2
CE2,81679,-23.26054789,-55.20299389,11.38620338,2
CE2,81737,-23.82020911,-32.8692962,9.178511036,4
CE2,81802,-23.1232004,-4.64423665,8.413122094,3
CE2,81808,-23.01557352,-0.04655611,16.22287845,2
CE2,81870,-23.22170732,23.64963574,9.121712201,2
CE2,81893,-23.16839606,31.09715076,9.49581925,3
CE2,81902,-23.71674817,34.76487496,9.67646429,2
CE2,81967,-23.11687179,63.60728396,8.806935485,2
CE2,81973,-23.49695935,66.40403425,10.99316391,2
CE2,81978,-23.27951243,66.78053878,9.978368391,3
CE2,81982,-23.66183553,68.44580942,8.133240503,3
CE2,81997,-23.18195178,71.63577593,14.64792954,2
CE2,82016,-23.39053616,78.57604204,8.248521776,2
CE2,82027,-23.67894194,87.98177378,10.63221545,3
CE2,82087,-23.712248,114.4403095,10.1901671,2
CE2,82094,-23.31833615,118.9347708,11.2305093,2
CE2,82102,-23.07527637,124.5105767,9.746729021,2
CE2,82109,-23.5888831,132.9499796,9.563833868,2
CE2,82128,-23.32646061,141.6430069,8.202642088,5
CE2,82139,-23.69694627,148.0612785,9.260616509,2
CE2,82149,-23.68344326,151.2817193,8.155466476,2
CE2,82155,-23.50056541,153.6921346,8.334262407,2
CE2,82156,-23.72844788,153.9899959,8.030245948,2
CE2,82162,-23.12500852,157.6577201,8.553366762,2
CE2,82168,-23.64922937,161.6134752,8.747493397,2
CE2,82177,-23.80132239,167.0487063,8.148829026,2
CE2,82190,-23.32646061,176.2391521,9.655920434,2
CE2,82191,-23.75814242,176.623521,8.629256425,2
CE2,82204,-24.08792377,-177.8835023,8.079978933,1
CE2,82210,-23.9083108,-173.8550022,8.579118729,2
CE2,82212,-24.31119045,-171.5959751,9.007106923,2
CE2,82215,-24.368513,-168.8395295,13.4603842,2
CE2,82221,-23.69694627,-166.4045381,23.6178525,2
CE2,82222,-23.92358764,-164.608523,9.343082902,3
CE2,82223,-24.28968782,-165.6308852,21.11233853,1
CE2,82229,-24.38104884,-160.5387353,9.114462537,4
CE2,82233,-24.55105509,-156.0708161,8.099336035,2
CE2,82240,-24.15431693,-152.2310598,20.82943477,1
CE2,82242,-24.0385552,-149.956304,9.996094104,4
CE2,82247,-24.25563452,-143.9862989,8.095279012,2
CE2,82249,-24.22695099,-143.2991536,25.6277226,1
CE2,82252,-24.25204944,-141.0686346,10.52746083,2
CE2,82256,-24.24756793,-140.1779999,20.11903402,2
CE2,82258,-23.79142824,-137.1875906,12.32325497,5
CE2,82271,-24.15700782,-127.4948111,11.77303781,2
CE2,82275,-24.02867921,-120.5850192,8.60034118,5
CE2,82278,-24.20991709,-118.8175124,12.11174118,2
CE2,82285,-24.39000226,-116.1937772,9.922696125,2
CE2,82296,-24.12471342,-107.7740351,8.812404147,2
CE2,82300,-23.80312124,-105.2535192,8.836053192,2
CE2,82303,-24.05561194,-101.7303019,12.03156183,5
CE2,82310,-24.6279297,-94.53149618,8.121066711,5
CE2,82318,-24.10856317,-88.16532574,17.65504232,2
CE2,82356,-23.95233915,-63.29931566,10.73779977,2
CE2,82361,-23.98467694,-61.4010644,8.012280967,2
CE2,82367,-24.43117979,-57.19561704,9.932683721,2
CE2,82384,-24.65562874,-45.78055046,9.898729293,5
CE2,82424,-24.30760693,-29.90149686,19.45320838,2
CE2,82485,-24.1677708,-4.06620882,8.000848658,2
CE2,82497,-24.26818154,-0.01018361,14.73091731,2
CE2,82501,-24.52064979,1.80549223,10.29938301,2
CE2,82508,-24.52780464,4.19231463,13.2214039,2
CE2,82528,-24.32373198,13.39947219,9.922353457,2
CE2,82544,-24.5394304,20.15885884,9.834917165,2
CE2,82549,-24.31119045,22.12100772,9.967571384,2
CE2,82559,-24.68153518,26.79143326,8.278213463,2
CE2,82569,-23.92089186,29.27459363,15.0371491,2
CE2,82578,-23.9667125,32.9442839,8.138419816,2
CE2,82594,-24.16508014,39.68597583,9.811669702,1
CE2,82596,-24.60379974,40.15390312,13.26641833,1
CE2,82602,-24.23770807,44.25908035,9.441682995,2
CE2,82622,-24.76279284,50.87396004,9.159724758,4
CE2,82624,-24.36224461,52.15486184,9.588173666,2
CE2,82641,-23.92628337,65.96461514,8.558413567,2
CE2,82648,-24.76814862,68.37994571,8.28120007,2
CE2,82651,-24.6797487,69.62545805,9.35641744,2
CE2,82659,-24.02239409,72.06536464,9.555619956,2
CE2,82676,-24.44281449,77.33052969,8.276712955,2
CE2,82683,-24.10946046,80.57947863,24.30760763,2
CE2,82692,-24.13458202,91.93556277,11.20254408,2
CE2,82723,-24.1677708,103.6750327,8.591286673,2
CE2,82728,-24.56714903,105.0768485,9.773228096,2
CE2,82734,-23.97749146,109.6332413,8.822515714,3
CE2,82752,-23.97569503,118.5602324,10.32010524,2
CE2,82755,-24.6797487,121.0876295,8.190285244,2
CE2,82765,-24.10946046,125.7167674,9.491061829,2
CE2,82768,-24.39268816,132.3375453,9.933549482,2
CE2,82769,-24.27983122,132.9106579,30.17752189,2
CE2,82770,-23.90201981,133.5653629,8.069471104,2
CE2,82771,-24.38283958,134.7961297,10.91642668,2
CE2,82790,-24.16238942,144.5980267,8.859721434,2
CE2,82796,-24.04932814,146.9209515,8.207246666,1
CE2,82816,-23.96850906,156.174312,9.699913936,1
CE2,82819,-24.44818398,160.226405,8.179801699,2
CE2,82827,-24.63954618,164.9744907,8.801485287,2
CE2,82828,-23.85078179,165.6183823,14.22939799,1
CE2,82854,-24.49828825,176.162475,8.492191923,2
CE2,82860,-23.28944516,177.6970012,8.474622079,1
CE2,82863,-23.97120385,179.1499351,10.22170226,2
CE2,82883,-25.1994177,-170.8527965,9.126227965,1
CE2,82884,-24.78242957,-170.2983616,11.83612263,1
CE2,82886,-25.38784243,-167.0444975,9.353579681,2
CE2,82891,-25.61586911,-163.2017921,9.719006826,2
CE2,82895,-25.45975746,-160.411923,9.671672387,2
CE2,82902,-25.12378794,-153.4687078,8.297383356,2
CE2,82920,-24.91979966,-143.2971875,10.7274849,1
CE2,82922,-25.25544241,-139.3522459,8.273917815,2
CE2,82925,-25.46597033,-136.7550528,16.4633287,2
CE2,82933,-24.91801661,-129.0145917,16.93415409,3
CE2,82934,-25.11132678,-128.0109073,12.38145978,2
CE2,82964,-25.14870645,-104.0492945,25.18023772,2
CE2,82966,-25.13268799,-100.3520791,10.76822168,5
CE2,82982,-24.87075643,-89.07070606,8.810980564,5
CE2,83157,-25.60168555,-4.82511611,10.03915585,2
CE2,83158,-25.20208613,-4.55183084,8.954604346,2
CE2,83159,-25.48460699,-4.01705679,8.645455478,2
CE2,83170,-25.24477303,1.54793562,8.929332501,2
CE2,83174,-25.02584461,4.17756902,8.723000722,2
CE2,83178,-25.1994177,4.75756293,9.609824104,2
CE2,83197,-25.17006113,14.76000027,21.89478718,2
CE2,83201,-25.15137599,15.81283668,8.838372671,2
CE2,83233,-25.63536877,27.31441082,8.583752813,2
CE2,83236,-25.48993122,27.93667547,8.377733656,2
CE2,83246,-24.86897267,33.55180295,9.783770189,2
CE2,83247,-25.21542739,33.24214518,9.414322738,2
CE2,83249,-25.50146625,33.34241532,9.043234757,2
CE2,83253,-24.82347817,35.6004594,8.834772661,2
CE2,83254,-25.37896106,36.84203959,10.66243179,2
CE2,83258,-25.10954651,40.93935249,10.50643062,2
CE2,83261,-25.31321861,42.93295868,9.749399782,2
CE2,83262,-25.1789578,42.47289571,9.428027943,2
CE2,83269,-24.79135434,44.23352129,12.59131318,2
CE2,83293,-25.35853142,53.49867824,8.311126273,2
CE2,83310,-25.1184476,64.85869455,13.13499103,1
CE2,83323,-25.25633148,71.33299945,8.880483208,2
CE2,83336,-24.90910098,74.64584602,10.94271964,1
CE2,83348,-25.0338611,86.51016211,14.21992175,2
CE2,83366,-25.14603685,91.20712974,11.09530614,1
CE2,83375,-25.3149959,94.05991334,9.482455018,2
CE2,83381,-25.25010783,94.62516165,8.847061934,2
CE2,83384,-25.01515515,96.95988289,8.537762832,2
CE2,83395,-25.4837196,100.2796108,13.82209104,1
CE2,83406,-25.48105737,103.9866566,8.476347919,2
CE2,83414,-25.22343145,107.8146164,11.79520964,2
CE2,83428,-25.30610918,114.016619,8.827133315,2
CE2,83442,-24.95723773,120.299231,11.35299802,3
CE2,83450,-25.25188605,123.1667603,8.31674481,2
CE2,83454,-25.31943902,122.7686288,8.04606863,2
CE2,83459,-25.62384663,125.0463337,8.369633874,2
CE2,83462,-25.68410397,126.6968588,8.060061928,2
CE2,83470,-25.44733077,134.5090818,8.793758554,2
CE2,83471,-25.01604597,136.1586238,9.869952127,2
CE2,83481,-25.02851683,142.2662546,9.852769316,2
CE2,83483,-25.52364588,144.0671849,9.877658164,3
CE2,83492,-24.92069117,147.0585772,9.745474036,2
CE2,83493,-25.50501527,146.9819,10.44135798,2
CE2,83494,-25.34342903,147.7064009,8.411714689,2
CE2,83495,-25.07126444,147.3357946,8.258582708,2
CE2,83500,-25.05701689,150.8344358,10.32749636,1
CE2,83509,-25.46597033,157.3814857,8.154579465,2
CE2,83510,-25.08016832,158.5689987,10.90987054,2
CE2,83516,-25.55735106,161.0796842,12.48844604,2
CE2,83517,-25.2972218,162.1256393,9.666941609,5
CE2,83525,-24.88859258,167.7987662,11.0731186,2
CE2,83536,-24.95723773,173.8749397,9.070895558,3
CE2,83545,-24.91534199,178.782278,8.029184586,2
CE2,83564,-25.90272323,-170.6031042,8.9989643,5
CE2,83566,-25.13624783,-169.8677899,8.183139366,2
CE2,83567,-26.19770252,-168.8670546,13.92684827,2
CE2,83570,-26.0891588,-168.1514011,8.673948407,2
CE2,83573,-26.21710619,-167.2253769,15.20322103,2
CE2,83575,-25.68498988,-165.4460736,20.42980273,2
CE2,83576,-25.86203928,-163.8810731,9.873742323,2
CE2,83578,-26.431213,-162.642442,9.699789548,1
CE2,83579,-26.08121262,-159.9351484,8.54192912,2
CE2,83586,-26.26471968,-155.7916326,8.848786123,2
CE2,83601,-26.36429211,-149.3065142,9.470381711,2
CE2,83616,-25.91156571,-133.5994927,9.626837701,2
CE2,83618,-26.17564896,-129.0784894,9.123564171,2
CE2,83651,-25.72662022,-104.0964805,8.312817308,2
CE2,83654,-25.971677,-97.56221011,13.59068945,5
CE2,83663,-25.87353834,-85.83060449,9.582870584,4
CE2,83666,-26.00437172,-82.60426549,8.559491879,2
CE2,83678,-25.76646541,-72.73748774,8.335419835,5
CE2,83695,-26.40304052,-63.70826051,8.097965827,2
CE2,83707,-26.02822428,-58.03611668,13.25887609,2
CE2,83718,-26.24356054,-49.43549513,8.346979692,3
CE2,83719,-26.16329715,-50.0095908,9.341684775,2
CE2,83753,-25.75141435,-36.22834568,9.012288124,4
CE2,83759,-26.36957675,-33.54071288,8.429153646,1
CE2,83829,-25.95665205,-10.37732899,8.007160877,4
CE2,83842,-26.29468852,-5.39331353,8.200917062,3
CE2,83851,-26.15712075,-1.93202784,8.89929507,3
CE2,83872,-26.32200631,8.52064206,8.320098252,2
CE2,83876,-25.95665205,9.50958083,14.85712861,2
CE2,83883,-25.75672671,12.65924267,9.906715455,3
CE2,83908,-25.75584133,25.21660234,8.715273935,5
CE2,83910,-26.03440749,23.90031107,8.460325095,3
CE2,83925,-25.71156412,29.70909754,9.45118298,5
CE2,83932,-26.24885068,37.86440173,9.306621112,2
CE2,83934,-25.82930506,39.9690915,8.040935499,2
CE2,83935,-26.18799947,39.72529745,9.314228202,2
CE2,83937,-25.99730336,39.38418238,10.3670347,1
CE2,83945,-26.24267882,42.188797,9.167961532,2
CE2,83957,-26.36076889,46.48665018,9.247785271,2
CE2,83961,-26.23474309,49.59895648,8.130279864,2
CE2,83963,-25.76823599,49.24702797,8.166064901,2
CE2,83969,-25.78594041,51.57290185,8.309929997,2
CE2,83977,-26.50601273,55.20916876,8.228895401,2
CE2,83979,-25.94958083,56.69257691,8.897557502,2
CE2,83995,-26.39599632,68.38781003,8.872798435,5
CE2,84002,-26.50865183,71.18554337,8.88231028,2
CE2,84017,-26.41448642,76.88816145,8.548855921,3
CE2,84053,-26.08827592,97.52119903,8.43911754,1
CE2,84065,-25.76380948,102.323352,9.20516203,2
CE2,84070,-26.43297356,105.3707776,8.472615405,3
CE2,84083,-26.27000886,112.9657487,8.322578598,2
CE2,84107,-25.70182092,124.4791194,9.306912957,2
CE2,84112,-25.87796075,124.7288116,8.592585042,2
CE2,84113,-25.6406863,125.5486674,18.89974968,2
CE2,84117,-25.96549049,130.630987,12.42163162,2
CE2,84119,-26.15094402,130.9327804,9.776791604,2
CE2,84120,-25.86203928,132.0809717,8.76164475,2
CE2,84129,-26.18799947,135.8066953,8.811187978,2
CE2,84140,-25.69650611,140.3915963,10.00843369,2
CE2,84150,-26.51392986,149.0226921,10.2249842,2
CE2,84167,-26.15976782,156.3384797,8.28341957,2
CE2,84170,-25.98493271,157.9516492,8.175320658,1
CE2,84184,-26.21446043,167.8862568,9.072378425,1
CE2,84192,-25.86380844,175.7102763,12.77050803,2
CE2,84194,-26.19946662,175.847902,9.65256738,2
CE2,84196,-26.16947322,176.6825034,9.485675714,2
CE2,84199,-26.42857213,178.5925511,12.9934255,2
CE2,84209,-26.91873008,-175.062176,8.338633956,2
CE2,84219,-26.55262794,-167.4907979,10.03089249,2
CE2,84220,-27.19187457,-167.1123273,19.7586933,1
CE2,84232,-26.49457592,-159.3128837,11.4500047,1
CE2,84234,-27.01860996,-157.2740577,12.56046288,2
CE2,84237,-27.20586403,-154.1116163,14.14809029,2
CE2,84239,-26.66161587,-151.847674,9.355275299,2
CE2,84240,-26.87226456,-151.6943197,14.33075646,2
CE2,84247,-26.58691759,-147.9823586,12.42293697,2
CE2,84252,-27.07201804,-145.9631934,13.92121898,1
CE2,84255,-27.06413976,-138.3888662,8.762284899,2
CE2,84257,-27.3683625,-134.2188083,9.07589927,2
CE2,84273,-27.39367684,-123.9411196,9.075073167,2
CE2,84291,-27.10702592,-109.0165983,10.24504354,2
CE2,84296,-27.12102601,-104.1004127,10.79034877,2
CE2,84299,-26.3581264,-100.6931942,8.677254718,2
CE2,84303,-27.12365083,-97.01957174,9.837164086,5
CE2,84309,-27.01598268,-91.56173075,11.01611339,2
CE2,84311,-27.04575495,-85.54355666,15.0252682,2
CE2,84344,-26.63086367,-56.03857834,9.058995655,2
CE2,84409,-26.54031633,-32.08679595,10.03242875,2
CE2,84415,-26.70202044,-29.50434849,9.747981838,2
CE2,84478,-26.97568999,0.57374246,11.37587646,2
CE2,84488,-27.35875899,10.29503021,10.31259,2
CE2,84495,-27.41724015,13.3100155,8.501565437,2
CE2,84507,-26.5904339,17.06719639,8.654964289,2
CE2,84529,-26.87840261,24.64938795,8.180517312,2
CE2,84535,-27.36574344,26.2684557,9.815206405,2
CE2,84540,-26.89155446,27.90620121,9.953553693,4
CE2,84554,-27.02211291,31.52280731,9.784627399,2
CE2,84557,-26.63525734,33.43777025,11.42790753,2
CE2,84559,-26.75118929,35.74693244,13.26892224,2
CE2,84560,-27.29762626,35.74398332,8.029963203,2
CE2,84563,-26.69675109,36.35346845,11.31258728,2
CE2,84584,-27.43381873,46.79925706,8.106996732,2
CE2,84597,-26.9721856,51.23866808,8.198302212,2
CE2,84606,-27.08427204,55.45394585,9.043734748,2
CE2,84618,-26.79419459,67.58073376,8.09417185,2
CE2,84620,-27.29675269,69.30302076,8.337558246,2
CE2,84646,-26.54295464,83.37131372,8.850677043,3
CE2,84658,-27.01247954,93.30985342,10.0791489,2
CE2,84664,-26.40039899,95.38210285,18.95313301,2
CE2,84670,-26.81700711,99.11470772,8.469140235,2
CE2,84698,-26.65810175,114.2299388,9.086745015,2
CE2,84705,-26.73275346,116.3631368,8.529445197,2
CE2,84728,-27.3578859,123.4331642,9.19434121,2
CE2,84740,-26.90119817,127.5894596,10.46594274,2
CE2,84744,-26.59131296,129.5673371,9.805450713,2
CE2,84746,-27.22771904,130.8541372,9.628044067,2
CE2,84756,-26.77927622,136.2667583,8.478590755,2
CE2,84758,-27.32121002,136.7101096,9.766823767,2
CE2,84761,-26.73714321,137.4768812,10.27533334,2
CE2,84765,-26.92749502,138.758766,8.027825192,2
CE2,84781,-27.33867624,148.7376104,8.412274413,2
CE2,84799,-27.21110962,156.5321387,9.963827225,5
CE2,84804,-26.82490268,158.7793694,8.258009527,2
CE2,84810,-27.22946726,163.840062,8.491882084,2
CE2,84818,-26.68972491,167.6385306,9.947159158,2
CE2,84832,-26.69675109,175.3288566,10.86635067,2
CE2,84838,-26.57285128,178.3271302,9.901212083,2
CE2,84842,-27.56461476,-179.7463641,9.861617173,2
CE2,84847,-27.99166235,-176.3814164,8.072316712,2
CE2,84865,-28.02203948,-165.0499082,9.915016636,4
CE2,84866,-28.28206277,-164.5927944,8.694085185,1
CE2,84874,-27.88397164,-160.0246051,8.035145314,1
CE2,84885,-27.79356773,-153.5925709,8.849867863,2
CE2,84887,-28.0124933,-150.2138606,9.046601561,2
CE2,84892,-27.83964837,-144.6301905,8.608812072,2
CE2,84893,-27.59249778,-143.8634188,8.404234043,2
CE2,84902,-27.71092147,-134.0605387,8.181699535,2
CE2,84907,-27.81095895,-132.9919737,8.863965121,2
CE2,84929,-27.71092147,-101.6555909,18.16611117,2
CE2,84937,-27.68132757,-96.4582556,9.25325595,2
CE2,84938,-27.73615698,-95.58924778,9.23628302,2
CE2,84951,-27.81530632,-84.35997586,8.123555428,2
CE2,84988,-28.09664402,-60.75127461,8.490734596,5
CE2,84993,-27.52713579,-58.05970966,9.182220899,2
CE2,85000,-27.82921673,-54.29466445,8.421649234,2
CE2,85044,-27.48789993,-31.58151312,8.271138344,4
CE2,85102,-27.98298159,-12.1094464,9.642224038,2
CE2,85158,-27.65346717,14.61549332,8.456508595,2
CE2,85176,-27.52190516,20.87942754,8.874437527,2
CE2,85184,-27.79617659,21.53020037,29.20142589,2
CE2,85199,-27.91698504,27.68796622,9.833201608,2
CE2,85224,-28.25522297,40.09590372,9.891426678,2
CE2,85236,-27.4643517,44.23941954,15.96235364,2
CE2,85250,-27.42073059,54.96635775,9.999610501,3
CE2,85259,-27.84138688,63.54043721,10.30950369,2
CE2,85262,-28.1113853,65.99410636,9.32227549,2
CE2,85276,-27.73354668,71.63479289,12.74796612,1
CE2,85279,-28.25089334,74.07666555,8.15317552,2
CE2,85317,-28.08363533,95.32803562,9.891003158,5
CE2,85318,-27.37621929,95.65637116,10.6491172,2
CE2,85319,-28.05934822,96.58436141,8.328690117,2
CE2,85321,-27.65520865,97.1201185,11.97582235,2
CE2,85322,-27.2556872,97.55757153,23.21886913,1
CE2,85328,-27.60730775,102.3017251,8.509767145,5
CE2,85365,-27.65259641,119.5010021,9.743043698,5
CE2,85390,-27.42160318,129.1741209,8.024370242,2
CE2,85394,-27.99600246,132.6717791,18.68908799,2
CE2,85397,-27.99426644,133.6813617,11.6041933,2
CE2,85402,-28.04112929,135.4940884,8.698222029,2
CE2,85416,-27.98124536,140.721898,8.31180495,2
CE2,85426,-28.03939399,144.2716573,8.720637314,3
CE2,85431,-27.65782082,153.8042013,8.000082714,2
CE2,85438,-27.49923618,160.2155916,8.590700716,1
CE2,85454,-28.01075754,171.1951712,9.261002767,3
CE2,85465,-27.93609345,179.4477964,9.550426782,2
CE2,85482,-28.42221223,-172.3774923,8.694790577,2
CE2,85497,-28.74678231,-165.4785139,9.995367588,2
CE2,85501,-28.62259727,-163.3472821,8.878172969,2
CE2,85502,-28.62691172,-162.8016946,13.39667517,4
CE2,85513,-28.95170908,-156.1956622,8.202965851,2
CE2,85536,-29.08667046,-146.3800026,9.518452238,2
CE2,85544,-28.63122599,-141.1433457,9.238975619,2
CE2,85552,-28.86651548,-133.6899325,9.891012519,3
CE2,85556,-28.31408851,-132.19866,22.4351114,2
CE2,85583,-29.05230215,-106.487235,8.74702152,5
CE2,85587,-28.49135353,-102.4007356,8.272160327,2
CE2,85590,-28.70885251,-98.46562436,8.329172877,5
CE2,85599,-28.98697079,-89.9692051,15.01180505,2
CE2,85616,-28.48271334,-81.14739943,8.182273321,5
CE2,85641,-28.716612,-69.30274414,9.903232126,5
CE2,85664,-28.42567037,-55.18431612,8.352150588,3
CE2,85666,-28.95600994,-52.04448468,12.07270503,3
CE2,85679,-28.83896321,-43.37308421,11.18603987,2
CE2,85710,-28.30543385,-29.18879248,9.937871742,2
CE2,85735,-29.0445677,-15.79289924,8.936067226,2
CE2,85759,-28.75712441,-5.23897617,8.393747681,2
CE2,85807,-28.60878985,16.23849322,8.281984748,2
CE2,85808,-28.99213003,16.33188207,9.078977263,2
CE2,85814,-29.12961474,17.54986928,8.107279076,2
CE2,85820,-28.36600164,19.43829013,9.883160089,2
CE2,85835,-29.03683266,25.98435699,8.533373517,2
CE2,85842,-28.55526895,29.06029079,9.140066046,2
CE2,85852,-28.51986114,34.38148915,9.424803815,2
CE2,85870,-28.37811106,42.37950686,9.059600567,2
CE2,85878,-28.57253673,45.31093371,8.125721111,2
CE2,85881,-29.0608953,46.13963687,8.323348978,1
CE2,85887,-28.99900862,50.40799883,9.967820374,2
CE2,85890,-28.7071281,51.46869956,8.823702744,2
CE2,85892,-28.73040522,52.04082914,19.88640034,2
CE2,85898,-28.83637981,54.33033053,8.084378332,2
CE2,85975,-28.59756998,94.65661894,9.253576435,1
CE2,85977,-28.6907448,96.58534445,9.624123256,2
CE2,85989,-28.63554008,102.1631164,9.394871535,2
CE2,86015,-28.7554008,113.4661164,8.043758456,2
CE2,86020,-29.08409324,114.4186826,8.789468061,1
CE2,86054,-28.67867125,126.7863155,20.1382318,2
CE2,86055,-29.01706273,128.4820604,8.934753069,5
CE2,86058,-28.69764334,129.7973686,8.188859437,2
CE2,86059,-28.47320832,130.317397,8.560351831,2
CE2,86060,-29.08323415,130.2810245,9.330260631,2
CE2,86061,-28.26907661,129.8013008,27.7676139,2
CE2,86066,-28.7071281,132.5420177,9.247506464,2
CE2,86067,-28.78642147,133.2212987,8.081691871,2
CE2,86069,-28.7933137,134.2436609,9.216276825,2
CE2,86071,-28.69850563,132.8860819,8.020428786,2
CE2,86072,-28.72781913,135.1460921,8.50807915,2
CE2,86077,-28.69764334,137.9556219,8.682791179,4
CE2,86098,-28.60965287,147.8184675,8.430616497,2
CE2,86101,-28.58721212,151.081179,8.551356689,2
CE2,86106,-28.38935427,154.2662303,8.589864529,2
CE2,86110,-28.55526895,158.6093033,9.378276555,2
CE2,86111,-29.03941107,159.7093257,8.272312087,5
CE2,86118,-29.02565882,164.1015508,9.015438946,2
CE2,86134,-28.84929617,177.2526669,8.262950599,2
CE2,86135,-28.31322307,179.026072,8.620521072,2
CE2,86139,-29.83218341,-176.5888379,9.979561802,2
CE2,86144,-29.51359346,-173.7458847,8.215992836,2
CE2,86155,-29.49477115,-167.0277858,8.639839851,2
CE2,86165,-29.31921345,-162.4684438,11.67127094,2
CE2,86172,-29.73748068,-157.9995416,12.15780922,3
CE2,86196,-29.36548732,-142.6759059,9.9322772,2
CE2,86197,-29.37062757,-142.339706,9.406711851,2
CE2,86202,-29.87907497,-136.5938342,8.811162929,2
CE2,86210,-29.14507029,-132.6970615,16.37105108,2
CE2,86250,-29.10900373,-102.5098531,11.46005356,2
CE2,86253,-29.26262798,-96.95862323,8.580262597,5
CE2,86291,-29.48450296,-64.56743793,14.80612551,2
CE2,86299,-29.47594534,-60.43670165,9.479496214,3
CE2,86332,-29.13476685,-43.99043366,9.870273062,2
CE2,86362,-29.41088383,-32.56258756,8.296257378,3
CE2,86377,-29.3312124,-25.368697,8.087680685,2
CE2,86467,-29.95064863,15.34097722,10.66962513,2
CE2,86468,-29.65123195,15.74107472,8.965377113,2
CE2,86471,-29.23689695,16.53930362,8.871796753,3
CE2,86472,-29.74174849,17.15763611,9.594344269,2
CE2,86478,-29.561489,18.91826169,8.493741248,2
CE2,86503,-29.67942037,30.0551278,8.087771625,2
CE2,86514,-29.52813558,36.88431033,9.219969041,2
CE2,86517,-29.92253654,38.41588747,9.834906662,2
CE2,86525,-29.25405169,42.03445964,8.794759183,2
CE2,86534,-29.41345284,45.4829658,16.7218719,2
CE2,86535,-29.53070162,46.24383917,28.67254393,2
CE2,86541,-29.07636117,49.13791047,12.39852554,2
CE2,86558,-29.43742712,60.23742104,23.76156035,2
CE2,86571,-29.93446385,66.26247642,8.314899893,2
CE2,86580,-29.41944694,67.5453443,9.093480356,2
CE2,86632,-29.7494301,92.42020175,9.967371905,2
CE2,86644,-29.58286361,95.30247657,8.978738571,2
CE2,86646,-29.46139573,95.52071156,9.86068681,2
CE2,86650,-29.58200872,96.32090655,11.56282461,2
CE2,86652,-29.30721309,97.38553944,24.98164175,1
CE2,86654,-29.38090728,98.24176774,8.482121989,2
CE2,86660,-29.64866897,100.9303836,8.743355138,2
CE2,86664,-29.52043707,102.9072781,8.721039302,2
CE2,86668,-29.92850037,104.7376995,8.3225463,2
CE2,86670,-29.93105619,105.1731865,8.545760506,2
CE2,86671,-29.46139573,105.2243046,8.92116188,2
CE2,86692,-29.43314641,114.5022411,9.695283417,5
CE2,86696,-29.27206107,115.0232525,10.44178364,2
CE2,86700,-29.92253654,118.1070507,8.253639382,4
CE2,86702,-29.38947291,118.5238599,8.614115772,2
CE2,86704,-29.29263933,119.643543,8.680267626,5
CE2,86709,-29.22574483,121.0522401,9.692878026,2
CE2,86712,-30.01961733,122.5690716,8.017974327,5
CE2,86719,-29.7349199,125.974324,10.90228429,2
CE2,86731,-29.35520606,128.4958229,9.188918676,2
CE2,86734,-29.35006503,130.3518035,12.13277095,2
CE2,86735,-29.18884839,131.4223346,8.803351009,2
CE2,86737,-29.88589372,131.6248409,9.610407552,2
CE2,86740,-29.29178199,133.2429256,8.189268207,2
CE2,86741,-29.61619897,133.3422127,8.623409414,2
CE2,86744,-29.53241227,134.1315943,9.573075143,2
CE2,86746,-29.57858905,136.1714034,8.301440412,2
CE2,86748,-29.75881794,136.8605148,10.52209236,2
CE2,86752,-29.3380683,139.1588635,9.867444347,4
CE2,86814,-30.36458869,-176.4895508,8.887767218,2
CE2,86816,-30.13615897,-176.2369094,9.684967728,2
CE2,86835,-30.37646268,-167.251919,9.834521986,2
CE2,86919,-30.31198658,-121.1846739,9.565031633,5
CE2,86960,-30.14636045,-95.46538467,27.50381379,2
CE2,86980,-30.4536084,-77.96628029,8.463327876,2
CE2,86996,-30.58571619,-66.63968736,9.376675803,2
CE2,87005,-30.23048243,-62.50403587,9.989469453,2
CE2,87038,-29.95235214,-48.24896522,12.33800869,2
CE2,87041,-30.32556403,-44.12314413,8.382425242,4
CE2,87070,-30.64831986,-27.83023047,9.205663642,5
CE2,87086,-30.57725313,-21.74324354,8.56916249,3
CE2,87087,-30.69482338,-20.41122363,9.384497228,4
CE2,87100,-30.29416333,-15.40754736,10.65536137,2
CE2,87125,-30.13700913,-4.23627483,8.74628565,2
CE2,87135,-30.41631479,2.31569027,9.832687876,2
CE2,87154,-30.09534249,13.11045827,9.839935291,2
CE2,87163,-30.32047271,17.51349678,9.632928984,3
CE2,87171,-30.05621088,19.41961236,9.517658487,2
CE2,87182,-30.32895809,22.49947833,8.518438579,5
CE2,87186,-30.6271745,24.54518566,10.76554272,2
CE2,87200,-30.40274994,35.41663083,10.9441427,2
CE2,87214,-30.37731076,42.11703504,9.089373274,2
CE2,87220,-29.93190812,44.31019846,14.77634437,2
CE2,87221,-30.07833065,45.37089918,18.01799553,2
CE2,87222,-30.54254686,45.61076107,8.872514342,2
CE2,87223,-30.54254686,45.12218993,8.61819191,2
CE2,87225,-30.56455716,46.65081795,8.684712301,2
CE2,87235,-30.68552447,51.09514416,9.77849327,2
CE2,87238,-30.40614132,57.44558595,9.995278909,2
CE2,87240,-30.3230184,57.98625824,8.612741435,2
CE2,87244,-29.96512751,60.60114604,8.62251505,2
CE2,87245,-30.11915415,59.57386869,12.27328466,2
CE2,87264,-30.2075472,68.37404747,8.044407304,2
CE2,87272,-30.22963307,68.89604199,8.064484618,2
CE2,87275,-30.3416848,70.44924601,8.004540842,3
CE2,87281,-30.15826085,73.35314773,8.063928762,2
CE2,87286,-30.33489743,76.48708092,8.842208383,2
CE2,87308,-30.4536084,91.07343623,8.972781485,2
CE2,87330,-29.9813073,96.14887446,26.65402569,2
CE2,87369,-30.17780839,106.9298799,8.169429253,2
CE2,87376,-30.80887339,108.2284764,8.681742441,2
CE2,87379,-30.76749307,110.5071644,8.944102092,2
CE2,87429,-30.08003196,128.3060961,9.958610265,2
CE2,87446,-30.63055807,136.3660454,8.976415629,2
CE2,87447,-30.40529349,137.9782318,8.675392848,2
CE2,87459,-30.08598634,141.9418512,8.053522712,2
CE2,87465,-29.9855647,145.9595379,13.01211819,2
CE2,87474,-30.1480606,150.8403341,9.541814538,2
CE2,87475,-30.46038753,151.0310439,8.090566624,2
CE2,87482,-29.99237616,162.89536,10.42253618,2
CE2,87499,-30.3484717,173.9113122,9.186362046,4
CE2,87519,-31.23178189,-172.7687424,9.536040742,2
CE2,87522,-31.27212088,-170.5834434,9.744076537,2
CE2,87546,-30.92616136,-154.4655109,9.953664068,2
CE2,87548,-31.38799939,-152.8887139,9.733381077,2
CE2,87553,-31.03909434,-150.7850072,8.579343937,2
CE2,87563,-31.67874339,-147.1084356,8.401660775,4
CE2,87632,-31.30152386,-95.40935136,10.20059199,5
CE2,87651,-30.79789667,-78.04787265,8.894826726,2
CE2,87663,-31.50205878,-69.72250245,8.508738388,2
CE2,87719,-30.92869117,-44.41903933,9.842855709,2
CE2,87725,-31.20740207,-38.43232253,9.568261748,3
CE2,87743,-31.12496858,-29.34411288,8.726974816,4
CE2,87776,-31.64694816,-10.61424176,8.030931413,2
CE2,87794,-30.93965292,-3.56387511,8.571876302,2
CE2,87818,-31.55736106,8.00552883,8.430374045,2
CE2,87857,-31.35190762,22.33432752,8.831741524,2
CE2,87865,-31.67037727,26.49553806,8.379677723,4
CE2,87874,-31.29900396,34.03742497,14.93619649,2
CE2,87894,-31.3216806,44.44487501,9.578092468,2
CE2,87896,-31.08035734,45.7837762,8.612604223,2
CE2,87897,-30.98938659,45.27947641,9.275102588,2
CE2,87904,-31.66201041,47.80097536,9.114704262,2
CE2,87906,-30.96410152,47.02928855,8.465798188,2
CE2,87907,-31.48864724,48.79974453,8.21046124,2
CE2,87908,-31.18637993,50.67833498,9.63555373,2
CE2,87912,-31.4039425,56.06539705,8.769759759,2
CE2,87919,-31.19647114,61.51537372,8.673522237,2
CE2,87924,-30.87301985,67.7635793,8.24037766,2
CE2,87932,-31.5288761,71.36937195,8.76403353,2
CE2,87940,-31.30992302,73.87121008,15.81559766,2
CE2,87980,-31.29312394,96.38480419,8.294376905,2
CE2,88001,-31.11150324,102.8522278,9.16472182,2
CE2,88002,-30.99191473,102.0746427,20.16220697,2
CE2,88068,-31.47020322,123.9472944,10.08660554,2
CE2,88070,-31.35862342,126.2859478,9.632807979,5
CE2,88072,-30.94471177,126.7047231,27.66441541,2
CE2,88073,-30.89579839,127.0074996,8.58000796,2
CE2,88085,-31.43749809,135.2935482,8.359729441,2
CE2,88091,-30.810562,136.5292301,11.96896391,2
CE2,88095,-31.02982876,138.9681537,8.34346865,2
CE2,88101,-31.45343279,141.4336193,8.018653503,2
CE2,88121,-30.98517288,158.1020544,8.555805116,5
CE2,88128,-31.14263894,164.3925308,11.92279473,2
CE2,88137,-31.19310752,168.9577709,8.947375123,2
CE2,88152,-32.13438592,-177.4106598,10.65460577,2
CE2,88154,-31.87095567,-176.4040263,8.360784575,2
CE2,88186,-32.40950726,-161.8402809,8.718574065,2
CE2,88194,-32.11940075,-158.470418,8.179759834,2
CE2,88211,-31.78659859,-147.626498,9.896152983,3
CE2,88224,-32.2774534,-139.0612659,9.209083279,2
CE2,88225,-32.27163528,-137.9052102,8.278110169,5
CE2,88230,-32.40535756,-134.1205042,9.331868148,2
CE2,88233,-32.08359286,-131.7317157,9.023876258,2
CE2,88234,-32.09525278,-129.7754651,9.381977813,2
CE2,88238,-31.67037727,-128.4945633,20.11481812,2
CE2,88259,-31.78826978,-109.1394784,9.54285229,2
CE2,88272,-32.05526971,-97.85515619,8.532000352,2
CE2,88294,-32.31567747,-82.82446656,8.3647976,2
CE2,88310,-32.50406866,-69.29782894,8.099848731,5
CE2,88344,-31.82001656,-49.31359811,9.845394418,3
CE2,88355,-32.2250769,-40.66382453,8.746245132,2
CE2,88366,-32.39954766,-36.01011068,8.015569024,3
CE2,88425,-32.44601641,-12.73859233,8.30522911,2
CE2,88428,-32.34973317,-11.98656633,9.926066798,3
CE2,88466,-32.47753513,2.83473566,10.52204933,2
CE2,88472,-32.08775729,4.62288638,8.341055093,2
CE2,88483,-31.92019787,8.8273507,8.117854511,2
CE2,88485,-32.22840329,8.89419746,8.054038824,2
CE2,88496,-31.90601214,13.64326624,9.9519678,2
CE2,88509,-32.07109844,20.34072133,8.683882407,2
CE2,88511,-32.03860494,21.64914827,13.23513933,4
CE2,88518,-31.73561294,29.07110424,8.784255859,2
CE2,88521,-32.12939114,30.09739854,8.790036919,2
CE2,88523,-31.86678139,30.19373652,8.382742423,1
CE2,88532,-32.23256111,33.4633293,9.437082831,2
CE2,88539,-32.30487665,38.37656585,9.838602589,1
CE2,88550,-31.80330909,44.78402399,9.849286885,2
CE2,88568,-31.85342243,51.65449422,9.36579,5
CE2,88575,-31.75567622,57.2696217,9.626231041,2
CE2,88580,-32.09858392,59.50112369,8.612096579,3
CE2,88582,-32.06526712,59.01255255,10.45471217,3
CE2,88591,-32.35388542,63.86975578,9.966820216,2
CE2,88592,-32.32647701,64.45761402,8.360112436,2
CE2,88593,-32.02027019,64.41632631,8.206178819,2
CE2,88594,-32.14520702,66.05603791,8.472599542,2
CE2,88620,-32.43191235,78.17692758,9.598286324,3
CE2,88633,-31.58918691,83.72717439,22.46441961,2
CE2,88637,-32.31567747,87.47649095,8.660576086,2
CE2,88654,-32.10774391,92.59813208,8.122775676,2
CE2,88663,-32.16268454,97.97044855,9.879312612,5
CE2,88664,-32.33146097,97.32262485,9.362032032,2
CE2,88667,-32.39954766,98.13756544,8.605810485,2
CE2,88678,-31.33427637,103.0488359,8.652129832,2
CE2,88699,-31.95940586,108.0672578,8.011971066,2
CE2,88726,-32.00359905,122.5100892,8.482316026,2
CE2,88729,-32.00943429,125.6440224,8.462595242,1
CE2,88731,-31.94188946,127.1805147,8.711732313,2
CE2,88738,-31.63941611,131.2099978,10.33768788,2
CE2,88739,-32.02360405,132.2520208,10.08289969,2
CE2,88744,-32.13854804,134.9396536,12.3343807,2
CE2,88754,-32.46592425,139.2493032,9.846087185,2
CE2,88758,-31.74146518,141.5083304,10.05954007,2
CE2,88814,-32.24420198,171.5470997,14.88155511,2
CE2,88825,-32.96960965,-179.6116875,8.057773439,4
CE2,88829,-32.44933469,-178.1066525,9.82288683,2
CE2,88837,-32.8755403,-172.5986764,9.140758504,4
CE2,88864,-32.93578921,-160.725513,9.344262694,4
CE2,88867,-32.52230592,-161.1649321,8.950616599,1
CE2,88891,-32.92753836,-147.5920916,22.05834724,2
CE2,88892,-33.09899745,-145.8167204,9.320914232,2
CE2,88907,-32.59024855,-132.3608617,8.702479566,5
CE2,88916,-33.19447393,-128.1524652,8.575887662,5
CE2,88999,-32.74334463,-65.19854995,14.98507761,1
CE2,89004,-33.19694177,-59.7151499,9.765362353,4
CE2,89006,-32.80698834,-59.18922322,10.80099269,2
CE2,89012,-33.10805571,-55.39566983,13.63850887,2
CE2,89027,-32.56705441,-47.79873266,9.721253372,3
CE2,89045,-32.92011193,-37.66161876,8.354777177,2
CE2,89050,-33.23970662,-36.1900071,9.54833424,2
CE2,89058,-32.62254467,-30.96711279,12.20907833,2
CE2,89064,-33.0017683,-26.57488772,8.797294901,2
CE2,89075,-33.14427943,-17.67050665,8.860389631,2
CE2,89077,-32.7689729,-15.20995621,9.00022806,2
CE2,89090,-32.47338856,-10.44515879,12.72066486,3
CE2,89111,-32.59521794,-4.05736146,8.540817408,5
CE2,89123,-32.94238933,1.63935839,14.64790654,2
CE2,89142,-32.38709661,11.26430817,19.44058896,2
CE2,89156,-32.75409287,16.87746956,10.9496742,2
CE2,89160,-32.90195583,20.03696181,8.643955573,2
CE2,89175,-32.54136819,27.1659717,11.10344479,2
CE2,89178,-32.84333573,27.87081176,8.178214808,2
CE2,89190,-33.3317445,33.56654856,8.650339765,2
CE2,89196,-32.89535268,35.07846488,9.388506619,2
CE2,89201,-33.05204423,37.75823336,9.17447084,2
CE2,89207,-32.88049381,41.71595451,10.00259647,2
CE2,89216,-32.45514138,45.6697435,10.36777713,1
CE2,89222,-32.80203073,47.21803233,9.334865253,2
CE2,89230,-33.2199716,51.97005023,8.85273844,2
CE2,89242,-32.83838015,61.86435311,8.137065862,2
CE2,89244,-32.96960965,63.28484667,8.705582233,2
CE2,89277,-33.08170181,73.61070434,8.336094914,2
CE2,89305,-32.7549196,89.11128734,8.452162078,5
CE2,89308,-33.23641776,88.33271925,9.214748771,2
CE2,89315,-33.2199716,89.97734604,10.45261471,1
CE2,89332,-33.10146798,95.17861346,10.75041613,1
CE2,89397,-33.01578251,122.359684,8.162288467,2
CE2,89410,-33.06687427,129.3363226,11.1961381,2
CE2,89418,-33.00424156,132.6639148,9.37878411,1
CE2,89422,-33.28080696,135.3525306,8.196426288,2
CE2,89433,-33.10970257,138.0893154,8.699530972,2
CE2,89435,-32.52396367,138.709614,15.24623187,3
CE2,89436,-33.32353078,138.1227388,8.329405954,2
CE2,89463,-32.63413531,158.2269006,20.66868654,2
CE2,89511,-33.66374842,-173.2317545,9.839868452,2
CE2,89514,-33.49011751,-171.6372628,8.03230222,1
CE2,89518,-33.80272812,-169.8137226,8.463859856,2
CE2,89537,-34.13780019,-161.939568,8.013664652,2
CE2,89550,-33.91864435,-152.9486794,14.02495548,2
CE2,89557,-33.92761721,-148.9398401,9.546614264,2
CE2,89577,-33.99040074,-140.2261689,8.363299828,5
CE2,89596,-34.05558128,-123.5567507,8.057341388,2
CE2,89662,-34.04092002,-68.98620509,8.862052198,5
CE2,89681,-33.29148988,-59.17840977,12.15248316,2
CE2,89693,-34.04499285,-50.83042964,9.223187662,2
CE2,89700,-33.5810716,-45.75695749,9.118959536,5
CE2,89718,-34.02625623,-38.4873728,10.21402575,1
CE2,89720,-33.55731805,-37.26741951,10.2605822,2
CE2,89727,-34.03032976,-33.05410782,13.58072011,2
CE2,89728,-33.68092868,-33.13570019,10.50811228,2
CE2,89773,-33.6514747,-10.23282203,26.90312919,2
CE2,89790,-34.09710774,-1.40315204,8.686241775,2
CE2,89805,-33.48437846,1.7366794,9.151402998,2
CE2,89808,-33.38593564,4.69563138,8.844990274,2
CE2,89810,-33.61873622,5.26579488,8.51114987,2
CE2,89822,-33.55240271,11.91704708,14.26270385,3
CE2,89827,-33.9577917,12.15199376,8.816752531,2
CE2,89829,-33.4327099,15.02247209,10.00786196,2
CE2,89831,-33.96839101,14.83569439,8.249980454,2
CE2,89851,-33.9374047,26.12099962,10.95081638,2
CE2,89852,-33.73163134,25.80839273,8.745118233,1
CE2,89871,-34.07186859,34.70884165,8.854579378,2
CE2,89907,-33.50733238,49.25292621,22.65806102,2
CE2,89925,-33.67356613,64.80561036,8.863661925,2
CE2,89954,-33.43106913,73.65395813,8.891959558,2
CE2,89966,-33.27751964,79.01841027,11.66297439,2
CE2,90020,-34.0889669,102.71067,9.176107353,2
CE2,90058,-33.66783927,115.5855517,8.171619184,2
CE2,90081,-33.33585107,123.3702496,12.7156537,2
CE2,90088,-33.54093249,126.1296444,8.385125318,2
CE2,90089,-33.88192737,129.0050379,8.438871658,2
CE2,90107,-34.13047699,136.6452289,9.002934657,2
CE2,90120,-33.44419447,141.2950106,8.276905513,2
CE2,90130,-33.67192992,144.6550431,8.246410925,2
CE2,90131,-34.13535919,144.5292139,9.104376407,2
CE2,90143,-33.45239679,154.8472073,8.326821516,2
CE2,90152,-33.7986437,161.31758,8.168547093,4
CE2,90176,-33.6645666,170.5512796,10.27047145,2
CE2,90188,-33.4868381,177.1022617,29.25915488,2
CE2,90202,-34.45371764,-173.9179168,8.161574289,2
CE2,90205,-34.38803332,-173.5374801,9.010730482,2
CE2,90234,-34.78136398,-164.6714376,9.562746012,2
CE2,90245,-34.78136398,-157.6879177,8.857596465,2
CE2,90254,-34.75390763,-153.3084722,12.23374335,2
CE2,90260,-34.61244379,-151.1900199,10.83312888,3
CE2,90265,-34.44317918,-149.4932919,8.449842797,2
CE2,90272,-34.68846013,-144.8071378,9.379912709,3
CE2,90295,-34.64399094,-121.7577866,8.474437715,2
CE2,90309,-34.03929084,-111.2490833,8.326019216,2
CE2,90320,-34.81042545,-98.00261227,11.33060713,2
CE2,90324,-34.47154891,-91.29041156,8.970812079,5
CE2,90333,-34.08489619,-85.95348455,8.776599718,2
CE2,90374,-34.22562901,-51.35242415,8.695353958,5
CE2,90399,-34.24594672,-40.80538236,10.55287878,3
CE2,90405,-34.31093044,-39.13126435,9.504472379,3
CE2,90427,-34.30281022,-25.55645774,10.81176976,2
CE2,90449,-34.32554485,-10.53068331,12.07807053,2
CE2,90480,-34.59221495,3.50123714,9.186535598,2
CE2,90490,-34.41723272,7.46780566,12.23306161,3
CE2,90498,-34.09303742,9.6737486,12.21936514,2
CE2,90503,-34.4334502,11.97799559,11.78293752,2
CE2,90507,-34.93059866,16.40462707,8.631676344,2
CE2,90508,-34.09792178,16.15984998,12.39447711,2
CE2,90509,-34.59383344,16.75655558,9.492802014,2
CE2,90530,-34.87496982,25.25297484,8.601105478,2
CE2,90532,-34.8644848,26.14459259,9.399185642,2
CE2,90543,-34.95719044,33.36011005,9.053760485,2
CE2,90556,-34.60111625,38.16816125,9.490633874,2
CE2,90570,-34.94993899,43.62796833,8.178310147,3
CE2,90571,-34.2914406,43.78132265,11.88042239,3
CE2,90578,-34.40425646,46.57414078,13.60352966,2
CE2,90589,-34.25975996,54.45124451,8.181685166,2
CE2,90590,-34.26300981,55.27798159,9.621214693,2
CE2,90592,-34.81284678,56.05556665,8.499375473,2
CE2,90642,-34.82575932,71.66330106,8.237208791,2
CE2,90656,-34.93785182,77.07199003,10.94987982,2
CE2,90715,-34.830601,98.55044246,8.015434178,5
CE2,90720,-34.44398988,99.42534853,9.070996509,2
CE2,90723,-34.84189715,100.0043594,9.357313397,2
CE2,90728,-34.30768244,102.1867094,8.519160908,2
CE2,90764,-34.72967386,116.7927255,8.863581683,2
CE2,90801,-34.64965198,135.7693398,9.377661784,2
CE2,90802,-34.71513018,136.26086,8.511842524,2
CE2,90810,-34.16545986,138.4264983,13.46767342,2
CE2,90821,-34.60678021,140.5439676,8.457163792,1
CE2,90827,-34.77651941,143.5383091,8.790209481,2
CE2,90828,-34.74259942,144.6117893,9.148119728,2
CE2,90834,-34.51611042,148.3699532,11.6244811,2
CE2,90838,-34.45777053,152.1428628,26.80243108,2
CE2,90857,-34.52663966,167.8007323,8.685671129,2
CE2,90862,-34.71593823,169.879863,13.72642937,2
CE2,90865,-34.27600793,170.1934529,11.1062232,2
CE2,90882,-34.91609042,178.7262446,9.301124618,2
CE2,90883,-34.78459354,179.1381386,8.607166766,2
CE2,90886,-35.06186198,-179.186031,9.464616639,2
CE2,90890,-35.40872984,-177.7950286,8.220577522,2
CE2,90940,-35.29407443,-154.3514782,9.523192866,3
CE2,90968,-35.05622923,-142.4910943,12.16581423,1
CE2,90975,-35.32215198,-136.4119717,8.767825318,2
CE2,90976,-35.75012233,-136.6056307,8.623873041,2
CE2,90991,-35.63116008,-120.239972,8.154795099,2
CE2,90994,-35.52962274,-117.1905803,8.922051673,2
CE2,91017,-35.50721924,-84.36489107,9.32329653,5
CE2,91034,-35.75730229,-72.02674944,9.330615966,4
CE2,91053,-35.19693126,-53.83558452,9.541562804,2
CE2,91056,-35.07553989,-51.53330361,9.023267406,1
CE2,91070,-35.39590935,-46.82355646,9.556345883,3
CE2,91089,-35.41513932,-42.54634713,8.351698285,4
CE2,91091,-35.25956581,-39.82430792,8.477075552,2
CE2,91112,-35.30049301,-30.45494867,9.415508799,2
CE2,91117,-35.48400903,-26.89437589,8.10668255,2
CE2,91122,-35.58560412,-26.2711282,9.00316905,2
CE2,91126,-35.67748862,-22.50411691,9.327245454,2
CE2,91149,-35.14067962,-14.28491508,9.585093232,3
CE2,91159,-35.24029879,-10.74105399,9.675017601,2
CE2,91165,-35.32856834,-7.20505722,9.389614605,2
CE2,91179,-35.38869693,0.17856017,9.382829071,3
CE2,91192,-35.52562257,7.39506066,12.37846782,2
CE2,91200,-35.51042012,10.64597568,8.659909735,2
CE2,91209,-35.54962058,14.60467987,10.05403458,2
CE2,91228,-35.29969072,25.13599301,9.193530328,3
CE2,91231,-34.65126935,26.69706137,10.65758574,2
CE2,91232,-35.33578613,26.52994448,13.53795154,3
CE2,91234,-35.14952174,27.33603771,8.354178308,2
CE2,91238,-35.43596661,29.55377713,9.567690083,2
CE2,91246,-35.45438626,32.69164249,8.542504906,2
CE2,91257,-35.28123573,37.6550141,8.360392546,1
CE2,91283,-35.07956237,49.40726358,9.218470945,2
CE2,91289,-35.15112929,51.37825983,8.554805922,2
CE2,91301,-34.96766362,56.55790036,8.455982837,2
CE2,91315,-35.39270391,61.81225196,8.501246304,1
CE2,91320,-35.02403465,66.17301973,8.2602137,2
CE2,91352,-35.19050447,74.60160919,16.99078206,2
CE2,91373,-35.06105732,80.89700071,8.430787889,2
CE2,91423,-35.17363173,99.18646968,12.87251899,1
CE2,91432,-35.4207472,100.9834678,8.984291607,2
CE2,91463,-35.03449928,110.3026919,8.784087344,2
CE2,91482,-35.61437932,119.4587314,8.003559655,2
CE2,91484,-35.12620862,119.4046642,8.140602436,2
CE2,91492,-34.77086704,127.6848145,8.169307424,2
CE2,91514,-35.13505231,135.9816765,9.716432714,2
CE2,91515,-35.18648747,137.2753579,8.967769415,5
CE2,91558,-35.19532461,158.406797,8.94392984,2
CE2,91584,-35.18568405,170.1551143,9.574971907,2
CE2,91586,-34.97249694,171.7201148,8.177950407,2
CE2,91627,-36.22340041,-159.0130564,9.436160937,2
CE2,91669,-36.20119221,-124.242913,9.543721923,1
CE2,91674,-36.20357196,-122.3289331,17.80957884,2
CE2,91681,-36.39925647,-118.3299243,8.048060411,2
CE2,91682,-36.44197227,-118.8302919,9.278723668,2
CE2,91692,-36.12023762,-106.8647226,9.143648782,5
CE2,91723,-36.0121682,-79.19213182,8.504062473,5
CE2,91735,-35.77006506,-70.11080345,22.06912602,2
CE2,91750,-36.24639511,-59.37403484,8.45915408,2
CE2,91776,-35.82826919,-47.55198949,8.285053094,3
CE2,91787,-35.92305844,-44.96757594,10.96658979,2
CE2,91790,-36.29474121,-43.90097698,8.817005807,3
CE2,91839,-36.08449579,-25.95950435,9.880525638,2
CE2,91848,-36.38501265,-19.61299472,8.530961811,2
CE2,91852,-35.9365905,-18.25541576,9.492439906,2
CE2,91860,-35.90315415,-14.6565044,8.640116859,2
CE2,91870,-36.23925955,-11.49504607,9.923517144,2
CE2,91881,-36.13373585,-6.97994094,9.030990073,2
CE2,91882,-36.54549994,-5.37758488,8.640709172,5
CE2,91883,-36.03760965,-6.11879744,8.632504586,2
CE2,91884,-36.52496347,-6.17876291,8.961931673,3
CE2,91902,-35.94614115,3.31544248,9.583290764,2
CE2,91916,-35.72538642,8.7713174,14.02225443,2
CE2,91928,-35.79239497,13.00232381,9.205065158,2
CE2,91946,-36.26859048,23.34882534,9.105708938,3
CE2,91947,-36.49177766,23.60343284,9.489660572,2
CE2,91957,-35.81152991,29.56164146,9.177404891,3
CE2,91960,-36.24322383,31.1443367,8.849634253,1
CE2,91965,-35.79558445,32.40066249,9.182960831,3
CE2,91976,-36.42061731,37.89290991,8.591087695,2
CE2,91978,-36.2796858,38.65181719,8.996505141,2
CE2,91989,-36.55023835,41.97547721,8.639104241,2
CE2,92012,-36.42773628,47.79999232,8.179744527,3
CE2,92013,-36.13135398,47.44609773,10.63643555,3
CE2,92024,-36.56445184,51.10300848,8.142311013,2
CE2,92055,-36.56129351,63.0066462,8.339184566,1
CE2,92060,-35.93261073,65.0297436,9.731022619,2
CE2,92121,-36.32642731,83.18846818,8.168358859,2
CE2,92123,-35.72778055,83.82646148,16.46294416,3
CE2,92137,-36.06939991,88.99233944,8.499654444,4
CE2,92142,-35.82906621,90.05402321,9.826914429,2
CE2,92146,-35.91270883,90.73330421,10.41189513,2
CE2,92171,-36.04078925,98.16214146,8.286808918,2
CE2,92187,-36.37076622,103.5275766,8.026512986,4
CE2,92223,-36.48545494,117.7236649,9.05942612,5
CE2,92226,-35.92942676,119.7438131,9.252730581,5
CE2,92232,-36.55102806,125.610599,8.879233239,5
CE2,92238,-36.06304289,128.7828708,9.034122099,2
CE2,92276,-36.03125006,150.4579313,21.51488439,2
CE2,92277,-36.24560231,150.2829501,11.07111865,2
CE2,92278,-36.32642731,151.0221966,8.899930813,2
CE2,92282,-36.13532373,152.3758434,11.07697632,3
CE2,92287,-36.0503273,156.0799401,10.47042279,2
CE2,92288,-35.76527926,158.1580877,9.817541974,2
CE2,92305,-36.38659543,168.8978055,9.799198879,2
CE2,92307,-36.22022819,170.8894456,11.80951656,2
CE2,92325,-36.14246877,-176.0697925,10.16038766,2
CE2,92336,-37.24205209,-171.4947219,8.703397671,2
CE2,92338,-36.62680233,-171.6008903,8.633545845,2
CE2,92361,-36.82456866,-162.495969,9.533470859,2
CE2,92377,-37.32886892,-153.7085697,9.639547244,2
CE2,92379,-37.02653424,-153.4372505,11.67908787,4
CE2,92399,-36.71432356,-135.8339438,9.62861655,2
CE2,92407,-36.7985966,-126.8194622,21.46665127,2
CE2,92414,-36.49809986,-121.2289108,8.381369404,1
CE2,92477,-37.05478239,-60.566463,9.14225218,5
CE2,92478,-36.73244613,-60.8771038,13.12024853,2
CE2,92479,-36.53286276,-59.70826862,12.30668013,2
CE2,92484,-37.03281251,-54.5070012,9.174542884,2
CE2,92502,-37.08380427,-41.00592263,8.946056513,4
CE2,92513,-37.04301361,-35.97865338,10.15005345,2
CE2,92518,-36.77182828,-34.02830098,8.101496034,2
CE2,92552,-36.65362121,-18.63388636,8.139507005,2
CE2,92575,-36.82771619,-10.68502068,11.29479114,2
CE2,92576,-36.59287097,-9.97035021,16.43498229,2
CE2,92590,-36.75607785,-0.24709638,9.221104246,2
CE2,92596,-36.48861636,2.0738623,21.94695795,2
CE2,92616,-36.5983957,10.85536331,9.105087019,2
CE2,92618,-36.6260134,11.31640931,8.461382399,2
CE2,92619,-36.82063407,12.39283869,8.822372181,2
CE2,92627,-36.821421,16.03500383,9.126732421,2
CE2,92628,-37.13005941,15.966191,11.97177814,3
CE2,92636,-37.27804239,19.00280318,10.79761367,2
CE2,92637,-37.29603109,19.53856027,9.046587188,2
CE2,92639,-36.9739333,19.23971595,16.69045388,2
CE2,92641,-37.15905246,20.55502417,11.05115926,2
CE2,92645,-37.2310951,22.19768489,8.843200616,2
CE2,92648,-37.09164611,22.57517245,14.36836482,2
CE2,92656,-37.02261005,26.01581428,11.33869826,2
CE2,92684,-36.98257177,38.68818969,8.522580266,1
CE2,92688,-37.31948815,39.03127084,8.938967334,2
CE2,92741,-36.78285166,61.32761298,9.392042624,2
CE2,92752,-36.91815231,67.42443032,10.20890088,2
CE2,92783,-36.5368121,76.0427466,10.40158407,2
CE2,92797,-37.34762696,82.84047183,8.842590431,2
CE2,92803,-36.86311699,85.17027788,9.184274206,2
CE2,92842,-37.35934835,99.34473921,8.081187264,5
CE2,92892,-36.15516946,119.7054746,8.288240203,2
CE2,92900,-36.63548005,123.2267257,8.218254347,2
CE2,92910,-37.24909502,126.6221477,8.604982938,1
CE2,92915,-36.93858389,130.4225824,8.281195428,2
CE2,92937,-36.98963888,139.1745922,8.370757968,2
CE2,92938,-37.15826901,138.9160525,8.10278913,2
CE2,92942,-36.76710349,142.4894048,9.069364096,2
CE2,92945,-36.74505062,145.1957154,8.447858589,2
CE2,92947,-36.5597143,144.7199238,9.093731366,2
CE2,92952,-37.02182519,148.314903,9.124424336,2
CE2,92955,-36.50126077,148.9519132,19.43055253,2
CE2,92978,-36.81984712,164.5075465,8.440054924,2
CE2,93039,-37.90120483,-156.6655556,8.572928752,5
CE2,93044,-37.49050286,-155.3374679,8.088584619,2
CE2,93070,-37.80495656,-145.540486,8.009659285,2
CE2,93078,-37.34059324,-139.5596674,16.81506789,2
CE2,93083,-37.95238249,-136.3765822,8.414324016,2
CE2,93085,-37.84999155,-135.3424236,11.85823122,2
CE2,93088,-37.52715375,-130.7634208,18.64460664,2
CE2,93090,-37.82514806,-127.4112526,8.773053187,1
CE2,93113,-37.54196496,-107.1193301,8.890886035,5
CE2,93124,-37.63777687,-92.46612803,8.173071302,2
CE2,93151,-37.40074928,-68.15160369,8.674153439,5
CE2,93172,-38.01049567,-57.44825845,9.233158218,3
CE2,93191,-37.62454192,-50.09118316,11.29917938,2
CE2,93209,-37.87715454,-39.6444115,8.315880408,2
CE2,93230,-37.35934835,-29.50238241,8.14485848,2
CE2,93235,-37.88801693,-26.52966786,9.167941473,2
CE2,93258,-37.50532134,-18.56114136,8.575635997,3
CE2,93263,-37.89344753,-15.39771695,8.198839029,2
CE2,93289,-37.36247375,-4.71894773,8.294760232,2
CE2,93339,-37.78242876,11.94653829,8.828382529,2
CE2,93345,-37.40387295,14.20065021,9.418180719,2
CE2,93349,-37.76688835,16.22964586,9.264242753,2
CE2,93390,-37.72646798,30.27041368,8.719950133,2
CE2,93410,-37.69769389,36.55499175,8.849906905,2
CE2,93413,-38.00584831,37.13301958,8.030115426,2
CE2,93448,-37.88181005,55.64760483,9.31686686,2
CE2,93452,-38.08713459,55.87370415,9.05744918,2
CE2,93455,-37.99267919,58.03639331,8.689541476,2
CE2,93480,-38.10724867,66.05505487,8.123787723,2
CE2,93503,-38.06391915,74.28998535,8.765180546,2
CE2,93596,-37.73968476,99.33097664,8.061524739,4
CE2,93650,-37.49830243,127.8853548,8.87549246,2
CE2,93664,-37.76999669,133.5771594,8.523535319,2
CE2,93668,-37.52715375,134.513014,8.212279941,1
CE2,93676,-37.86861868,138.3812785,8.156415243,2
CE2,93678,-37.98183225,139.9806854,8.216025123,2
CE2,93690,-37.9415296,145.3677475,8.472609375,2
CE2,93697,-37.65567923,147.5933512,10.68104791,2
CE2,93699,-37.96168369,148.9990992,8.015214269,2
CE2,93710,-37.58871789,151.2600924,9.240560112,2
CE2,93726,-37.56456587,168.0887631,9.887478222,2
CE2,93776,-38.70272263,-160.4630412,9.329795893,2
CE2,93785,-38.75793721,-154.0919555,9.435237731,2
CE2,93793,-38.08403962,-150.3622998,17.33571991,2
CE2,93815,-38.3420177,-142.2787575,10.43135958,2
CE2,93819,-38.42446985,-140.2074911,8.743364332,2
CE2,93822,-38.80468283,-139.5321423,9.07115987,5
CE2,93825,-38.57756535,-138.7928958,10.27478615,2
CE2,93855,-38.81081113,-99.31300529,8.047762494,5
CE2,93902,-38.65053635,-66.05772737,8.940980527,5
CE2,93909,-38.39134617,-63.95402064,11.06042776,1
CE2,93939,-38.688145,-44.30107447,12.26791938,2
CE2,94010,-38.22318334,-13.38346692,9.083704361,2
CE2,94056,-38.26641834,6.13185359,8.825530716,2
CE2,94077,-38.70809259,10.75509317,9.250969273,2
CE2,94105,-38.6013851,21.60884361,13.79561172,2
CE2,94129,-38.19692098,30.59874921,9.319031306,2
CE2,94166,-38.26024349,46.35393971,8.236642044,2
CE2,94168,-38.07475394,47.47067374,9.563112501,2
CE2,94181,-38.27104914,53.82209857,9.014756889,1
CE2,94186,-38.23245015,55.39004821,8.703210867,2
CE2,94201,-38.27104914,58.93390931,8.08800618,2
CE2,94212,-38.79089223,62.89851174,8.761636516,2
CE2,94213,-38.56219358,63.25732153,8.390703208,1
CE2,94227,-38.80161848,66.86704634,8.982447759,2
CE2,94240,-38.60215335,74.30473095,8.38645529,2
CE2,94247,-38.13277012,77.01005848,8.924361492,2
CE2,94318,-38.50528943,97.6853668,17.92248554,2
CE2,94335,-38.79932013,102.2909117,8.042866576,2
CE2,94338,-38.09255046,104.4516347,19.59391531,2
CE2,94374,-38.255612,122.4530728,8.700030218,2
CE2,94375,-38.33584928,121.9006041,26.45193424,2
CE2,94392,-38.41445731,133.6803787,8.050522456,2
CE2,94404,-38.79242465,138.5710053,9.220910011,5
CE2,94423,-38.29574173,148.4889011,8.535913777,2
CE2,94424,-38.80774705,149.844514,8.675738993,2
CE2,94443,-38.40675442,160.7267726,9.313209511,2
CE2,94483,-39.41869665,-166.2855902,9.031646536,2
CE2,94492,-39.22629751,-160.6065651,9.516143802,2
CE2,94521,-39.45438047,-146.3200371,8.921156644,2
CE2,94528,-39.06314384,-145.3586235,8.218636753,2
CE2,94625,-39.18211565,-63.29538349,8.732583117,2
CE2,94632,-39.61132353,-60.45341334,8.472300884,1
CE2,94651,-38.98371771,-51.06439328,8.585450732,5
CE2,94665,-39.47714782,-42.62499037,8.077532884,3
CE2,94677,-39.61889634,-38.44510206,8.884765556,4
CE2,94714,-39.31609893,-20.45152829,9.153347999,4
CE2,94720,-38.87436113,-15.13229601,15.37169412,2
CE2,94727,-39.51811028,-11.22962513,8.934487542,5
CE2,94749,-39.10816321,-2.60442756,8.097337456,2
CE2,94752,-39.11197709,-1.91826527,10.49012909,2
CE2,94825,-39.19278278,27.03424427,8.856718461,2
CE2,94852,-39.25446797,35.84916866,8.513780006,2
CE2,94854,-39.22858202,36.38689182,12.65232804,1
CE2,94862,-39.4035065,40.79582858,9.073674924,2
CE2,94874,-39.44906702,47.3920305,9.401977855,2
CE2,94898,-39.25066181,58.26642479,9.448922727,2
CE2,94905,-38.92485435,61.20866508,11.18682995,1
CE2,94907,-38.93326639,61.56550879,10.07229882,2
CE2,94922,-39.51128488,69.61562765,8.207657218,2
CE2,94924,-39.01504059,69.46522245,8.170272731,2
CE2,94926,-38.96766891,70.35978933,21.94323843,1
CE2,94956,-39.22096669,81.78763543,8.459119182,2
CE2,94959,-38.60829903,82.51803454,8.069066302,2
CE2,95002,-39.18668747,96.85961276,8.69191156,3
CE2,95056,-39.191259,127.1677352,8.046622993,2
CE2,95118,-39.02955137,158.4933046,9.720794267,2
CE2,95120,-39.07153946,160.2873535,12.02051566,2
CE2,95239,-39.96559567,-143.4957617,8.387652524,2
CE2,95306,-39.86682484,-78.4056994,8.236537455,2
CE2,95334,-39.7618665,-63.4870764,8.268590606,2
CE2,95335,-39.87436962,-62.40474878,8.994689057,5
CE2,95350,-40.0935591,-53.71565358,8.106711879,2
CE2,95405,-40.1326529,-28.52818925,8.963542636,2
CE2,95413,-40.31804144,-24.6628739,9.40732186,2
CE2,95429,-39.74599555,-16.60095856,8.061019021,2
CE2,95490,-39.98216916,12.68086956,8.868598161,2
CE2,95511,-40.20101297,20.38790728,11.16551665,3
CE2,95523,-40.27830447,23.99468297,10.00493572,3
CE2,95534,-39.84644979,28.69066755,8.875679519,2
CE2,95549,-40.15669945,33.84474903,9.094683268,2
CE2,95566,-39.69230954,40.36623987,8.54567087,2
CE2,95568,-40.31504324,41.53999026,8.65305084,2
CE2,95569,-39.80190549,42.84350199,8.635424671,2
CE2,95579,-39.79812922,51.66432462,8.140542329,5
CE2,95590,-39.57647796,54.026571,14.48911016,1
CE2,95617,-39.7187797,63.44213315,9.058601977,2
CE2,95623,-39.79133142,66.08356304,8.197835959,2
CE2,95626,-40.35625683,67.20619532,8.320663072,2
CE2,95637,-39.77093397,71.65838586,8.823969361,2
CE2,95733,-39.9663491,113.3383211,8.631114241,2
CE2,95735,-39.92791369,113.8799764,17.379225,2
CE2,95766,-40.066481,132.9332679,8.497581879,3
CE2,95786,-40.14918582,141.8160221,8.407606905,5
CE2,95801,-39.67188277,153.1268863,8.013474303,5
CE2,95802,-39.81172282,153.8169808,9.106461955,5
CE2,95804,-39.74448384,154.3606022,9.104246148,2
CE2,95807,-39.72104809,156.1399055,8.646161216,3
CE2,95809,-39.90831086,159.4330913,8.073741311,2
CE2,95868,-40.68804047,-159.0975979,13.52551727,4
CE2,95889,-40.88305177,-153.7655861,9.733140573,4
CE2,95913,-40.47600775,-140.0561029,8.507006961,2
CE2,95929,-40.46030259,-123.9853564,10.24668474,5
CE2,95935,-40.63882522,-117.7941672,12.45911275,2
CE2,95973,-40.63061914,-81.49244665,24.83420471,2
CE2,95992,-40.80273481,-65.44529312,11.33235028,2
CE2,96001,-40.62912702,-61.13367738,8.347606406,2
CE2,96012,-40.87636241,-54.29368141,9.209577704,2
CE2,96025,-40.58808061,-45.17696358,8.125934477,5
CE2,96027,-40.85629027,-44.88106838,8.067778427,2
CE2,96035,-41.11082837,-37.67538133,8.671335042,2
CE2,96048,-40.7982699,-32.63533256,22.60397705,2
CE2,96067,-40.6694026,-24.00816891,8.827959168,2
CE2,96086,-41.08119524,-17.95952056,8.713065734,2
CE2,96147,-41.07378487,14.02665204,8.410403478,2
CE2,96168,-40.62838095,22.06202529,8.673780768,3
CE2,96170,-40.63136519,23.17384413,8.0422936,2
CE2,96192,-40.59181315,30.27041368,8.492316774,2
CE2,96218,-40.74615713,40.70440581,9.873976906,2
CE2,96233,-40.98998962,50.7540291,8.807105746,2
CE2,96375,-40.37722862,101.8396961,14.42841833,2
CE2,96383,-40.68356786,105.5899957,8.111667992,2
CE2,96388,-40.56792133,109.6027671,8.880938754,2
CE2,96431,-40.55298462,139.5137411,9.089791271,2
CE2,96456,-40.73796426,153.3244775,8.041474158,2
CE2,96460,-40.67685838,154.4638214,10.59953024,2
CE2,96466,-40.91054538,161.6921184,8.514603795,2
CE2,96557,-41.19668885,-142.5431954,8.072251986,2
CE2,96573,-41.81068205,-132.8337042,8.051386436,2
CE2,96642,-40.99073163,-62.20420851,17.70791224,2
CE2,96683,-41.56328271,-45.11404898,8.852376536,3
CE2,96719,-41.35626722,-21.96835982,8.759667891,2
CE2,96722,-41.289085,-21.00694619,8.463079024,3
CE2,96724,-41.2454903,-20.60783174,8.048555428,3
CE2,96769,-41.30533321,7.95342768,8.983985513,2
CE2,96780,-41.65809692,12.41544862,9.077336855,2
CE2,96816,-41.30090228,26.77963677,8.605872726,2
CE2,96891,-41.14192877,59.76851071,17.90040067,1
CE2,96903,-41.31493252,66.56132074,14.10063652,2
CE2,96907,-41.8253346,68.80461922,9.185728027,2
CE2,96914,-41.32822153,70.64585412,16.94275648,1
CE2,96933,-41.346674,79.02234243,9.197890164,2
CE2,96935,-41.44696386,79.65542053,8.260894138,2
CE2,97031,-41.31936249,123.5432648,8.240349732,2
CE2,97045,-41.1759742,132.6993042,13.44930123,2
CE2,97066,-41.27726559,143.6120371,8.848369341,2
CE2,97073,-41.6830635,145.8140479,8.174677,2
CE2,97077,-41.49042383,149.3815019,9.744094233,5
CE2,97089,-41.50883028,158.7105565,8.270990267,2
CE2,97090,-41.77843466,158.4952706,8.878464155,2
CE2,97093,-41.12267788,161.1534122,10.46833725,2
CE2,97103,-41.79162874,167.0142998,10.8412858,3
CE2,97118,-41.29647105,175.7928517,24.72447249,2
CE2,97134,-42.03668951,-165.9700342,9.722444345,2
CE2,97180,-42.49282515,-146.9393526,9.294543967,2
CE2,97181,-42.07537409,-146.4370189,9.136669125,2
CE2,97183,-41.95998066,-145.4008942,22.11563013,2
CE2,97184,-41.93585307,-144.1062299,8.719492221,2
CE2,97206,-42.00455611,-129.6673306,13.65355752,2
CE2,97236,-42.01478213,-94.64454584,10.34990804,2
CE2,97266,-42.04837036,-60.71588516,8.305944759,2
CE2,97315,-41.97971463,-45.72943235,11.39544429,3
CE2,97335,-42.21313291,-38.63187976,8.481431373,2
CE2,97338,-42.19638463,-37.37457093,8.326702313,2
CE2,97367,-42.01916421,-22.63191218,8.262780064,2
CE2,97373,-42.11257664,-19.60316432,8.517644826,2
CE2,97458,-42.58553797,25.09568835,8.946217722,2
CE2,97556,-41.85243296,69.82108312,12.56762841,2
CE2,97572,-41.84657483,77.3187332,17.21050992,2
CE2,97636,-42.02208543,106.2456837,9.326016423,2
CE2,97668,-42.11184738,125.6400902,26.46553285,2
CE2,97711,-42.41231431,146.6122768,8.020064569,2
CE2,97720,-42.12788899,151.2915497,8.074693177,2
CE2,97724,-42.24297752,154.9150371,8.4209328,2
CE2,97728,-42.22769302,155.8931624,10.80578422,1
CE2,97797,-43.2213589,-164.7913686,10.92832038,4
CE2,97829,-42.67666769,-150.052642,8.378702739,4
CE2,97836,-42.55368347,-145.4864188,16.0805197,3
CE2,97871,-43.15326722,-125.2279196,8.061234905,2
CE2,97878,-43.23711667,-118.688734,11.00381542,2
CE2,97887,-42.66510306,-105.1424356,8.16680141,2
CE2,97948,-43.2192098,-57.79920392,8.890320927,2
CE2,97974,-42.80445785,-52.8623744,9.309640157,2
CE2,98104,-42.67233121,10.3068267,8.065653493,2
CE2,98129,-42.62243989,20.00452147,9.968730074,2
CE2,98168,-42.88374274,34.92019536,8.216184682,2
CE2,98181,-42.54209598,47.95826184,17.06492105,2
CE2,98219,-42.79075288,63.2248812,8.346695616,2
CE2,98224,-43.14107438,64.9835407,11.29954671,2
CE2,98275,-42.8174387,88.63549573,8.261840888,2
CE2,98328,-42.74528838,109.2655842,23.56349562,2
CE2,98352,-42.65281328,123.1156421,23.76118633,1
CE2,98421,-42.91110842,161.3441221,10.06962101,4
CE2,98436,-43.25931389,165.4188251,8.382636305,2
CE2,98465,-43.0922787,176.6952829,9.383274082,2
CE2,98509,-43.6340056,-155.7631244,8.290040763,2
CE2,98525,-43.87046394,-143.5734219,8.082914208,4
CE2,98534,-43.78890976,-138.1372078,8.075501345,2
CE2,98541,-43.62048581,-131.9489677,8.603568193,2
CE2,98549,-43.77613468,-125.3222915,8.38665159,2
CE2,98618,-44.0198083,-61.61143507,8.006024447,2
CE2,98679,-43.54357872,-41.40700316,8.069677795,2
CE2,98775,-43.54856642,21.39847294,8.30291077,2
CE2,98832,-43.44373813,49.54292317,8.492577881,2
CE2,98833,-43.740634,49.61960033,9.089987756,2
CE2,98845,-43.64965629,55.12757639,8.44087813,1
CE2,98865,-43.89667941,61.64415203,10.69024127,2
CE2,98964,-43.89880449,109.8278834,8.252699165,2
CE2,98973,-43.40161302,115.1982338,8.245157598,2
CE2,98998,-43.87471588,125.3618897,8.677109698,2
CE2,99030,-43.90588752,147.0821701,8.288491236,2
CE2,99064,-43.47370764,167.9029685,8.683148257,1
CE2,99066,-43.71221829,171.9167229,8.141287861,2
CE2,99089,-44.24629024,-166.6827386,8.532832104,2
CE2,99097,-44.56792878,-163.951852,10.73709579,2
CE2,99102,-44.13139393,-161.1993385,8.179879056,2
CE2,99126,-44.15185199,-149.0273307,12.31792856,3
CE2,99131,-44.61343285,-145.0184915,8.345778712,2
CE2,99156,-44.22093364,-127.3886427,11.87803598,2
CE2,99185,-43.98515988,-97.35773768,17.1893496,2
CE2,99228,-44.16666201,-61.96434662,9.890887106,2
CE2,99237,-44.61273306,-58.22780959,8.126670488,4
CE2,99275,-44.68197164,-44.79259473,8.431235561,2
CE2,99333,-44.31877794,-19.82434844,8.347858223,3
CE2,99356,-44.05443648,-1.11905333,8.479282194,2
CE2,99365,-44.52168819,3.93180889,8.032977109,2
CE2,99373,-44.22234262,9.32182009,10.01456921,2
CE2,99378,-44.51748268,11.5100683,8.167723086,2
CE2,99427,-44.53149987,29.20774687,8.261853686,2
CE2,99483,-44.49294448,59.03123032,8.247717211,2
CE2,99494,-44.54691488,61.72869352,9.062786924,2
CE2,99502,-44.12645472,66.30769628,8.858317926,5
CE2,99522,-44.08057088,71.87858694,17.41947291,2
CE2,99629,-44.67148626,130.1060433,8.184800501,2
CE2,99663,-44.4347126,151.615953,8.341647484,2
CE2,99698,-44.2138882,169.0718037,8.672198308,2
CE2,99760,-45.26474098,-151.774929,14.2173266,2
CE2,99783,-44.91077763,-139.7258013,12.1696708,2
CE2,99790,-44.908689,-129.7125505,13.54916776,2
CE2,99869,-44.96992385,-57.94371088,8.332174388,2
CE2,99952,-45.37050227,-30.12366402,8.160692109,2
CE2,100080,-45.34148942,29.32177957,8.182539645,1
CE2,100126,-45.41054319,56.05556665,8.079750722,2
CE2,100152,-45.32628627,66.05800399,12.13021608,2
CE2,100206,-44.7636925,87.53449034,8.241625054,4
CE2,100208,-45.41054319,89.31477673,8.248934387,2
CE2,100257,-44.908689,109.8848997,9.299969947,2
CE2,100275,-45.20451417,121.7079281,17.44036524,2
CE2,100312,-45.30693091,142.7715374,8.056822548,2
CE2,100327,-44.60503478,150.0194952,8.193645162,2
CE2,100347,-45.00746744,160.3247091,12.72123378,3
CE2,100430,-45.56422942,-154.9648955,8.02017088,2
CE2,100436,-45.58693661,-151.3856449,8.121770525,3
CE2,100463,-45.47882336,-132.9457708,12.50331354,2
CE2,100546,-45.76894932,-57.38042865,8.316638087,3
CE2,100616,-45.89840048,-29.24580883,8.624527365,4
CE2,100632,-45.81761443,-26.20034928,9.240776818,1
CE2,100655,-45.72847697,-18.01063867,8.257858214,2
CE2,100667,-45.47468752,-10.75678263,9.269080157,2
CE2,100675,-45.55803495,-4.8152857,10.03076122,2
CE2,100705,-45.76483483,4.4390578,20.14925017,2
CE2,100830,-45.59450363,68.99139692,17.92256475,1
CE2,100915,-45.69621528,108.9441299,8.188692198,5
CE2,101000,-46.01184996,172.7719682,8.626792167,2
CE2,101014,-46.41861649,-177.124595,21.60665767,2
CE2,101038,-46.52220488,-161.5325892,8.190806932,5
CE2,101102,-46.34876947,-132.7481796,23.07021854,2
CE2,101113,-46.39489209,-120.4179023,10.65745092,2
CE2,101136,-46.33316036,-94.34963368,17.74305853,2
CE2,101269,-46.24213169,-26.09024874,13.51051849,1
CE2,101277,-46.53370253,-24.5173839,14.95032903,2
CE2,101349,-46.25572766,8.786063,15.17325221,2
CE2,101383,-46.37251392,22.51913914,8.144558387,2
CE2,101392,-46.31618888,25.63144544,8.022282389,2
CE2,101393,-46.64989485,26.07086455,8.047742884,2
CE2,101403,-46.1849918,28.57958397,8.116820704,2
CE2,101445,-46.1434601,48.15388691,8.215155152,2
CE2,101448,-46.42064953,49.96857972,18.65245558,2
CE2,101453,-46.55804247,55.39594646,8.145475599,2
CE2,101574,-46.4070945,111.6661692,8.250394059,4
CE2,101578,-46.40031572,113.893739,9.802175283,2
CE2,101583,-46.48363617,119.2837502,8.069487147,2
CE2,101621,-46.69036845,143.5687833,10.92490853,2
CE2,101629,-46.33180283,148.3611059,9.613260439,1
CE2,101638,-46.28155073,153.7609475,8.157439029,5
CE2,101640,-46.5729115,154.574905,15.36335842,2
CE2,101669,-46.21424941,166.8412847,8.538688625,2
CE2,101700,-47.04790903,-173.7675116,20.30940362,2
CE2,101715,-46.91981793,-165.869764,8.274431377,1
CE2,101716,-46.96881045,-166.3937246,8.201001486,1
CE2,101790,-47.03920052,-143.7543013,20.85628544,2
CE2,101811,-46.71935589,-135.8575368,13.77461448,2
CE2,101863,-46.80824337,-75.77016776,23.38712799,2
CE2,101975,-47.01842834,-15.5903929,15.74756475,2
CE2,102039,-47.12020168,10.86715979,8.30465813,2
CE2,102082,-46.73148555,26.36774279,14.4398496,2
CE2,102235,-46.74361248,96.86944317,10.69813365,2
CE2,102288,-47.2885031,118.2525407,9.123005387,2
CE2,102381,-47.90170212,-168.2860776,8.381273306,2
CE2,102616,-47.72610197,-26.51393921,17.21465515,2
CE2,102659,-47.72874697,-8.85263314,15.01405469,2
CE2,102662,-47.47753631,-7.73491606,10.47436972,2
CE2,102713,-47.88917895,7.94949552,16.7555564,2
CE2,102777,-47.70361403,37.16054472,16.99843036,2
CE2,102801,-47.56516612,52.13225191,21.79278533,1
CE2,102812,-47.77170943,59.14526302,8.220089377,2
CE2,102820,-47.52734393,62.96240938,9.963409567,2
CE2,102825,-47.75981568,65.02581144,8.654907418,2
CE2,102836,-47.68707259,70.82673358,13.62393222,1
CE2,102866,-47.46025864,86.83653157,9.086534989,2
CE2,102910,-47.65463614,109.576225,9.469138665,1
CE2,102958,-47.47155622,148.8437788,8.75482015,2
CE2,102962,-47.58705071,150.8413171,16.15635783,3
CE2,102966,-47.72081156,155.8469595,15.88668893,2
CE2,102978,-47.68773435,162.1974013,8.318560152,2
CE2,102989,-48.0458296,170.2612827,8.195607298,1
CE2,103010,-48.61052104,-173.340872,10.16205495,2
CE2,103016,-48.30803816,-169.0980691,10.28477024,3
CE2,103021,-48.63456387,-164.8916387,8.80861949,3
CE2,103073,-48.2131425,-137.3104707,8.427152036,2
CE2,103079,-48.28907312,-131.931273,18.88604446,2
CE2,103087,-48.3433336,-122.884351,16.64737908,5
CE2,103209,-48.22034766,-41.28510614,10.65682669,4
CE2,103315,-48.15808787,7.11292803,21.92007628,2
CE2,103427,-48.04451519,54.94079869,17.80941181,2
CE2,103438,-48.30084535,61.19097035,8.637469197,2
CE2,103440,-48.37664576,63.78718038,15.40687896,2
CE2,103550,-48.29561359,137.9851131,15.46817088,1
CE2,103553,-48.15021809,139.4311657,8.054569156,2
CE2,103572,-48.15546474,160.5262324,8.885472507,2
CE2,103584,-48.20266046,167.1765015,8.332432194,5
CE2,103663,-48.64820471,-135.4947949,17.5801589,2
CE2,103674,-49.34028204,-122.4518132,8.966016594,2
CE2,103861,-49.32747007,-13.97722339,8.304404664,2
CE2,103992,-48.79477265,55.07645828,22.7071282,2
CE2,104125,-49.24282744,127.7752542,8.84486661,2
CE2,104126,-48.88212059,128.8339889,8.150140856,4
CE2,104250,-49.57925187,-150.440943,21.84829395,2
CE2,104263,-49.45799572,-139.3581441,8.130136763,2
CE2,104268,-49.70211489,-137.9917178,18.05766615,2
CE2,104312,-49.49440413,-87.13313318,8.39446107,2
CE2,104343,-49.56841488,-68.79352915,9.117079597,4
CE2,104427,-49.60028151,-32.36008121,15.2307762,1
CE2,104431,-49.57160248,-29.97129274,10.41499407,1
CE2,104454,-49.60601529,-19.5736731,11.94843598,2
CE2,104473,-49.76120765,-7.52454539,11.48967603,2
CE2,104489,-49.89437836,-0.09275902,9.018575708,3
CE2,104562,-49.40940905,36.51173797,15.43300541,2
CE2,104566,-49.6308539,39.40777536,9.348497153,2
CE2,104608,-49.79612113,61.63530467,13.96767141,2
CE2,104622,-49.8227654,73.52517982,12.59240968,2
CE2,104735,-49.78215876,149.3038417,8.339247601,2
CE2,104747,-49.58116403,163.599217,9.2188697,1
CE2,104764,-49.51164078,172.0474673,11.33934791,2
CE2,104815,-50.31115815,-157.2593121,9.837299984,2
CE2,104835,-50.30111249,-141.5198502,8.311220441,2
CE2,104847,-50.53162604,-126.3082812,9.156891264,2
CE2,104850,-49.98801183,-125.8904889,14.09167397,2
CE2,104873,-50.4665946,-97.42556748,8.024972658,2
CE2,104923,-50.4816098,-65.03143306,8.308734528,2
CE2,105047,-50.13253215,-10.05390866,18.08743508,2
CE2,105051,-50.63524077,-7.5805787,8.013606799,2
CE2,105077,-50.61715583,5.27759137,8.748944469,2
CE2,105154,-50.02970863,35.30947941,8.786108962,2
CE2,105166,-50.18858198,41.53310897,10.69965365,1
CE2,105242,-50.07767833,77.53893428,16.13887652,2
CE2,105395,-50.84116592,-173.8058502,8.521027896,2
CE2,105447,-51.23861091,-143.7100645,9.13521933,2
CE2,105491,-51.20043653,-109.7469974,8.369186682,5
CE2,105649,-50.7423602,-11.2532181,9.14988451,2
CE2,105650,-50.81135978,-10.16499224,11.46080283,3
CE2,105877,-50.76350602,95.14125792,8.63542311,1
CE2,105931,-50.85357952,138.8413414,8.77264426,2
CE2,105981,-51.23060923,172.6117326,10.7315838,2
CE2,106005,-51.71982264,-169.9513483,9.305799176,2
CE2,106008,-51.53308413,-167.9331661,8.944638821,3
CE2,106045,-51.58258972,-149.2416336,11.82229948,2
CE2,106074,-51.45229286,-130.5412537,8.440792631,2
CE2,106229,-51.58930855,-23.78895087,9.501625034,2
CE2,106258,-51.3621522,-10.07062035,17.80325965,1
CE2,106417,-51.80743376,59.60532598,8.083462468,1
CE2,106455,-51.74356744,68.74072158,8.863023353,1
CE2,106549,-51.83295498,120.662956,8.334291362,2
CE2,106598,-51.23799545,148.7179496,8.676761905,1
CE2,106601,-51.42226572,151.0978907,8.463423778,1
CE2,106610,-51.3848574,159.6405129,12.1049654,3
CE2,106613,-51.48352465,162.9002752,11.69468647,2
CE2,106624,-51.79770758,169.4158678,9.068920879,2
CE2,106647,-52.21404051,-174.8518053,18.60712753,2
CE2,106722,-52.05595167,-122.9138422,8.11456221,2
CE2,106727,-51.96640149,-115.8202218,9.375632874,5
CE2,106760,-51.92640915,-87.90285392,11.61267056,2
CE2,106935,-51.98698968,-5.99591737,18.33329483,2
CE2,107154,-52.05413824,98.1002099,16.0654216,2
CE2,107167,-51.94519787,104.8556644,11.04670931,1
CE2,107170,-52.47348216,106.1277188,8.113176264,2
CE2,107226,-51.99667497,140.9942002,8.101582099,2
CE2,107229,-52.17185795,141.403145,13.87848133,5
CE2,107253,-52.32412874,167.8597147,10.92984653,2
CE2,107320,-52.72306849,-151.8683178,17.73312709,2
CE2,107325,-52.72664072,-148.8051636,11.29887401,2
CE2,107397,-52.87463039,-83.11937872,8.608289539,5
CE2,107511,-52.86098176,-33.31657964,8.324588548,2
CE2,107536,-52.56141746,-16.07601492,8.317593809,2
CE2,107545,-52.87047691,-10.71156277,8.612220374,2
CE2,107674,-52.69328851,44.67687257,8.455169718,1
CE2,107774,-52.2495633,96.90286654,8.504448227,2
CE2,107819,-52.74985309,130.7922056,10.06293234,2
CE2,107837,-52.77543189,149.382485,11.19832182,1
CE2,107841,-52.79564636,158.4018818,9.067687189,2
CE2,108138,-53.18972091,-8.86934483,8.670196756,2
CE2,108157,-53.39772232,6.18002257,8.315339458,2
CE2,108282,-53.23269677,59.37234538,8.156679774,2
CE2,108358,-53.40182514,93.79056024,8.029395474,2
CE2,108422,-53.20444352,145.4070691,10.74585358,2
CE2,108484,-53.79908178,-163.4809756,9.139601214,1
CE2,108975,-53.68454713,130.3999724,20.15564159,2
CE2,109058,-54.20353674,-156.8051474,10.43880361,2
CE2,109064,-54.58926383,-153.1285758,8.419735077,2
CE2,109082,-54.30174272,-137.3822327,16.23896974,2
CE2,109085,-54.52998162,-135.4947949,20.54645901,2
CE2,109107,-54.35734631,-118.0586051,16.36829995,2
CE2,109272,-54.57445136,-13.71671766,8.125203065,2
CE2,109473,-54.60464032,108.1970191,16.5583751,1
CE2,109498,-54.42717402,126.5435045,8.379172978,2
CE2,109564,-54.34130351,179.097834,11.3835491,2
CE2,109605,-55.13411036,-150.4940272,11.77973075,2
CE2,109632,-54.89286509,-131.8005286,13.15339208,2
CE2,109655,-54.85327089,-118.298467,15.15916212,2
CE2,109682,-54.83798845,-86.86869528,9.408989424,2
CE2,109685,-55.29786639,-82.38209833,12.24843605,5
CE2,109753,-54.96516536,-51.43008436,12.23143934,5
CE2,110107,-55.28947068,153.4660353,8.310064605,2
CE2,110124,-55.13916771,164.738561,11.02546993,2
CE2,110181,-55.7729391,-150.1352174,11.79582572,2
CE2,110214,-55.51107914,-131.7110719,14.00640975,2
CE2,110412,-55.84309857,2.84456607,8.645938039,2
CE2,110499,-55.39791821,58.13666344,8.400393428,1
CE2,110543,-55.62502576,85.852508,10.05734711,5
CE2,110595,-55.50495559,137.5024402,18.08878814,2
CE2,110621,-55.48100891,152.6913994,8.984326628,2
CE2,110664,-55.79173435,178.1963858,10.31932996,2
CE2,110665,-55.60781602,179.4654911,8.511214815,5
CE2,110666,-55.66108618,178.7056008,9.985124309,5
CE2,110720,-56.33286276,-144.0157901,10.96105859,3
CE2,110808,-56.15971741,-66.64656864,8.09553081,2
CE2,110877,-56.22098125,-30.33993293,13.14356101,2
CE2,110958,-56.28814943,11.94752133,11.15265924,3
CE2,111057,-56.22589999,84.59618221,17.76620013,1
CE2,111095,-56.13233589,116.8713687,8.659806265,2
CE2,111153,-56.22371396,152.6697725,9.287826853,5
CE2,111189,-55.95057776,169.8602022,11.12047344,2
CE2,111219,-56.57514427,-170.5195457,9.103122645,2
CE2,111271,-56.80996437,-128.8317462,12.74658743,1
CE2,111290,-56.68004959,-114.3269832,8.633467836,2
CE2,111293,-56.89918816,-111.6393504,8.74579446,2
CE2,111336,-56.51065075,-78.9925746,17.2157254,2
CE2,111440,-56.54534999,-30.62501469,14.12686657,3
CE2,111505,-56.64655485,6.94876026,10.76662803,1
CE2,111562,-56.98819934,37.18610377,8.243129329,1
CE2,111743,-56.81642142,173.5397228,13.07455135,2
CE2,111827,-57.28478821,-124.6380953,8.865777107,2
CE2,111910,-56.78520204,-60.78469799,8.067403638,2
CE2,112052,-57.07272358,26.28320131,9.843322845,2
CE2,112213,-57.37923777,147.4940641,8.169107179,1
CE2,112531,-58.01799496,11.09325912,9.813406743,2
CE2,112766,-58.14170003,-163.75721,11.97760242,2
CE2,112802,-58.04557984,-142.0300483,12.17679148,2
CE2,112822,-58.24221836,-114.5983024,9.220561131,2
CE2,112917,-58.27066412,-38.16198639,8.364703371,2
CE2,112997,-58.16711552,12.47738017,9.281936684,2
CE2,113259,-58.62303461,-160.9122907,8.791477955,2
CE2,113353,-59.02150958,-72.24891659,9.249941013,5
CE2,113356,-58.83683669,-67.84882721,13.73939197,2
CE2,113389,-58.58770006,-45.96929424,9.254445889,2
CE2,113480,-58.76044751,22.37954738,13.46970284,1
CE2,113633,-58.97036693,134.3822696,8.582179238,2
CE2,113669,-58.91102745,159.6700041,12.96649971,3
CE2,113684,-58.66549119,170.58372,11.30540777,2
CE2,113798,-59.39240522,-77.5396407,9.219081577,2
CE2,113818,-59.23387135,-61.2192019,12.43689828,2
CE2,113954,-59.23085406,36.19618196,8.68299317,1
CE2,113975,-59.21173835,55.60828321,8.142082842,1
CE2,113977,-59.2489538,57.72182034,9.080806598,5
CE2,114075,-59.25448236,121.9930099,9.090225108,2
CE2,114108,-59.26201986,152.7995338,9.537045598,2
CE2,114136,-59.37738628,177.9014736,12.37982526,2
CE2,114142,-59.63578052,-176.1199276,12.87869313,4
CE2,114445,-59.72956749,138.1699247,10.22763299,2
CE2,114470,-59.70230207,163.7889439,14.69463821,2
CE2,114532,-60.08935478,-109.4186619,10.42668283,5
CE2,114878,-60.71999008,-65.9348473,13.6402385,2
CE2,115108,-61.21518118,-170.3052429,9.234003258,2
CE2,115120,-61.36063731,-152.3382112,10.69684693,2
CE2,115230,-61.03574376,-11.9324991,9.182518697,5
CE2,115316,-61.37665286,82.77362508,10.5753664,1
CE2,115361,-61.44251291,134.5572508,10.01331963,5
CE2,115454,-61.89641695,-127.2362714,10.58181356,2
CE2,115495,-61.51245435,-44.33548089,8.662546064,2
CE2,115705,-61.495101,177.2821581,9.044324926,2
CE2,115913,-62.12018694,57.78473493,13.92524597,1
CE2,115963,-62.20190101,136.6393306,8.919999186,5
CE2,115971,-62.23947037,142.638827,8.022400244,2
CE2,116224,-62.86206555,138.6830719,8.245580659,5
CE2,116452,-62.96233517,67.44605721,9.412325958,2
CE2,116488,-63.16672888,136.69733,10.03870164,2
CE2,116594,-63.49148689,-38.45493247,8.700914761,5
CE2,116928,-63.7700489,33.19790836,11.69442853,2
CE2,116980,-63.87283284,119.7733044,10.5842192,1
CE2,117003,-64.41513787,-179.284335,11.90565926,2
CE2,117017,-64.37222747,-156.1386459,14.64391945,2
CE2,117238,-64.54557991,174.0823612,8.129036426,5
CE2,117240,-64.484248,178.3811974,9.808452553,4
